"Title",my_label
A Machine Learning Approach to Predicting Epidemic Spread in Urban Areas,3
Real-Time Monitoring of Heart Rate Variability Using IoT-Enabled Devices,3
Mathematical Modelling of Cancer Cell Growth Under Chemotherapy,3
Thermal Imaging and AI for Early Detection of Diabetic Foot Ulcers,3
Development of Smart Inhalers with Feedback Systems for Asthma Patients,3
Simulation of Drug Diffusion in Human Tissue Using Finite Element Methods,3
Design of Wearable Sensors for Detecting Early Signs of Parkinson’s Disease,3
Acoustic Signal Processing for Non-Invasive Lung Function Monitoring,3
High-Precision Robotics for Minimally Invasive Neurosurgery,3
Modeling the Dynamics of Virus Transmission Using Agent-Based Simulation,3
Predictive Maintenance of Medical Equipment Using Deep Learning,3
Optimizing Ambulance Routing with Reinforcement Learning Algorithms,3
Biomechanical Analysis of Gait Patterns in Stroke Rehabilitation,3
Control Theory Applications in Insulin Pump Systems for Diabetes,3
Smart Contact Lenses with Embedded Microelectronics for Glucose Monitoring,3
Nanoparticle Delivery Systems Modeled via Molecular Dynamics,3
Mathematical Optimization of Hospital Resource Allocation During Pandemics,3
Development of Bio-Inspired Microrobots for Targeted Drug Delivery,3
AI-Based Diagnostic Models for Dermatological Disease Classification,3
Finite Element Analysis of Skull Implants in Cranial Reconstruction,3
Designing Assistive Exoskeletons Using Kinematic Optimization,3
RFID-Enabled Patient Tracking Systems in Emergency Departments,3
Wireless Body Area Networks for Continuous Health Monitoring,3
Nonlinear Dynamics in Modeling Cardiac Arrhythmias,3
Quantum Sensors for Ultra-Sensitive Detection of Brain Activity,3
Surgical Planning Using 3D Printed Organ Models,3
AI-Driven Prognostic Tools for ICU Patient Survival Rates,3
Cyber-Physical Systems for Automated Medication Dispensing,3
Model Predictive Control in Artificial Pancreas Systems,3
Human-Computer Interaction Models for Mental Health Therapy Applications,3
Big Data Analytics for Epidemiological Studies,3
Multiscale Modeling of Bone Fracture Healing,3
Deep Learning-Based Image Analysis for Tumor Detection,3
Sensor Fusion Techniques for Wearable Health Devices,3
Mathematical Models for Understanding Immune System Responses,3
Simulation of Aerosol Spread in Enclosed Spaces for Infection Control,3
Smartphone-Based Diagnostic Tools for Vision Impairment,3
Hybrid Renewable Energy Systems for Rural Health Clinics,3
Stochastic Models for Analyzing Public Health Interventions,3
Machine Learning for Classifying EEG Signals in Epileptic Patients,3
Computational Fluid Dynamics in Modeling Airflow in Respirators,3
AI-Powered Virtual Therapists for Cognitive Behavioral Therapy,3
Thermodynamic Models of Human Thermoregulation in Medical Textiles,3
Structural Health Monitoring of Medical Infrastructure,3
Bioelectric Signal Processing for Muscle Activity Analysis,3
Design and Analysis of Low-Cost Prosthetic Limbs,3
Mathematical Modeling of Sleep-Wake Cycles,3
Autonomous Drones for Medical Supply Delivery in Remote Areas,3
Statistical Mechanics Models of Cell Membrane Behavior,3
Biomedical Image Segmentation Using Graph Neural Networks,3
Optimizing Dialysis Schedules Using Integer Programming,3
Data-Driven Optimization of COVID-19 Vaccination Campaigns,3
Photonic Biosensors for Detecting Infectious Diseases,3
Ergonomic Design in Medical Device Engineering,3
AI Models for Real-Time Monitoring of Patient Vitals,3
Finite Volume Methods for Simulating Blood Flow in Arteries,3
Neural Network-Based Emotion Recognition from Speech for Mental Health,3
AI-Powered Chatbots for Health Information Dissemination,3
Dynamic Modeling of Respiratory Mechanics in Mechanical Ventilation,3
Simulation-Based Training for Emergency Medical Response Teams,3
Chaos Theory in Analyzing Irregular Heartbeats,3
Smart Bandages with Integrated Sensing and Feedback Mechanisms,3
IoT Systems for Monitoring Indoor Air Quality in Hospitals,3
Optical Coherence Tomography for Retinal Imaging in Diabetics,3
Thermal Analysis of Protective Clothing for Healthcare Workers,3
Magnetic Resonance Elastography for Liver Disease Assessment,3
AI Algorithms for Automatic Detection of Tuberculosis from X-rays,3
Autonomous Robots for Disinfection in Healthcare Facilities,3
Mathematical Modeling of Antibiotic Resistance Spread,3
Remote Sensing for Mapping Disease Vectors in Tropical Regions,3
Digital Twin Models for Personalized Healthcare Monitoring,3
Low-Power Biomedical Circuits for Implantable Devices,3
Machine Learning for Classifying Cardiac Murmurs,3
Blockchain-Based Medical Record Management Systems,3
Design of Energy Harvesting Devices for Health Wearables,3
Neural Decoding for Brain-Machine Interfaces in Prosthetics,3
Simulation of Oxygen Flow in Respiratory Therapy Equipment,3
AI-Based Clinical Decision Support for Emergency Medicine,3
Ultrasound Signal Analysis Using Wavelet Transforms,3
Engineering of Smart Toilets for Early Disease Detection,3
Computational Modeling of Brain Tumor Growth,3
Telemedicine Optimization Through Network Flow Analysis,3
Analysis of Fractal Patterns in Medical Imaging,3
Reinforcement Learning for Robotic Surgery Precision Enhancement,3
Geometric Modeling of Human Organs for Surgical Simulation,3
Cloud-Based Health Monitoring Systems with Edge Computing,3
Simulation of Thermal Comfort in Hospital Wards,3
AI Tools for Monitoring Medication Adherence in Elderly Patients,3
Kinetic Models for Drug Absorption and Metabolism,3
Digital Signal Processing Techniques in ECG Analysis,3
Engineering of Implantable Biosensors for Disease Monitoring,3
Numerical Analysis of Pressure Distribution in Wheelchair Cushions,3
3D Bioprinting of Organs with Simulated Perfusion Networks,3
Modeling the Impact of Urban Design on Public Health Outcomes,3
Electromagnetic Field Modeling for MRI Safety Assessment,3
Algorithmic Approaches to Optimizing Mental Health Chatbot Responses,3
Design of Portable Water Purifiers for Disease Prevention,3
Engineering Soft Robotics for Assisting Physical Rehabilitation,3
Mathematical Modeling of Infectious Disease Thresholds,3
Design of AI Systems for Early Detection of Hearing Loss,3
Simulation of Heat Transfer in Fever-Reducing Medical Devices,3
AI-Powered Mobile Apps for Sleep Quality Monitoring,3
Wireless Charging Systems for Implantable Medical Devices,3
Mathematical Simulation of Pulmonary Airway Resistance,3
Wearable ECG Monitoring Using Flexible Printed Sensors,3
Numerical Modeling of Aerosol Drug Delivery in Human Airways,3
AI-Driven Early Detection of Parkinson's Disease Using Gait Analysis,3
Machine Learning for Predicting Post-Surgery Infection Risks,3
Bioinformatics Analysis of COVID-19 Genomic Variants,3
Development of a Non-Invasive Glucose Monitoring Device,3
Optimization of MRI Imaging Using Compressed Sensing Techniques,3
Neural Network-Based Classification of Skin Lesions,3
Smart Inhalers with IoT Integration for Asthma Management,3
Simulation of Blood Flow Dynamics in Arterial Networks,3
Automated Diagnosis of Diabetic Retinopathy Using CNNs,3
Deep Learning Approach to EEG-Based Epilepsy Detection,3
Design of a Prosthetic Hand with Haptic Feedback Sensors,3
Mathematical Modeling of Cancer Cell Growth Dynamics,3
Application of Finite Element Analysis in Bone Fracture Healing,3
Photonic Biosensors for Rapid Detection of Pathogens,3
Fuzzy Logic-Based Health Monitoring System for the Elderly,3
Thermal Imaging and Computer Vision for Fever Screening,3
Bioprinting of Vascularized Organoids for Drug Testing,3
AI-Assisted Diagnosis of Alzheimer's Disease from Speech Patterns,3
Design of Smart Wheelchair with Brain-Computer Interface,3
Predictive Analytics for Mental Health Crisis Interventions,3
Hybrid Energy Harvesters for Implantable Medical Devices,3
Data-Driven Optimization of Hospital Emergency Response,3
Simulation of Virus Transmission in Indoor Environments,3
Electromagnetic Field Modeling for MRI Safety Assessment,3
Blockchain-Enabled Electronic Health Records,3
Speech Emotion Recognition for Early Mental Health Detection,3
3D Printed Implants with Antibacterial Surfaces,3
Mobile Health Apps for Chronic Disease Management,3
Mathematical Model of Drug Metabolism in the Liver,3
Robotic Exoskeletons for Stroke Rehabilitation,3
Deep Reinforcement Learning for Personalized Medicine,3
Smart Textiles for Continuous Health Monitoring,3
Mathematical Analysis of Vaccine Spread Efficiency,3
Augmented Reality for Surgical Training and Planning,3
Development of a Predictive Model for Cardiac Arrest,3
Biochemical Sensing Using Nanophotonic Devices,3
Design of a Low-Cost Dialysis Machine for Remote Areas,3
Using Graph Theory to Model Neuronal Connectivity in Epilepsy,3
Time Series Analysis of Hospital Admission Data,3
Image Processing Techniques for Tumor Detection in MRI,3
Structural Mechanics of Soft Robotic Surgical Tools,3
Design of Ultra-Sensitive Biosensors for Early Cancer Detection,3
Computational Fluid Dynamics in Lung Ventilation Simulation,3
Wireless Power Transfer for Implanted Devices,3
AI-Powered Virtual Therapists for Cognitive Behavioral Therapy,3
Bayesian Networks for Diagnosis Support Systems,3
Edge AI for Real-Time Monitoring in Elderly Care,3
Mathematical Modeling of Immune System Response,3
Predictive Maintenance of Medical Equipment Using ML,3
Electromagnetic Simulation of Wearable Health Devices,3
Energy Optimization in Remote Health Monitoring Systems,3
Development of a Smart Bandage with Biosensing Capabilities,3
Machine Learning-Based Triage System for Emergency Departments,3
Mechanical Properties of 3D-Printed Bone Substitutes,3
Simulation of Insulin Delivery in Diabetic Patients,3
Modeling the Spread of Antibiotic Resistance Genes,3
AI-Driven Chatbots for Health Information Dissemination,3
Design of a Portable Ultrasound Scanner Using MEMS,3
Forecasting Epidemic Outbreaks Using Agent-Based Models,3
Multiscale Modeling of Brain Tissue Mechanics,3
Application of Chaos Theory in Cardiac Rhythm Analysis,3
Real-Time Emotion Detection from EEG Signals,3
Design of an Autonomous Drone for Medical Supply Delivery,3
Dynamic Modeling of Biomechanical Systems for Rehabilitation,3
Smartphone-Based Blood Pressure Estimation Using PPG,3
Mathematical Modeling of Malaria Transmission,3
Development of a Biosensing Tattoo for Glucose Monitoring,3
Simulation-Based Optimization of Hospital Layouts,3
Use of Genetic Algorithms in Vaccine Development,3
Deep Learning for Lung Disease Classification from CT Scans,3
Digital Twin for Personalized Health Monitoring,3
AI-Based Assessment of Motor Function in Parkinson’s Patients,3
Development of Eco-Friendly Medical Waste Disposal Systems,3
Quantum Machine Learning for Health Data Analysis,3
Design of a Non-Invasive Cancer Screening System,3
Computational Study of Red Blood Cell Deformation,3
Mathematical Framework for Analyzing Mental Health Patterns,3
Biosignal Analysis Using Wavelet Transforms for Seizure Detection,3
Integration of IoT and AI for Infant Health Monitoring,3
Design of a Smart Nebulizer for Pediatric Asthma Care,3
Statistical Analysis of COVID-19 Vaccination Outcomes,3
Modeling the Thermodynamics of Human Metabolism,3
Portable Biomedical Imaging System for Rural Health,3
Development of a Smart Crutch for Gait Analysis,3
Deep Learning for Predicting Chemotherapy Outcomes,3
Computational Modeling of Neurodegenerative Diseases,3
AI-Enhanced Remote Patient Monitoring Platforms,3
Application of Reinforcement Learning in Health Behavior Change,3
Model Predictive Control for Artificial Pancreas Systems,3
Sensor Fusion for Real-Time Health Monitoring Wearables,3
Photovoltaic Powering of Mobile Clinics in Low-Resource Areas,3
Topological Data Analysis for Brain Network Mapping,3
Design of Modular Prosthetics Using Finite Element Modeling,3
Machine Learning Models for Predicting Heart Failure,3
Analysis of Medical Images Using Fractal Geometry,3
Smart Glasses for Visual Assistance in Healthcare,3
AI-Based Monitoring of Postpartum Depression,3
Mathematical Optimization for Hospital Bed Allocation,3
Nanoparticle Transport Modeling in Tumor Microenvironments,3
Wireless Sensor Networks for Epidemic Surveillance,3
AI-Driven Diagnostics in Remote Healthcare Monitoring,3
Nanorobotics for Targeted Drug Delivery in Cancer Therapy,3
Machine Learning Models for Predicting Epidemic Outbreaks,3
Wearable Biosensors for Real-Time Health Monitoring,3
Development of Smart Inhalers Using IoT for Asthma Patients,3
Deep Learning Algorithms for Medical Image Analysis,3
Designing Energy-Efficient MRI Scanners with Superconducting Materials,3
Mathematical Modeling of Pandemic Spread in Urban Areas,3
Photonics-Based Biosensors for Early Disease Detection,3
Engineering Microfluidic Chips for Blood Analysis,3
3D Printed Prosthetics with Integrated Sensor Feedback Systems,3
Quantitative Analysis of ECG Signals using Wavelet Transform,3
Simulation of Viral Transmission in Public Transport Systems,3
Development of Biodegradable Implants for Bone Regeneration,3
Mobile Health Apps and Their Impact on Patient Compliance,3
Mathematical Optimization of Vaccine Distribution Networks,3
Development of Electrochemical Sensors for Glucose Monitoring,3
AI-Powered Chatbots for Mental Health Support,3
Quantum Dot Imaging Techniques for Biomedical Applications,3
Statistical Methods for Analyzing Clinical Trial Data,3
Design of Low-Cost Ventilators Using 3D Printing Technology,3
Biosignal Processing for Seizure Detection in Epileptic Patients,3
Thermal Imaging for Non-Invasive Detection of Infections,3
Simulation of Heart Valve Dynamics Using Finite Element Analysis,3
AI-Assisted Screening for Diabetic Retinopathy,3
Smart Textiles for Continuous Health Monitoring,3
Wireless Power Transfer Systems for Implantable Devices,3
Design of Autonomous Drones for Medical Supply Delivery,3
Modeling of Stress and Cortisol Dynamics in Human Physiology,3
Neural Network Approaches to Predicting Post-Surgical Complications,3
Nanotechnology in Engineering Artificial Organs,3
Digital Twins in Personalized Healthcare Systems,3
Engineering Exoskeletons for Rehabilitation Therapies,3
Remote Sensing for Environmental Health Risk Assessment,3
Optimizing Emergency Response Using Real-Time Data Analytics,3
Computational Fluid Dynamics Models of Pulmonary Airways,3
Development of Lab-on-a-Chip Devices for Rapid Diagnostics,3
Design and Fabrication of Piezoelectric Medical Sensors,3
Mathematical Models of Circadian Rhythm Disruptions,3
Advanced Robotics in Elderly Care Facilities,3
AI Techniques in Genomic Data Interpretation for Rare Diseases,3
Mathematical Modeling of Immune Response to Infections,3
Infrared Thermography for Mass Fever Screening,3
Nonlinear Dynamics in Neuronal Activity Modeling,3
Ultrasound Signal Processing for Fetal Health Monitoring,3
AI-Driven Personal Health Assistants for Chronic Disease Management,3
Computational Modeling of Brain Tumor Growth,3
Magnetically Controlled Nanoparticles for Targeted Therapy,3
Blockchain Applications in Securing Medical Records,3
Sensor Networks for Air Quality Monitoring in Hospitals,3
Bioinformatics Algorithms for Pathogen Identification,3
Designing Smart Wheelchairs Using Embedded Systems,3
Predictive Analytics in Hospital Resource Management,3
AI-Based Early Detection Systems for Alzheimer's Disease,3
Mathematical Simulations of Antibiotic Resistance Evolution,3
Modeling the Spread of Vector-Borne Diseases in Climate Models,3
Development of Personalized Health Recommendation Systems,3
Smart Contact Lenses for Intraocular Pressure Monitoring,3
Simulation of Epidemic Control Strategies in Urban Networks,3
Deep Reinforcement Learning for Robot-Assisted Surgery,3
Acoustic Signal Processing in Hearing Aid Devices,3
Design of Portable Water Purification Systems for Public Health,3
Thermodynamic Analysis of Body Heat Loss in Hypothermia,3
Hybrid AI Models for Predicting Patient Survival Rates,3
Automated Analysis of Histopathological Images,3
Sustainable Materials for Biomedical Device Fabrication,3
Mathematical Analysis of Gene Regulatory Networks,3
Human-Robot Interaction Models in Assistive Technologies,3
Electromagnetic Modeling of MRI Signal Distortions,3
Designing Intelligent Ambulance Dispatch Systems,3
AI-Powered Systems for Monitoring Mental Health Trends,3
Simulation of Hospital Evacuation Scenarios Using Agent-Based Models,3
AI in Early Detection of Autism Spectrum Disorders,3
Control Systems Engineering in Artificial Pancreas Development,3
Advanced Data Analytics for Monitoring Epidemic Trends,3
Wearable ECG Monitors for Predictive Health Analytics,3
Laser-Based Systems for Minimally Invasive Surgery,3
Design and Implementation of Smart Hospital Infrastructure,3
Noninvasive Sensing Techniques for Sleep Apnea Detection,3
Optimizing ICU Workflows with Machine Learning,3
Application of Game Theory in Organ Transplant Allocation,3
Data-Driven Optimization of Mobile Health Units,3
IoT-Enabled Systems for Monitoring Chronic Illnesses,3
Genetic Algorithm-Based Drug Response Prediction Models,3
Fractal Analysis of Biomedical Signals,3
Deep Learning for Predictive Modeling of Stroke Outcomes,3
Mathematical Modelling of Pharmacokinetics in Drug Delivery,3
Smartphone-Based Diagnostic Tools for Underserved Areas,3
Simulation of Biomechanical Properties of Human Organs,3
Predictive Maintenance of Medical Equipment Using ML,3
AI Algorithms for Identifying Risk Factors in Patient Data,3
Development of Biocompatible Nanomaterials for Implants,3
Cognitive Computing for Personalized Mental Health Support,3
Distributed Sensor Systems in Pandemic Surveillance,3
Design and Analysis of Wearable Defibrillators,3
Modeling Fluid Flow in Dialysis Systems,3
Digital Signal Processing for Respiratory Monitoring,3
Cyber-Physical Systems for Real-Time Health Interventions,3
Smartphone Imaging for Dermatological Disease Diagnosis,3
Engineering Smart Crutches with Fall Detection Systems,3
Artificial Intelligence in Population Health Surveillance,3
Simulation Tools for Health Policy Planning,3
Modeling Cardiovascular Flow Using Computational Fluid Dynamics,3
Development of a Wearable Sensor for Real-Time Glucose Monitoring,3
Nanorobotics for Targeted Cancer Drug Delivery,3
Biomechanical Simulation of Spinal Cord Injuries,3
Design of a Photonic Sensor for Rapid Pathogen Detection,3
Neural Network-Based ECG Signal Classification,3
Mathematical Modeling of Epidemic Spread in Urban Populations,3
Artificial Intelligence in Early Detection of Skin Cancer,3
Ultrasound Imaging Enhancement Using Deep Learning Techniques,3
Bio-inspired Robotic Hand for Rehabilitation Therapy,3
Thermodynamic Analysis of Human Metabolism Under Stress,3
3D Bioprinting of Vascularized Tissues for Organ Regeneration,3
Finite Element Analysis of Dental Implant Stress Distribution,3
Quantum Computing Applications in Genomic Data Analysis,3
Design of a Smart Inhaler with IoT Integration for Asthma Patients,3
Nonlinear Dynamics in Heart Rate Variability Analysis,3
Fractal Analysis of Neuronal Networks in Brain Imaging,3
Thermal Control Systems for Neonatal Incubators,3
Remote Patient Monitoring System Using Wireless Sensor Networks,3
Signal Processing Techniques for Seizure Detection,3
Machine Learning for Predicting Outcomes in Stroke Patients,3
Hydrodynamic Simulations of Blood Flow in Aneurysms,3
Design and Optimization of a Prosthetic Knee Joint,3
Application of Graph Theory to Brain Connectivity Analysis,3
Modeling Drug Absorption in the Gastrointestinal Tract,3
Deep Reinforcement Learning for Surgical Robotics,3
Analysis of MRI Data Using Tensor Decomposition Methods,3
Biomechanics of Gait in Parkinson’s Disease Patients,3
Development of a UV-C Robot for Hospital Sterilization,3
High-Frequency Signal Analysis in Cochlear Implants,3
Mathematical Models of Immune Response to Vaccination,3
Design of a Portable Dialysis System Using Microfluidics,3
Predictive Modeling of Mental Health Disorders with AI,3
Structural Optimization of Exoskeletons for Mobility Assistance,3
Simulation of Neural Spike Trains for Brain-Machine Interfaces,3
Design and Testing of a Bionic Eye Prototype,3
Modeling the Pharmacokinetics of Antibiotics in ICU Patients,3
Electromagnetic Field Exposure in MRI Safety Analysis,3
Surgical Planning with 3D Reconstruction of CT Scans,3
Use of Lattice Boltzmann Methods in Pulmonary Airflow Simulation,3
Reinforcement Learning for Personalized Medicine Dosage,3
Stochastic Modeling of Cancer Cell Mutations,3
Engineering a Closed-Loop Insulin Delivery System,3
Heat Transfer Analysis in Cryosurgery Applications,3
Development of a Haptic Feedback System for Tactile Training,3
AI-Driven Diagnostics in Ophthalmology Imaging,3
Application of Chaos Theory in Cardiac Arrhythmia Detection,3
Design of a Smart Pill for In Vivo Diagnostics,3
Modeling the Impact of Noise Pollution on Mental Health,3
Topological Data Analysis of EEG Signals,3
Robust Control Algorithms for Robotic Surgery Systems,3
Simulating Bone Fracture Healing Using Agent-Based Models,3
Neural Decoding for Brain-Controlled Wheelchairs,3
Engineering Biodegradable Polymers for Drug Delivery,3
Virtual Reality Rehabilitation for Stroke Patients,3
Bayesian Inference in Medical Image Segmentation,3
Design of a Thermal Sensor for Fever Detection,3
Modeling of Inflammatory Pathways in Autoimmune Diseases,3
Geometric Morphometrics in Craniofacial Surgery Planning,3
Laser Ablation Dynamics in Cancer Treatment,3
Cloud-Based Health Monitoring Systems for Rural Areas,3
Design of a Motion Tracking Glove for Physical Therapy,3
Machine Vision for Diabetic Retinopathy Screening,3
Computational Modeling of Synaptic Plasticity,3
Development of a Noninvasive Blood Pressure Monitor,3
Simulation of Microbial Dynamics in Gut Health,3
Quantum Sensors for Medical Imaging Enhancement,3
Design of a Smart Bandage with Real-Time pH Sensing,3
Deep Learning for Predicting Disease Progression from EHRs,3
Fluid-Structure Interaction in Arterial Wall Modeling,3
Artificial Skin with Embedded Microfluidic Channels,3
Optimization of Ventilator Performance in ICUs,3
Kinematic Analysis of Rehabilitation Exercises,3
Thermodynamics of Protein Folding in Neurodegenerative Diseases,3
Statistical Mechanics Approach to Virus Propagation,3
IoT-Based Fall Detection System for Elderly Care,3
Design of Bioelectronic Devices for Chronic Pain Management,3
Ultrafast Laser-Tissue Interaction Modeling for Surgery,3
Neuro-Fuzzy Systems for Depression Diagnosis,3
Simulation of T-Cell Receptor Binding Dynamics,3
Mathematical Optimization in Health Resource Allocation,3
3D Motion Capture Analysis in Athletic Injury Prevention,3
Engineering Microbiome Therapies Using CRISPR,3
AI-Based Assessment of Motor Function in Children,3
Thermal Imaging for Fever Screening in Public Spaces,3
Control Theory in Artificial Heart Regulation,3
Computational Approaches to Personalized Cancer Therapy,3
Soft Robotics for Assistive Living Devices,3
Modeling Oxidative Stress in Aging Cells,3
Design of an Augmented Reality Tool for Medical Training,3
Bioinformatics Algorithms for Disease Gene Prediction,3
Machine Learning for Sleep Apnea Detection,3
Finite Element Modeling of Skull Impact for Concussion Studies,3
Development of a Smart Patch for Wound Monitoring,3
Simulation of Hormone Diffusion in Endocrine Systems,3
Predictive Analytics in Pandemic Preparedness,3
Design of a Smart Nebulizer for Pediatric Use,3
Mathematical Models of Nutrient Transport in Tissues,3
AI-Powered Chatbots for Mental Health Support,3
Modeling the Spread of Zoonotic Diseases in Ecosystems,3
Laser-Based Glucose Monitoring Technologies,3
Dynamic Modeling of Human-Exosuit Interaction,3
Design of a Smart Helmet for Injury Prevention,3
Simulation of Respiratory Patterns Under Stress,3
A Simulation-Based Approach to Enhancing Problem Solving in Physics Education,4
Machine Learning for Predicting Student Dropout Rates in Online Courses,4
Integrating Augmented Reality in Engineering Mechanics Education,4
Adaptive Learning Systems in Mathematics Education Using Neural Networks,4
Gamified Learning Platforms for Teaching Thermodynamics,4
Evaluating the Impact of Flipped Classrooms in Electrical Engineering Courses,4
Optimizing Group Work in STEM Education Using Graph Theory,4
Virtual Labs for Enhancing Circuit Design Education,4
Analysis of Cognitive Load in Engineering Simulations for Learning,4
Intelligent Tutoring Systems for Calculus Instruction,4
Using Fuzzy Logic to Assess Student Learning Outcomes,4
AI-Powered Feedback Systems in Computer Science Education,4
Collaborative Coding Environments for Software Engineering Students,4
Interactive Simulations to Teach Quantum Physics Concepts,4
Neural Networks for Assessing Student Engagement in Online Learning,4
Robotics-Based Learning Activities in High School Physics Curricula,4
Improving Numerical Methods Education with Visual Analytics Tools,4
A Blockchain Framework for Academic Credential Verification,4
Modeling Student Learning Behavior in Adaptive Learning Systems,4
Project-Based Learning in Renewable Energy Engineering Courses,4
Design and Evaluation of Serious Games for Statistics Education,4
Digital Twins for Real-Time Feedback in Engineering Education,4
Cloud-Based Simulation Tools for Distance Learning in Fluid Dynamics,4
Mathematical Modeling in Education Policy Decision-Making,4
Interactive Problem Solvers for Teaching Differential Equations,4
Physics-Based Game Design for Conceptual Learning,4
A Bayesian Network Approach to Predicting Academic Success,4
Data-Driven Personalization of Learning Content in STEM Courses,4
Augmented Reality Tools for Visualizing Abstract Mathematical Concepts,4
Using Internet of Things Projects to Foster Engineering Skills,4
Evaluation of Virtual Reality Modules in Mechanics Education,4
Development of Open Source Platforms for Computational Science Education,4
AI for Real-Time Assessment in Programming Courses,4
Simulated Environments for Teaching Urban Planning in Engineering,4
Mathematics Remediation Tools Using AI Tutors,4
Interactive Circuit Simulators for Electrical Engineering Education,4
Spatiotemporal Analysis of Student Learning Patterns in Online Courses,4
Developing Concept Inventories for Thermodynamics Assessment,4
AI-Based Career Recommendation Systems for STEM Students,4
Computational Thinking as a Pedagogical Tool in Physics Education,4
Real-Time Data Dashboards for Monitoring Academic Performance,4
The Use of Chatbots for Tutoring in Engineering Mathematics,4
Digital Notebooks for Collaborative Learning in Fluid Mechanics,4
Teaching Ethics in AI and Robotics Through Simulation-Based Scenarios,4
Optimizing STEM Curriculum Design Using Integer Programming,4
Mathematical Models for Designing Equitable Assessment Policies,4
Evaluating the Effectiveness of Coding Bootcamps Using Statistical Methods,4
Physics Labs in the Cloud: A New Paradigm for Remote Learning,4
Modeling the Effectiveness of Peer Instruction in Engineering Classes,4
Interactive 3D Models for Teaching Structural Mechanics,4
An Agent-Based Model of Motivation in Online Education,4
AI-Driven Personalized Learning Environments in Calculus Courses,4
Educational Data Mining for Continuous Curriculum Improvement,4
Using Control Systems Concepts to Teach Logical Thinking,4
Learning Analytics for Real-Time Decision-Making in Classrooms,4
Kinematic Simulations for Teaching Motion in Physics,4
Designing Curriculum for Interdisciplinary STEM Education Using Systems Thinking,4
Interactive Tools for Teaching Linear Algebra Concepts,4
Designing Engineering Challenges to Foster Creative Problem Solving,4
Evaluating Student Learning Trajectories with Markov Models,4
Teaching Scientific Computing Through Open Data Projects,4
The Role of Feedback Loops in Self-Regulated Learning Models,4
Creating Mathematical Storytelling Tools for Primary Education,4
Simulation-Based Tools for Enhancing Spatial Skills in Engineering,4
AI-Powered Writing Assistants for Technical Report Writing Courses,4
Teaching Engineering Design Using CAD-Based Interactive Platforms,4
Agent-Based Simulation for Collaborative Learning Scenarios,4
Analyzing the Impact of Learning Styles on Engineering Performance,4
Using Mathematical Logic to Teach Algorithmic Thinking,4
Computational Geometry in Curriculum Design for Design Thinking,4
Predictive Modeling for Academic Advising Systems,4
Augmented Simulation for Laboratory Skill Training,4
Adaptive Quiz Generators Using Natural Language Processing,4
Immersive Learning Environments for Space Physics Education,4
Applying Game Theory to Enhance Peer Review in Education,4
Simulating Engineering Team Dynamics for Management Education,4
AI-Based Plagiarism Detection Tools for Academic Integrity,4
Remote Experimentation Platforms for Undergraduate Labs,4
STEM Learning Path Optimization Through Reinforcement Learning,4
Mathematical Reasoning Tools for Primary and Secondary Education,4
Impact Analysis of Online Discussion Forums on STEM Learning,4
Engineering Drawing Automation for Teaching CAD Skills,4
Multi-Agent Systems in Peer Learning Support Applications,4
Assessment of Conceptual Change Through Interactive Physics Apps,4
Teaching Renewable Energy Concepts with Physical Prototyping Tools,4
Interactive Whiteboards in Engineering Mathematics Classrooms,4
Learning from Mistakes: A Statistical Model for Concept Reinforcement,4
AI Tools for Analyzing Student Reflections in Capstone Projects,4
Teaching Systems Engineering through Multidisciplinary Simulations,4
Modeling Educational Game Progression with Finite State Machines,4
Physics Simulators for Conceptual Change in Electromagnetism,4
Formative Assessment Tools Based on Learning Analytics Dashboards,4
Spatial Reasoning Training in Early STEM Education,4
Computational Tools for Visualization in Multivariable Calculus,4
Teaching Control Systems through Interactive Robotics Projects,4
Simulating Engineering Project Timelines for Project Management Education,4
Multimodal Learning Analytics for Inclusive Education Strategies,4
Teaching Ethics in Data Science with Case-Based Simulations,4
AI-Assisted Tools for Teaching Scientific Writing,4
Data Visualization Projects to Teach Statistical Inference,4
Cognitive Modeling for Understanding Conceptual Change in Mechanics,4
Simulations of Collaborative Behavior in Engineering Teams,4
Mathematical Games for Teaching Probability Concepts,4
AI Tutors for Personalized STEM Education in Rural Schools,4
Augmented Reality in Engineering Mechanics Education,4
Gamified Learning Platforms for Physics Education,4
Using Machine Learning to Predict Student Dropout Risks,4
Development of a Virtual Laboratory for Thermodynamics,4
Adaptive Learning Systems for Inclusive Mathematics Education,4
Data-Driven Insights for Curriculum Development in Engineering,4
Simulation-Based Learning Environments for Civil Engineering,4
Fuzzy Logic Approaches for Student Performance Evaluation,4
Intelligent Learning Analytics Dashboards for Teachers,4
Teaching Renewable Energy Concepts Using IoT Experiments,4
Mathematical Modeling for Optimizing Learning Outcomes,4
Virtual Reality Simulations for Electromagnetism Education,4
Development of a Smart Grading System for University Courses,4
Predictive Models for Identifying At-Risk Students,4
Evaluating the Impact of Robotics-Based Learning in High Schools,4
Natural Language Processing Tools for Essay Assessment,4
Design of AI-Powered Virtual Teaching Assistants,4
Using Neural Networks to Classify Student Learning Styles,4
Interactive 3D Models to Teach Structural Engineering,4
Blockchain Credentials for Lifelong Learning Validation,4
Machine Vision Systems for Remote Physics Labs,4
AI-Driven Career Path Recommendations for Engineering Students,4
Smartphone Apps to Enhance Learning in Remote Areas,4
Cloud-Based Learning Management Systems for STEM Fields,4
Quantum Computing Concepts in Undergraduate Education,4
Emotion Recognition Systems to Enhance Online Learning,4
Digital Twins in Engineering Education Simulations,4
Optimization of Class Schedules Using Genetic Algorithms,4
Data Mining in Educational Data for Institutional Improvement,4
Using Chatbots to Support Engineering Education,4
Deep Learning Models for Automatic Question Generation,4
Web-Based Simulators for Teaching Control Systems,4
AI Tools to Enhance Feedback in Peer-Assessed Projects,4
Design Thinking in Engineering Education Curricula,4
Learning Pathway Personalization Using Reinforcement Learning,4
Gamified Mobile Apps for Learning Linear Algebra,4
Multimodal Interaction Interfaces for Inclusive Education,4
Real-Time Feedback Systems in Laboratory Teaching,4
Smart Classrooms with IoT Integration for STEM Education,4
Open Educational Resources for Engineering Skills Development,4
Modeling Student Engagement with Bayesian Networks,4
Comparing Online and In-Person Modalities in Physics Labs,4
Developing STEM Interest with DIY Electronics Kits,4
Simulation Tools for Teaching Fluid Dynamics,4
Predictive Analytics for University Admissions Processes,4
AI-Based Evaluation of Group Project Contributions,4
Teaching Statistical Thinking with Real-Time Data Streams,4
Creating Accessible Learning Environments Using Assistive Tech,4
Hybrid Reality Systems for Teaching Construction Engineering,4
Digital Assessment Tools for Mathematics Proficiency,4
Knowledge Tracing Algorithms in Learning Platforms,4
Impact of AI on Equity in Engineering Education,4
Modeling of Concept Retention in Technical Courses,4
Design of Mobile Labs for Engineering Field Education,4
Gamification Strategies for Teaching Environmental Engineering,4
Sensor-Based Feedback for Improving Hands-On Learning,4
AI-Powered Writing Assistants in Academic Learning,4
Evaluating Learning Efficiency in Virtual STEM Classrooms,4
Using Edge Computing to Support Offline Learning Scenarios,4
Interactive Simulations for Teaching Thermofluid Concepts,4
Augmented Feedback in Programming Education Environments,4
Using AI to Automate Rubric-Based Grading,4
Teaching Logic and Reasoning with Visual Programming Tools,4
AI-Driven Adaptive Testing in Mathematics,4
Analysis of Learning Behaviors in Flipped Classrooms,4
VR-Enhanced Teaching of Electromagnetic Fields,4
Design and Assessment of Online Engineering Labs,4
Engineering Ethics Education Through Scenario Simulations,4
Data-Driven Strategies for Improving Course Design,4
Distributed Learning Platforms for Remote Education Access,4
Physics Concept Visualization with Interactive Simulators,4
Using IoT Data for Project-Based Learning in Engineering,4
Improving Engineering Teamwork Through Online Collaboration Tools,4
AI-Powered Feedback Systems for Technical Writing,4
Predictive Models for MOOC Completion Rates,4
Mobile-Based Learning in Underserved STEM Communities,4
Machine Learning for Profiling Learning Trajectories,4
Open Source Platforms for Collaborative Engineering Education,4
Digital Storytelling in Teaching Scientific Concepts,4
3D Printing in Engineering Design Education,4
AI-Enhanced Peer Review Systems in Online Courses,4
Smart Wearables for Educational Engagement Monitoring,4
Game-Theoretic Models in Collaborative Learning Environments,4
Simulation of Ethical Dilemmas in Engineering Education,4
Data Analytics in Monitoring STEM Education Equity,4
Using Virtual Labs for Teaching Materials Science,4
Enhancing Conceptual Understanding in Physics Using AR,4
Machine Learning-Based Curriculum Personalization,4
Digital Portfolios for Student Competency Tracking,4
Online Laboratories for Teaching Control Engineering,4
Mathematical Analysis of Adaptive Learning Algorithms,4
Sensor-Driven Student Behavior Analysis in Classrooms,4
Reinforcement Learning in Intelligent Tutoring Systems,4
Development of Haptic Feedback Systems for Online Labs,4
Interactive Notebooks in Data Science Education,4
Evaluating Student Attention via EEG in Virtual Classes,4
NLP Tools to Support Language Learning in STEM Education,4
Virtual Experiments for Teaching Quantum Mechanics,4
AI Applications for Equitable Education Assessment,4
Physics Simulators with Integrated Real-Time Feedback,4
Gamification Strategies to Enhance STEM Learning in High Schools,4
Virtual Laboratories for Remote Engineering Education,4
Machine Learning Models to Predict Student Dropout Risk,4
Mathematical Optimization of Timetabling in University Schedules,4
Augmented Reality Applications for Physics Education,4
Adaptive Learning Systems for Mathematics Education Using AI,4
Blockchain for Verifiable Academic Credentialing,4
Design and Evaluation of an Online Platform for Peer Tutoring,4
Analysis of Gender Disparities in STEM Education Using Statistical Methods,4
Teaching Differential Equations Through Real-World Simulations,4
Intelligent Tutoring Systems for Personalized Science Learning,4
Impact of Online Learning Environments on Student Engagement,4
Neural Network-Based Grading of Engineering Design Projects,4
3D Printing for Hands-On Learning in Engineering Curricula,4
Cognitive Load Theory in Designing Engineering Course Materials,4
Project-Based Learning in Control Systems Engineering,4
Robotics as a Tool for Enhancing Primary School Math Education,4
Evaluating the Effectiveness of Flipped Classrooms in Physics,4
Predictive Analytics of Student Success in Online Learning Platforms,4
Digital Twins in Engineering Education Simulations,4
Using Computational Thinking to Teach Problem Solving in Schools,4
Virtual Reality for Experiential Learning in Environmental Science,4
Design and Assessment of a Serious Game for Electromagnetics Education,4
Numerical Methods for Enhancing Student Understanding of Heat Transfer,4
Chatbot Tutors for Introductory Programming Courses,4
Simulation Tools to Support Conceptual Learning in Thermodynamics,4
Peer-Assisted Learning in Undergraduate Physics Labs,4
Ethics in Artificial Intelligence Curriculum Design,4
Bayesian Models to Assess Learning Outcomes in Statistics Education,4
Incorporating Systems Thinking into Engineering Design Courses,4
Text Mining of Student Feedback to Improve Curriculum Design,4
AI-Powered Feedback Tools for Real-Time Learning Assessment,4
Design and Evaluation of a MOOC on Computational Fluid Dynamics,4
Strategies for Reducing Math Anxiety in High School Students,4
Fuzzy Logic for Evaluating Soft Skills in Engineering Education,4
Collaborative Learning Analytics for Online STEM Courses,4
Natural Language Processing for Automatic Essay Scoring,4
Development of a Simulator for Teaching Electrical Circuits,4
Hybrid Learning Models in Engineering Education Post-COVID,4
Mathematical Models for Scheduling Collaborative Student Projects,4
Teaching Linear Algebra Using Visualization Software,4
STEM Education Outreach Using Low-Cost Arduino Kits,4
Effectiveness of Inquiry-Based Learning in Thermodynamics,4
Improving Equity in Engineering Education Through Data Analysis,4
Designing an AI Curriculum for High School Students,4
Assessment of Computational Thinking Skills in Pre-University Students,4
Educational Robotics to Teach Logical Reasoning in Primary Education,4
Pedagogical Use of Simulations for Teaching Quantum Mechanics,4
Use of Mobile Apps to Support Learning in Statistics Courses,4
Culturally Responsive Teaching in Mathematics Education,4
Optimizing Group Formation Algorithms for Collaborative Learning,4
Machine Learning to Detect Learning Styles in Online Courses,4
Agent-Based Modeling of Classroom Interactions,4
Teaching Physics Through Real-Time Data Acquisition Systems,4
Mathematics Education for Sustainability: A Model-Based Approach,4
Implementing Scratch Programming in Early Childhood Education,4
Development of a Rubric for Engineering Ethics Assessment,4
Augmenting Laboratory Work with AR in Chemistry Education,4
Learning Analytics Dashboards for Educators in Physics Courses,4
Simulating Group Dynamics for Collaborative Learning Assessment,4
Neuroscience-Informed Approaches to Teaching Math,4
Algorithm Design Projects to Foster Computational Thinking,4
Development of a Smart Classroom Monitoring System,4
AI-Based Course Recommendation Systems for University Students,4
Modeling Learning Progressions in High School Calculus,4
Designing a Curriculum for Renewable Energy Education,4
Big Data in Educational Policy Design for Equity,4
Statistical Evaluation of Curriculum Interventions in STEM,4
Teaching Nanotechnology Concepts Using Interactive Simulations,4
Virtual Whiteboards to Support Synchronous Math Instruction,4
Network Analysis of Student Interaction in Online Forums,4
Adaptive Quizzing Systems for Engineering Mechanics,4
Implementation of Quantum Computing in Undergraduate Courses,4
Educational Game Design for Teaching Thermodynamics,4
Impact of Socioeconomic Factors on Access to STEM Education,4
Teaching Algebra with Game-Based Learning Tools,4
Educational Data Mining for Identifying At-Risk Students,4
Remote Laboratories for Engineering Education Using IoT,4
Machine Vision Systems in Technical Drawing Instruction,4
Integrating Sustainable Development in Engineering Curricula,4
3D Simulation Tools for Teaching Electromagnetic Fields,4
Mathematical Games for Enhancing Problem Solving Skills,4
Peer Feedback Systems for Writing Assignments in Engineering,4
Physics Concept Learning Through Haptic Feedback Devices,4
Gamified Assessment Tools for Digital Classrooms,4
Mobile Learning Tools for Teaching Linear Programming,4
Using Monte Carlo Simulations in Teaching Probability,4
Web-Based Simulation Tools for Control Theory Courses,4
Engineering Math Support Systems for Underprepared Students,4
Design of Interactive Notebooks for Fluid Mechanics,4
AI-Powered Question Generation for Physics Education,4
Evaluation of Learning Management Systems in Technical Colleges,4
Using Logic Programming to Teach Algorithm Design,4
Mathematical Reasoning Assessment Using Visual Analytics,4
STEM Career Readiness Using Predictive Modeling,4
Engineering Ethics Case Studies Enhanced by AI Scenarios,4
Learning Through Making: A Model for Engineering Workshops,4
Computer Vision to Analyze Whiteboard Usage in Classrooms,4
Teaching the Mathematics of Climate Models,4
AR-Based Visualization of Electric Field Lines in Classrooms,4
Evaluating Conceptual Understanding in Calculus with Simulations,4
Design and Implementation of Physics E-Books with Simulations,4
Modeling Groundwater Contamination Using Finite Difference Methods,6
Solar-Powered Ultrafiltration Systems for Rural Water Purification,6
AI-Based Leak Detection in Urban Water Distribution Networks,6
Nanomaterial-Enhanced Membranes for Desalination Processes,6
Mathematical Optimization of Water Resource Allocation in Agriculture,6
Photocatalytic Degradation of Pharmaceuticals in Wastewater Using TiO2,6
Using CFD to Model Flow Dynamics in Water Treatment Reactors,6
Smart Irrigation Systems Using Fuzzy Logic Controllers,6
Simulation of Flood Events in Urban Drainage Systems,6
Machine Learning for Classifying Water Quality Based on Sensor Data,6
Modeling Adsorption Kinetics of Heavy Metals in Water Treatment,6
Wavelet Analysis of River Flow Patterns for Flood Prediction,6
AI-Driven Forecasting of Reservoir Water Levels,6
Design of Autonomous Robots for Water Pipeline Inspection,6
Mathematical Models for Predicting Aquifer Recharge Rates,6
Use of IoT Sensors in Monitoring River Contamination Events,6
Optimizing UV Reactor Design for Water Disinfection,6
Stochastic Models of Rainfall-Runoff Processes,6
Analysis of Sediment Transport Using Lagrangian Particle Tracking,6
Renewable Energy Integration in Off-Grid Water Treatment Units,6
Numerical Simulation of Hydraulic Jump in Open Channel Flow,6
AI-Based Water Demand Prediction for Urban Planning,6
Modeling the Spread of Waterborne Diseases in Contaminated Systems,6
Optimization Algorithms for Wastewater Treatment Scheduling,6
Microbial Fuel Cells for Simultaneous Wastewater Treatment and Power Generation,6
Remote Sensing Techniques for Mapping Groundwater Quality,6
Mathematical Analysis of Flow in Porous Media for Filtration Systems,6
Hybrid Solar-Electrochemical Systems for Arsenic Removal from Groundwater,6
Predictive Maintenance Models for Water Infrastructure,6
Design of Low-Cost Sensors for Real-Time Water Quality Monitoring,6
Numerical Modeling of Sludge Settling in Clarifiers,6
Simulation of Multi-Stage Water Purification Systems,6
AI-Assisted Classification of Contaminants in Water Samples,6
Statistical Analysis of Household Water Consumption Patterns,6
Modeling Biodegradation of Organic Compounds in Water Systems,6
Green Infrastructure Design for Stormwater Management Using Hydrologic Models,6
Computational Design of Filters for Nanoparticle Removal,6
Fuzzy Inference Systems for Water Quality Assessment,6
Biochar-Enhanced Filters for Heavy Metal Removal,6
Optimization of Membrane Cleaning Cycles in Reverse Osmosis Systems,6
Spectral Analysis of Turbidity Variations in Rivers,6
Simulation of Contaminant Transport in Karst Aquifers,6
Sensor Fusion Algorithms for Distributed Water Quality Monitoring,6
Mathematical Modeling of Algae Growth in Reservoirs,6
Control Systems for Automated Water Distribution Networks,6
Thermal Desalination Modeling Using Phase Change Materials,6
Numerical Investigation of Erosion in Irrigation Channels,6
AI-Powered Decision Support for Emergency Water Management,6
Modeling the Impact of Climate Change on Water Availability,6
Evaluating the Efficacy of Constructed Wetlands via Process Modeling,6
Electrocoagulation Simulation for Industrial Wastewater Treatment,6
Kinetic Modeling of Disinfection By-Product Formation,6
Design and Analysis of Rainwater Harvesting Systems,6
Using Machine Learning to Classify River Pollution Sources,6
Analysis of Hydraulic Retention Time in Treatment Systems,6
Monte Carlo Simulation for Risk Assessment in Water Supply Systems,6
Wireless Sensor Networks for Real-Time Flood Monitoring,6
GIS-Based Modeling of Watershed Hydrology,6
Nanofluid Simulation for Enhanced Thermal Desalination,6
AI Models for Predicting Contaminant Plume Movement,6
Energy Efficiency Optimization in Wastewater Treatment Plants,6
Remote Monitoring of Coastal Water Salinity with AI Algorithms,6
Use of Decision Trees in Modeling Water Treatment Efficiency,6
Neural Network-Based Forecasting of Water Table Fluctuations,6
Hybrid AI Models for Predicting River Flow Discharge,6
Mathematical Modeling of Activated Sludge Processes,6
Simulating Turbulent Flow in Water Pipes Using RANS Equations,6
AI-Assisted Design of Greywater Recycling Systems,6
Predictive Analytics for Detecting Anomalies in Water Use,6
CFD Modeling of Flow Distribution in Filtration Units,6
Multi-Criteria Decision Analysis for Selecting Water Treatment Technologies,6
Physics-Based Modeling of Ice Formation in Water Supply Lines,6
Optimization of Electrochemical Sensors for pH Detection,6
Numerical Methods for Modeling Climate-Water Interactions,6
Finite Element Modeling of Flow Through Soil for Infiltration Studies,6
Intelligent Control Systems for Smart Water Grids,6
Time Series Analysis for Long-Term Water Demand Forecasting,6
Reactive Transport Modeling in Subsurface Water Flow,6
Solar Distillation Systems Enhanced by PCM-Based Storage,6
Data-Driven Modeling of Industrial Wastewater Characteristics,6
Bayesian Networks for Assessing Water Treatment Reliability,6
Inverse Modeling for Identifying Pollution Sources in Rivers,6
Coupled Surface-Subsurface Water Flow Simulation,6
Sustainable Water Management in Smart Cities Using AI Tools,6
Machine Learning Models for Predicting Nitrate Levels in Groundwater,6
Geostatistical Modeling of Water Quality Across Agricultural Zones,6
Design of Turbulence-Induced Mixers in Water Reactors,6
Rainwater Quality Assessment Using Spectrophotometric Analysis,6
Optimizing Energy-Water Nexus in Industrial Systems,6
Evaluation of Sensor Accuracy in Water Monitoring Networks,6
3D Modeling of Water Distribution in Agricultural Fields,6
Simulation of Free Surface Flow in Irrigation Canals,6
Dynamic Modeling of Water Treatment Plant Operations,6
Remote Sensing for Identifying Illegal Water Discharge,6
Neural Network-Based Prediction of Waterborne Pathogen Levels,6
Probabilistic Models for Evaluating Water Infrastructure Resilience,6
Comparative Simulation of UV vs Ozone Disinfection Methods,6
Monitoring Microplastics in Water Using AI Classification Techniques,6
Water Resource Planning Using Game Theory,6
Simulation-Based Risk Assessment of Drinking Water Safety,6
AI Tools for Tracking Global Freshwater Scarcity,6
Multiphysics Modeling of Filtration Membranes,6
Computational Design of Gravity-Fed Water Supply Systems,6
Hydraulic Simulation of Emergency Water Distribution Scenarios,6
Fuzzy Multi-Objective Optimization of Rural Sanitation Systems,6
Smart Scheduling Algorithms for Adaptive Learning Timetables,4
AI-Powered Tools for Formative Feedback in STEM Education,4
Developing Virtual Physics Labs with Real-Time Interaction,4
AI-Based Literacy Enhancement for Multilingual Classrooms,4
STEM Mentoring Platforms Using Social Network Analysis,4
Virtual Reality Simulations for Engineering Design Courses,4
Evaluation of Digital Pedagogy in Higher Education,4
Crowdsourced Content Curation in Online Learning Platforms,4
Real-Time Learning Analytics for Classroom Interventions,4
Development of Smart Board Tools for Collaborative Learning,4
Emotion-Aware Learning Assistants in Educational Games,4
Comparative Evaluation of Coding Bootcamps and Traditional Degrees,4
AI Models for Measuring Concept Drift in Student Knowledge,4
Blockchain-Enabled Peer-to-Peer Learning Credentialing,4
Using Sensor Data to Analyze Learning Posture and Focus,4
Remote Control Labs for Teaching Control Systems Engineering,4
Applying Big Data Techniques in Educational Research,4
Voice-Activated Learning Environments for Special Education,4
Cross-Disciplinary Learning Platforms Using AI Agents,4
AR-Based Geometry Exploration for Secondary Education,4
Cyber-Physical Systems for Interactive Learning Environments,4
Developing a Digital Twin for Engineering Education Labs,4
IoT-Based Real-Time Lab Monitoring for Student Safety,4
Semantic Web Applications in Educational Resource Discovery,4
Creating Interactive Lecture Notes with Embedded Simulations,4
Evaluation of Chatbot Tutors in Mathematics Instruction,4
AI-Based Dynamic Curriculum Mapping and Optimization,4
Facial Expression Analysis for Engagement Tracking in Class,4
Real-Time Programming Debuggers with AI Tutor Assistance,4
Simulating Lab Environments Using Digital Game Engines,4
Machine Learning-Enhanced Adaptive E-Books for Physics,4
Online Peer Tutoring Platforms Powered by Reinforcement Learning,4
Virtual Reality-Based Language Immersion Systems,4
Analysis of Learning Trajectories Using Clustering Techniques,4
AI-Assisted Visual Proof Systems in Geometry Learning,4
Modeling Peer Influence in Group Learning Dynamics,4
Designing Gamified Learning Dashboards for Motivation,4
Smart Campus Systems for Educational Process Optimization,4
Automated Generation of Practice Questions from Lectures,4
Cognitive Modeling for Personalized Learning Pace Adjustment,4
Monitoring Instructor Speech Patterns for Effective Teaching,4
Simulating Educational Policy Impacts with System Dynamics,4
Recommender Systems for Educational Video Content,4
Speech Synthesis for Pronunciation Training in Language Apps,4
Developing Physics Puzzles Using Machine-Generated Scenarios,4
Predicting Learning Disabilities with AI-Based Early Detection,4
Digital Twins of Classrooms for Environment Optimization,4
Computer Vision for Tracking Whiteboard Usage Patterns,4
Developing a Knowledge Repository with Linked Open Data,4
Educational Podcast Indexing and Personalization with NLP,4
Designing Secure Online Testing Platforms Using Cryptography,4
Deep Learning for Interpreting Sketches in Engineering Exams,4
Simulating Collaborative Problem Solving in Engineering Labs,4
Multimodal Emotion Detection to Personalize E-Learning,4
Automated Translation Tools for Multilingual STEM Resources,4
Design of Energy-Efficient Learning Devices for Off-Grid Schools,4
Integrating Physics Simulations into Learning Management Systems,4
Ontology-Based Classification of Learning Resources,4
Frameworks for AI Ethics Education in Technical Courses,4
Personalized Flashcard Systems Using Knowledge Tracing,4
Visualization of Math Concepts Through Motion Tracking,4
Monitoring Learning Patterns in Game-Based Environments,4
Designing a Smart Feedback System for Coding Assignments,4
Applying Federated Learning to Educational Data Privacy,4
Comparative Impact Analysis of Different STEM Pedagogies,4
Creating Inquiry-Based Learning Scenarios Using NLP,4
Analyzing Gender Bias in STEM Education Data Sets,4
Reinforcement Learning for Automated Concept Reinforcement,4
Context-Aware Learning Systems Using Wearable Sensors,4
AI-Powered Tools for STEM Teacher Professional Development,4
Engineering Ethics Education Using Virtual Debate Platforms,4
Visual Programming Environments for Young Learners,4
Automatic Lecture Summarization with AI Notetakers,4
Mobile-Based Microlearning Modules for Technical Topics,4
NLP-Driven Question Answering Systems for Science Education,4
Simulating Learning Processes with Neural Cognitive Models,4
Text-to-Concept Graphs for Technical Reading Comprehension,4
Personalized STEM Career Guidance Systems Using AI,4
Adaptive Flashcard Generation Based on Student Weak Points,4
Building Digital Twin Models of Student Learning Profiles,4
Crowdsourced Simulation Building for Physics Education,4
Comparative Study of Visualization Tools in Engineering Education,4
Multi-Agent Simulations of Collaborative Learning Networks,4
Creating Knowledge Maps from Course Material with NLP,4
E-Learning Interface Design Based on User Interaction Analytics,4
Monitoring Burnout Risk in Students Using AI Indicators,4
AI-Powered Discussion Moderation in Online STEM Forums,4
Speech Analytics to Evaluate Instructional Clarity,4
Designing Interactive E-Books with Embedded Quizzes,4
Mathematics Learning Games Based on Real-World Physics Problems,4
Leveraging LSTM Models for Predicting Learning Progress,4
AR-Enhanced Whiteboards for Engineering Problem Solving,4
Social Learning Platforms with Real-Time Emotion Feedback,4
Digital Knowledge Trails for Lifelong Learning Paths,4
AI-Driven Assessment of Open-Ended Student Projects,4
Constructing Ontology Graphs for Engineering Curriculum Design,4
Monitoring Attention Levels Using Pupil Dilation Metrics,4
Building Conversational Agents for Concept Reinforcement,4
Designing Multiplayer Problem Solving Environments for Math,4
Sentiment Analysis of Student Feedback for Curriculum Development,4
Intelligent Curriculum Advisors Based on Career Outcomes,4
Scenario-Based Learning for Engineering Disaster Preparedness,4
Creating Scalable Digital Labs for Mechatronics Courses,4
Optimization of Greywater Recycling Systems in Urban Households,6
AI-Based Prediction of Water Quality in River Basins,6
Photocatalytic Degradation of Pharmaceuticals in Wastewater,6
Development of Smart Water Meters Using IoT Sensors,6
Solar-Powered Desalination Systems for Remote Communities,6
Simulation of Groundwater Contaminant Transport Using FEM,6
Design of Nanomaterial Filters for Arsenic Removal,6
Real-Time Monitoring of Water Distribution Networks,6
AI Models for Flood Risk Prediction in Coastal Areas,6
Membrane Bioreactor Systems for Municipal Wastewater Treatment,6
Electrochemical Detection of Nitrate in Drinking Water,6
Modeling Rainwater Harvesting Systems for Sustainable Supply,6
Sensor Networks for Leak Detection in Water Infrastructure,6
ML Algorithms for Predicting Urban Water Demand,6
Biosorption Techniques for Heavy Metal Removal in Water,6
Hydrodynamic Modeling of Urban Drainage Networks,6
Remote Sensing for Monitoring Algal Blooms in Water Bodies,6
Ultrasound-Assisted Adsorption for Pollutant Removal,6
Data-Driven Optimization of Irrigation Systems,6
Design of Autonomous Robots for Pipe Inspection in Water Systems,6
Simulation of Climate Change Impacts on Water Resources,6
Development of Low-Cost Water Purification Units,6
Magnetic Nanoparticles for Oil-Water Separation,6
Using Fuzzy Logic for Decision-Making in Water Management,6
Modular Constructed Wetlands for Greywater Treatment,6
Photovoltaic-Driven Electrocoagulation for Water Treatment,6
Integrated Water Resource Management Using GIS,6
Quantitative Risk Assessment of Contaminated Groundwater,6
Machine Learning for Forecasting Rainfall and Runoff,6
Assessment of Water Footprint in Agricultural Practices,6
Optimization of Chemical Dosing in Water Treatment Plants,6
Design of Portable UV Water Sterilization Devices,6
Simulation of Pollutant Transport in Watersheds,6
Carbon Nanotube Filters for Organic Contaminants Removal,6
AI-Powered Decision Support Systems in Water Utilities,6
Hybrid Desalination Using Solar and Thermal Energy,6
Multi-Objective Optimization in Water Allocation Models,6
Impact of Microplastics on Aquatic Ecosystems: A Modeling Study,6
AI-Driven Models for Predicting Waterborne Disease Outbreaks,6
Nanocomposite Membranes for Enhanced Water Filtration,6
Smart Valves for Automated Flow Regulation in Water Networks,6
Modelling Wastewater Treatment Efficiency with Neural Networks,6
Electrochemical Oxidation Processes for Pesticide Removal,6
Development of Drones for Water Quality Monitoring,6
Thermal Desorption Techniques for Water Remediation,6
Geospatial Analysis of Drought-Prone Regions,6
Bacterial Biosensors for Detecting Pathogens in Water,6
Reverse Osmosis System Optimization Using Simulation Models,6
Wastewater Reuse in Urban Landscapes: A Case Study,6
Deep Learning for Image-Based Water Contamination Detection,6
Real-Time Decision Making for Stormwater Management,6
Design of Floating Wetlands for Nutrient Removal,6
Optimization of Water Distribution using Hydraulic Modeling,6
Solar Photocatalysis for Degradation of Emerging Pollutants,6
Biochar-Based Filters for Rural Water Purification,6
Application of ANN in Surface Water Quality Assessment,6
Development of AI Models for Water-Energy Nexus Analysis,6
Remote Monitoring of Groundwater Recharge Systems,6
Adsorption Kinetics of Textile Dyes in Industrial Effluent,6
GIS-Based Mapping of Sanitation Access in Informal Settlements,6
ML Techniques for Predicting Sewage Overflow Events,6
Evaluation of UV-LED Systems in Disinfection Processes,6
Decision Tree Models for Predicting Domestic Water Use,6
Sensor-Driven Smart Irrigation for Water Conservation,6
Techno-Economic Analysis of Off-Grid Water Systems,6
Designing Resilient Water Supply Systems under Uncertainty,6
Hybrid AOP-Biological Systems for Wastewater Treatment,6
Green Roofs as Urban Water Management Infrastructure,6
Remote Sensing Tools for Monitoring Hydrological Cycles,6
AI-Based Surveillance Systems for Detecting Illegal Dumping,6
Sediment Transport Simulation in River Restoration Projects,6
Modeling Aquifer Recharge Rates with Climate Data,6
Water Balance Models in Semi-Arid Agricultural Systems,6
Sludge Management Optimization in Treatment Facilities,6
Electromagnetic Treatment of Waterborne Microorganisms,6
Digital Twin Models for Water Infrastructure Systems,6
Enzyme-Based Biosensors for Monitoring Water Pollutants,6
Rainfall-Runoff Modeling for Flood Mitigation Strategies,6
Nanostructured Photocatalysts for Wastewater Remediation,6
AI Systems for Early Warning of Water Quality Deterioration,6
Simulation of Saltwater Intrusion in Coastal Aquifers,6
Multi-Sensor Data Fusion for Water Resource Monitoring,6
Biodegradable Polymers in Wastewater Coagulation Processes,6
Application of Reinforcement Learning in Water System Control,6
Modeling Water Quality Impacts from Mining Activities,6
AI-Assisted Planning of Smart Sanitation Infrastructure,6
Hydrological Modeling in Watershed Management Plans,6
Comparative Analysis of Decentralized Water Treatment Options,6
Low-Energy Technologies for Rural Drinking Water Access,6
Contaminant Transport Modeling in Karst Aquifers,6
Ultrafiltration Membranes in Industrial Water Recovery,6
Data Analytics for Performance Evaluation of Water Networks,6
AI and Satellite Imaging for Global Water Scarcity Mapping,6
Smartphone-Based Systems for Water Quality Reporting,6
Modeling Contaminant Plume Migration in Aquifers,6
Geophysical Techniques in Groundwater Exploration,6
Bioelectrochemical Systems for Simultaneous Wastewater Treatment,6
Smart Decision Support Systems for Sanitation Planning,6
Water Use Optimization in Smart Cities Using AI,6
Photocatalytic Nanostructures for Pathogen Inactivation,6
Sustainable Water Infrastructure Design in Rapid Urbanization,6
Biodegradation Kinetics of Organic Pollutants in Water,6
Using AI to Identify Pollution Sources in River Basins,6
Membrane Fouling Prediction Using Deep Learning,6
Simulation of Groundwater Flow Using Finite Difference Methods,6
Photocatalytic Degradation of Microplastics in Wastewater,6
Mathematical Modeling of Contaminant Transport in River Basins,6
Design of a Low-Cost Sensor Network for Water Quality Monitoring,6
AI-Powered Forecasting of Urban Water Demand,6
Optimization of Membrane Filtration Systems Using Genetic Algorithms,6
Electrocoagulation for Heavy Metal Removal in Industrial Wastewater,6
Remote Sensing Techniques for Surface Water Mapping,6
Neural Network-Based Prediction of Water Table Fluctuations,6
Fuzzy Logic Control for Irrigation Water Management,6
Development of a Smart Irrigation System Using IoT,6
Numerical Analysis of Saltwater Intrusion in Coastal Aquifers,6
Machine Learning for Classification of Water Pollution Sources,6
Water-Energy Nexus: Modeling Desalination Plant Efficiency,6
Real-Time Control Systems for Urban Drainage Networks,6
CFD Analysis of Sedimentation Tanks in Water Treatment Plants,6
Solar-Driven Electrochemical Disinfection of Drinking Water,6
Stochastic Hydrological Modeling of Rainfall-Runoff Processes,6
GIS-Based Assessment of Watershed Vulnerability,6
Robust Control Algorithms for Smart Water Grids,6
Mathematical Models for Water Distribution Network Optimization,6
Experimental and Numerical Study of Hydraulic Jump Phenomena,6
Reinforcement Learning for Reservoir Operation Optimization,6
Hydrological Modeling of Urban Catchments with SWMM,6
3D Printing of Porous Filters for Water Purification,6
Data-Driven Approach to Monitor Agricultural Water Use,6
Photothermal Nanomaterials for Solar Desalination Systems,6
Statistical Analysis of Household Water Consumption Patterns,6
Kinetic Modeling of Organic Pollutant Degradation in Water,6
Decision Support Systems for Integrated Water Resource Management,6
Design of Rainwater Harvesting Systems Using Simulation Tools,6
Development of AI Models to Predict Waterborne Disease Risks,6
Multi-Objective Optimization of Wastewater Reuse Systems,6
Analysis of River Flow Variability Using Wavelet Transforms,6
Biosensors for Detection of Pathogens in Drinking Water,6
Simulation of Hydraulic Behavior in Water Distribution Systems,6
Heat and Mass Transfer Modeling in Solar Still Desalination,6
IoT-Based Monitoring System for Real-Time Water Leakage Detection,6
Use of Monte Carlo Methods for Flood Risk Assessment,6
Hybrid Renewable Energy Systems for Remote Water Supply,6
Numerical Simulation of Sediment Transport in Rivers,6
Remote Monitoring of Water Quality in Aquaculture Systems,6
Mathematical Models for Eutrophication in Freshwater Lakes,6
Optimization of Anaerobic Reactors for Wastewater Treatment,6
AI-Based Classification of Algal Blooms from Satellite Images,6
Integrated Modeling of Urban Water Systems Under Climate Change,6
Smart Meter Data Analysis for Detecting Anomalies in Water Usage,6
Design of Solar-Powered Ultrafiltration Units for Rural Areas,6
Predictive Maintenance Algorithms for Water Pumping Stations,6
Biological and Chemical Modeling of Greywater Treatment,6
Design of a Cloud-Based Platform for Water Resource Analytics,6
Electrochemical Sensors for Nitrate Detection in Groundwater,6
Machine Learning for Real-Time Prediction of Sewer Overflows,6
Quantifying Water Scarcity Using Multi-Criteria Decision Analysis,6
Fluid Dynamics Simulation of Flow in Porous Media,6
Big Data Analytics in Water Utility Management,6
Real-Time Optimization of Irrigation Scheduling with AI,6
Mathematical Modeling of Water Retention in Green Roof Systems,6
Blockchain for Secure Water Quality Data Management,6
Thermal Imaging for Pipeline Leak Detection,6
AI-Based Early Warning System for Drought Management,6
Deep Learning for Image-Based Water Turbidity Estimation,6
Simulation of Water Use Efficiency in Smart Farming Systems,6
Development of a Decision Tool for Emergency Water Distribution,6
Physics-Based Modeling of Pollutant Removal in Wetlands,6
Design of a Decentralized Greywater Recycling System,6
Analysis of Water Footprint in Agricultural Production Using LCA,6
Predictive Modeling of Arsenic Contamination in Aquifers,6
Energy Consumption Modeling in Advanced Oxidation Processes,6
Use of Drone-Based Imaging for Monitoring Water Bodies,6
CFD-Based Design of Aeration Systems in Bioreactors,6
Mathematical Models of Percolation in Soil-Water Systems,6
Ultrasonic Sensors for Flow Measurement in Water Pipes,6
Evaluation of Smart Water Technologies Using System Dynamics,6
Water Harvesting Potential Estimation Using Remote Sensing,6
Machine Vision for Detection of Plastic Waste in Water Bodies,6
High-Frequency Data Analysis for Leak Detection in Pipelines,6
Design of a Real-Time Water Usage Feedback System,6
Simulation of Urban Water Balance Using Coupled Models,6
Assessment of Aquifer Recharge Using Isotope Hydrology Models,6
Predicting the Effects of Urbanization on River Hydraulics,6
Design and Optimization of Hybrid Constructed Wetlands,6
Using Artificial Intelligence to Manage Water Conflicts,6
Bioelectrochemical Systems for Water Resource Recovery,6
Time Series Forecasting of Municipal Water Demand,6
Modeling the Dynamics of Cyanobacteria in Reservoirs,6
AI-Enhanced Water Resource Planning Under Uncertainty,6
3D Hydrodynamic Modeling of Coastal Water Pollution,6
Thermodynamic Assessment of Solar Water Disinfection Units,6
Contaminant Detection in Water Using Optical Spectroscopy,6
Mathematical Simulation of Permeable Pavement Drainage,6
Design of Portable Water Purification Units for Disaster Relief,6
Real-Time Water Quality Assessment Using Edge Computing,6
Geospatial Analysis for Optimal Placement of Water Sensors,6
Dynamic Simulation of Water Pressure in Municipal Networks,6
AI-Based Identification of Illegal Water Connections,6
Long-Term Simulation of Watershed Hydrology Using HEC-HMS,6
Hydraulic Modeling of Open Channel Flows in Irrigation Systems,6
Design of Intelligent Monitoring Systems for Water Treatment Plants,6
Data Fusion Techniques for Integrated Water Quality Monitoring,6
Advanced Statistical Techniques for Estimating River Flows,6
Modeling Energy Consumption in Smart Grids Using Time Series Forecasting,7
Numerical Simulation of Solar Chimney Power Plant Performance,7
Optimization of Wind Turbine Blade Design Using CFD Techniques,7
AI-Powered Forecasting of Renewable Energy Production,7
Techno-Economic Analysis of Hydrogen Fuel Cell Systems,7
Comparative Modeling of Battery Storage Systems in Microgrids,7
Dynamic Simulation of Grid-Connected Photovoltaic Systems,7
Hybrid Solar-Wind Systems Optimization Using Genetic Algorithms,7
Mathematical Modeling of Biofuel Production Processes,7
Multi-Agent Systems for Decentralized Energy Trading,7
Thermodynamic Modeling of Organic Rankine Cycles for Waste Heat Recovery,7
Evaluation of Smart Meter Data Using Statistical Methods,7
Energy Yield Prediction of PV Modules Using Machine Learning,7
Geothermal Energy Potential Mapping Using GIS and Remote Sensing,7
Exergy Analysis of Concentrated Solar Power Systems,7
Neural Network Models for Real-Time Load Forecasting,7
Numerical Simulation of Turbulent Flow in Hydro Turbines,7
Control Systems for Grid Integration of Renewable Energy Sources,7
Performance Analysis of Perovskite Solar Cells Using Simulation,7
Mathematical Optimization of Energy Dispatch in Hybrid Systems,7
Power Flow Analysis in Electrical Grids Using Newton-Raphson Method,7
Smart Charging Algorithms for Electric Vehicle Integration,7
Thermal Storage Modeling for Solar Heating Systems,7
Stochastic Modeling of Wind Power Generation,7
Simulation-Based Design of Micro-Hydropower Systems,7
Life Cycle Assessment of Solar Panel Manufacturing Processes,7
Predictive Maintenance in Wind Farms Using Machine Learning,7
Design and Simulation of Energy-Efficient Smart Homes,7
Mathematical Models for Demand-Side Energy Management,7
Numerical Modeling of Combustion in Biomass Boilers,7
Evaluation of Offshore Wind Resource Potential Using CFD,7
AI-Based Optimization of Energy Use in Industrial Plants,7
Performance Simulation of Hybrid Renewable Energy Systems,7
Modeling Battery Degradation in Lithium-Ion Energy Storage,7
Multi-Criteria Decision Analysis for Energy System Selection,7
Modeling the Integration of Variable Renewable Energy into the Grid,7
Simulation of Solar Irradiance Using Satellite Data,7
Deep Learning Models for Energy Price Forecasting,7
Design of Power Converters for Renewable Energy Applications,7
Numerical Analysis of Heat Transfer in Solar Thermal Collectors,7
Simulation of Fault Scenarios in Distributed Energy Systems,7
Control Strategies for Energy Balancing in Islanded Microgrids,7
Modeling of CO2 Emissions Reduction in Smart Cities,7
Load Forecasting for Energy Utilities Using LSTM Networks,7
Renewable Energy Mapping Using Machine Learning Techniques,7
Mathematical Modeling of Electrolyzers for Hydrogen Production,7
Optimization of Wind Farm Layout Using Metaheuristic Algorithms,7
Simulation of Energy Storage Dynamics in Thermal Systems,7
Wave Energy Conversion Efficiency Using Numerical Models,7
Energy Consumption Modeling in Electric Public Transport Systems,7
3D Modeling of Solar Farms for Energy Optimization,7
Hybrid Energy System Simulation for Off-Grid Communities,7
CFD Modeling of Flow in Vertical Axis Wind Turbines,7
Forecasting Solar Energy Potential with Machine Learning Algorithms,7
Modeling of Thermal Energy Losses in District Heating Networks,7
AI-Driven Energy Management in Smart Buildings,7
Simulation of Radiative Heat Transfer in Solar Furnaces,7
Energy Harvesting from Vibrations Using Piezoelectric Materials,7
Performance Modeling of Fuel Cells Under Variable Load,7
Simulation-Based Comparison of Grid-Tied and Standalone PV Systems,7
Statistical Analysis of Seasonal Variations in Energy Demand,7
Thermal Modeling of Energy-Efficient Building Envelopes,7
Electric Grid Resilience Analysis Using Network Theory,7
Design Optimization of Heat Exchangers for Energy Recovery,7
Mathematical Modeling of Supercapacitors in Hybrid Energy Systems,7
Monte Carlo Simulation of Energy Cost Fluctuations,7
Evaluation of Wind Shear Effects on Turbine Output Using CFD,7
Real-Time Monitoring Systems for Energy Use in Manufacturing,7
Integration of Renewable Energy in Electric Rail Systems,7
Thermoeconomic Optimization of Cogeneration Plants,7
Digital Twin Models for Predictive Energy Management,7
Mathematical Analysis of Thermal Insulation Materials,7
Dynamic Modeling of Smart Grid Frequency Regulation,7
Machine Learning for Fault Detection in Solar Power Plants,7
Analysis of Energy Density in Compressed Air Storage Systems,7
Numerical Simulation of Electric Arc Furnaces in Steel Production,7
Power Quality Analysis in Renewable-Integrated Grids,7
Performance Metrics of Thermoelectric Generators Using Simulation,7
Design and Control of Inverters in PV Systems,7
Thermodynamic Analysis of Combined Heat and Power Plants,7
Optimization of Load Shedding Strategies Using Linear Programming,7
Simulation of Grid Failures and Recovery in Urban Energy Systems,7
AI-Based Forecasting of Electricity Demand in Smart Cities,7
Comparative Study of Solar Cooling Technologies Using TRNSYS,7
Thermal Response Simulation of Green Roofs for Energy Savings,7
Modeling and Simulation of Smart Grid Cybersecurity Threats,7
Numerical Simulation of Thermal Stratification in Solar Tanks,7
Forecasting Renewable Energy Curtailment Using Time Series Models,7
Design of Net-Zero Energy Buildings Using Optimization Models,7
Simulation of Solar PV Output Under Cloudy Conditions,7
Impact Assessment of EV Charging on Grid Stability Using Models,7
Simulation of Induction Heating in Renewable Systems,7
Mathematical Modeling of Wind Farm Wake Interference,7
Assessment of Carbon Capture Efficiency in Power Plants,7
Energy Efficiency Optimization in Industrial Refrigeration Systems,7
Simulation of Smart Transformer Behavior in Grid Systems,7
Modeling Thermal Mass Effects in Energy-Efficient Buildings,7
Optimization of Renewable Energy Mix in Urban Areas,7
Physics-Based Modeling of Molten Salt Thermal Storage,7
Numerical Analysis of Cooling Systems in Nuclear Reactors,7
Statistical Modeling of Household Energy Usage Patterns,7
Simulation of High-Voltage Transmission Line Stability,7
Energy Management Strategies for Zero-Energy Campuses,7
Analysis of Power Fluctuations in Wind-Integrated Microgrids,7
AI-Based Forecasting of Water Demand in Urban Regions,6
Membrane Distillation for Desalination Using Waste Heat Recovery,6
Photocatalytic Degradation of Pesticides in Agricultural Runoff,6
Simulation of Groundwater Flow Using Finite Volume Methods,6
Design of IoT-Based Smart Water Monitoring Systems,6
Optimization of Urban Drainage Networks Using Genetic Algorithms,6
Evaluating Nanofiltration Membranes for Wastewater Reuse,6
Real-Time River Quality Monitoring Using Sensor Networks,6
Machine Learning Models for Water Leak Detection,6
Solar-Powered Electrocoagulation for Industrial Effluent Treatment,6
Numerical Modeling of Saline Intrusion in Coastal Aquifers,6
AI-Driven Flood Risk Assessment Using Satellite Data,6
Development of Biosensors for Nitrate Detection in Drinking Water,6
Hydrodynamic Modeling of Sediment Transport in Rivers,6
Graph-Based Modeling of Water Distribution Networks,6
Remote Sensing for Surface Water Quality Assessment,6
Deep Learning for Classifying Water Pollution from Aerial Images,6
Simulation of Waterborne Disease Spread Using Agent-Based Models,6
Energy Optimization in Water Treatment Plants Using ML,6
Mathematical Modeling of Contaminant Transport in Soil,6
Evaluation of Constructed Wetlands for Greywater Treatment,6
Design of Rainwater Harvesting Systems Using Stochastic Models,6
Photovoltaic-Powered UV Systems for Water Disinfection,6
Electrochemical Sensors for Detection of Emerging Pollutants,6
Smart Meters and Data Analytics for Household Water Consumption,6
Machine Learning for Classifying Sources of Water Contamination,6
Assessment of Heavy Metal Removal Efficiency in Biofilters,6
Hybrid RO-NF Systems for Brackish Water Treatment,6
CFD Simulation of Flow in Water Distribution Pipes,6
Model Predictive Control of Reservoir Systems,6
AI-Based Decision Support for Water Resource Allocation,6
Predicting Algal Blooms Using Environmental Sensor Data,6
AI Optimization of Coagulation Processes in Water Treatment,6
Smartphone-Based Water Quality Testing with Image Analysis,6
Time Series Forecasting of River Discharge Rates,6
Neural Network Models for Predicting Water Table Fluctuations,6
Design of Off-Grid Water Purification Units for Rural Areas,6
Reinforcement Learning for Water Usage Optimization in Agriculture,6
AI-Based Leak Detection in Irrigation Networks,6
Assessment of Solar Distillation Systems for Potable Water,6
Fuzzy Logic Controller for Urban Stormwater Management,6
Numerical Study of Erosion in Dam Spillways,6
IoT-Enabled Early Warning Systems for Flooding,6
Water Quality Classification Using Support Vector Machines,6
Geospatial Analysis of Sanitation Access Inequality,6
Development of Low-Cost Sensors for Arsenic Detection,6
Greywater Recycling Systems with Real-Time Control,6
Mathematical Model for Pathogen Inactivation in UV Systems,6
Design of Smart Toilets with Resource Monitoring Capabilities,6
Simulation of Sewage Sludge Anaerobic Digestion Processes,6
Stochastic Modeling of Rainfall-Runoff Relationships,6
Optimization of Activated Carbon Filters for Organic Removal,6
Real-Time Detection of Pipe Bursts Using Vibration Sensors,6
Assessment of Water Footprint in Agricultural Supply Chains,6
Remote Monitoring of Wells Using Low-Power Sensors,6
Modular Water Treatment Units for Emergency Response,6
Predictive Analytics for Urban Water Infrastructure Failures,6
Contaminant Source Tracking in Water Networks Using Tracer Models,6
Biosand Filtration Efficiency Under Varying Flow Conditions,6
Multi-Objective Optimization for Wastewater Treatment Processes,6
Hydrological Modeling Using Cellular Automata,6
Design of UV-LED Systems for Decentralized Water Treatment,6
Application of AI in Predicting Water Quality Index,6
Simulation of Microplastic Transport in River Systems,6
Integrated Water Resource Management Using Systems Dynamics,6
AI-Based Prioritization of Water Infrastructure Repairs,6
Monitoring Chlorine Residuals with Digital Twins,6
Detection of Endocrine Disruptors in Water Using Spectroscopy,6
3D Modeling of Water Infrastructure Using BIM,6
Smart Irrigation Systems Based on Soil Moisture Forecasting,6
Design of Passive Filtration Systems for Rural Sanitation,6
Electrochemical Degradation of Pharmaceutical Residues,6
Real-Time Flood Forecasting Using Recurrent Neural Networks,6
Analysis of Urban Water Use Patterns Using Clustering Techniques,6
Development of AI-Powered Water Purity Classification Apps,6
Low-Cost IoT Solutions for Water Quality Monitoring in Schools,6
Predictive Maintenance of Pumps in Water Utilities,6
Remote Sensing of Glacier Melt Impact on River Flows,6
Hybrid Solar-Thermal Systems for Off-Grid Water Treatment,6
Deep Learning for Identifying Algae Species in Lakes,6
Design of Rain Gardens for Urban Stormwater Management,6
Simulation-Based Assessment of Wetland Restoration Projects,6
Energy-Water Nexus Modeling in Urban Planning,6
AI-Driven Behavioral Change Models for Water Conservation,6
Validation of Water Quality Models Using Field Sensor Data,6
3D Printing of Components for Modular Water Filters,6
Advanced Oxidation Processes for Textile Wastewater Treatment,6
Sensor Calibration Using Machine Learning Techniques,6
Groundwater Contamination Mapping Using Interpolation Models,6
Development of Educational Apps on Water Conservation,6
Hydraulic Simulation of Irrigation Canal Networks,6
Data Fusion Techniques for Multi-Source Water Quality Data,6
Smart Drainage Systems for Climate-Resilient Cities,6
Cloud-Based Platforms for Sanitation Infrastructure Monitoring,6
Bayesian Networks for Risk Assessment in Drinking Water Supply,6
Optimization of Household Water Heaters for Efficiency,6
Wastewater Treatment Sludge Management Using AI,6
Deep Learning for River Water Level Prediction,6
Satellite-Based Mapping of Surface Water Bodies,6
Integrated Sanitation Solutions for Urban Slums,6
Fuzzy Rule-Based System for Well Recharge Prediction,6
Nanotechnology for Removal of Contaminants in Drinking Water,6
Portable Biosensors for On-Site Water Quality Assessment,6
AI for Real-Time Control in Smart Sewage Systems,6
Contamination Event Detection in Pipelines Using ML Models,6
Modeling Energy Consumption Patterns in Smart Cities,7
Thermal Performance Simulation of Phase Change Materials in Solar Heating,7
Deep Learning for Solar Irradiance Forecasting,7
Techno-Economic Analysis of Off-Grid Hybrid Energy Systems,7
AI-Powered Energy Management for Smart Grids,7
Optimization of Wind Farm Layouts Using Genetic Algorithms,7
Modeling the Impact of EV Charging on Power Grid Stability,7
Life Cycle Assessment of Hydrogen Fuel Production Pathways,7
Design and Simulation of Solar Photovoltaic-Thermal Collectors,7
Real-Time Load Forecasting Using Neural Networks,7
Computational Fluid Dynamics Analysis of Wind Turbine Blades,7
Energy Storage Optimization for Renewable Integration,7
Machine Learning Models for Predicting Electricity Prices,7
Heat Transfer Modeling in Solar Thermal Power Plants,7
Design of Microgrid Systems with Renewable Energy Sources,7
Simulation of Biomass Combustion in Fluidized Bed Reactors,7
Energy-Efficient Control Algorithms for HVAC Systems,7
Numerical Modeling of Geothermal Reservoirs,7
Development of Smart Meters for Energy Monitoring,7
Forecasting Wind Speed Using Statistical and Machine Learning Methods,7
Design Optimization of Thermoelectric Generators,7
Simulation of Battery Degradation in Grid-Scale Storage,7
Control Strategies for Maximizing PV Power Output,7
Multi-Objective Optimization in Energy-Efficient Building Design,7
Integration of Supercapacitors in Renewable Energy Systems,7
Power System Stability Analysis with High Renewable Penetration,7
Data-Driven Demand Response Management in Smart Homes,7
Predictive Maintenance of Wind Turbines Using AI,7
Modeling of Hydrogen Storage in Metal Hydrides,7
Energy Yield Assessment of Floating PV Systems,7
Transient Simulation of Nuclear Reactor Cooling Systems,7
Thermodynamic Analysis of Organic Rankine Cycles for Waste Heat Recovery,7
Design and Evaluation of Solar Chimney Power Plants,7
Optimization of CSP Plants Using AI Algorithms,7
Impact of Climate Variability on Hydropower Generation,7
Design of Passive Cooling Systems for Buildings in Hot Climates,7
Stochastic Modeling of Energy Markets for Risk Assessment,7
Simulation of Energy Flow in Electric Vehicle Powertrains,7
Artificial Neural Networks for Solar Panel Fault Detection,7
Dynamic Modeling of Smart Inverters for Grid Integration,7
Evaluation of Biofuel Production from Algae Using Life Cycle Analysis,7
Development of Energy Dashboards for Industrial Efficiency,7
Numerical Study of Thermal Energy Storage in Molten Salts,7
Carbon Emissions Forecasting Using Time Series Models,7
Comparative Analysis of Renewable Energy Policies Using System Dynamics,7
Smart Grid Cybersecurity Risk Modeling and Simulation,7
Assessment of Building Integrated PV Systems,7
Design of Energy-Efficient Lighting Systems Using LEDs,7
Predictive Modeling for Grid Stability with Distributed Generation,7
Simulation of Peak Load Reduction Through Demand Side Management,7
Machine Learning-Based Power Flow Estimation in Transmission Networks,7
Techno-Economic Modeling of Tidal Energy Systems,7
Energy Management Algorithms for Microgrids with Battery Storage,7
Impact Analysis of Energy Storage on Electricity Market Prices,7
Computational Modeling of Photovoltaic Cells with Nanostructures,7
AI-Based Energy Forecasting in Industrial Environments,7
Design of Renewable-Powered Desalination Systems,7
Modeling the Integration of V2G Systems into Urban Power Networks,7
Wind Farm Wake Effect Simulation Using CFD,7
Assessment of Grid Resilience to Renewable Energy Fluctuations,7
Techno-Economic Feasibility Study of Solar Mini-Grids in Rural Areas,7
Hybrid Solar-Biomass Energy System Simulation,7
Simulation of Smart Appliances for Residential Load Management,7
Energy Efficiency Optimization in Electric Rail Transport,7
Thermal Modeling of High-Efficiency Solar Cookers,7
Control-Oriented Modeling of PEM Fuel Cells,7
Design and Optimization of Solar-Assisted Heat Pumps,7
Simulation-Based Assessment of Battery Swapping Stations,7
Design of AI-Based Controllers for Building Energy Management,7
Multiphysics Modeling of Solid Oxide Fuel Cells,7
Modeling of Energy Losses in Power Electronic Converters,7
Forecasting of CO2 Emissions in Power Generation Systems,7
Simulation of Load Shedding Strategies in Smart Grids,7
Design of Renewable Energy Systems for Cold Climates,7
Heat Transfer Simulation in Solar Evacuated Tube Collectors,7
Use of Blockchain for Peer-to-Peer Energy Trading,7
Energy Cost Optimization in Data Centers Using AI,7
Design and Simulation of Wind-Solar Hybrid Systems,7
Modeling of Energy Consumption in 3D Printed Buildings,7
Assessment of Renewable Energy Integration in Mining Operations,7
Real-Time Control of Distributed Energy Resources Using Edge Computing,7
Comparative Analysis of Energy Scenarios Using Monte Carlo Simulations,7
Simulation of Electrolyzer Systems for Green Hydrogen Production,7
Performance Analysis of Transparent Solar Panels,7
Design and Optimization of Thermophotovoltaic Systems,7
Energy Efficiency Evaluation of Smart Street Lighting Systems,7
Numerical Modeling of Wind-Induced Vibrations in PV Panels,7
Development of AI Models for Energy Theft Detection,7
Impact of Renewable Energy on Power System Frequency Control,7
Simulation of Energy Transition Scenarios Using Agent-Based Models,7
Design of Sustainable Energy Systems for Off-Grid Communities,7
Modeling Heat Recovery from Industrial Exhaust Gases,7
Computational Assessment of Hybrid Wind-Diesel Systems,7
Dynamic Simulation of Residential Energy Hubs,7
Design of Energy Harvesting Systems for Wearable Devices,7
Thermal Performance Assessment of Phase-Change Wall Materials,7
Data Analytics for Improving Energy Audit Accuracy,7
Modeling of Smart Transformer Technologies in Power Systems,7
Predictive Control Strategies for Energy Optimization in Buildings,7
Simulation of Solar-Driven Ammonia Production Systems,7
Optimization of Wind Farm Layout Using Genetic Algorithms,7
Modeling Thermal Storage Systems for Solar Power Plants,7
Forecasting Solar Irradiance Using Machine Learning Techniques,7
Hydrogen Production via Electrolysis Powered by Renewable Energy,7
AI-Based Predictive Maintenance for Wind Turbines,7
Thermodynamic Analysis of Biomass Gasification Systems,7
Development of Smart Grids with AI-Driven Load Balancing,7
Simulation of PV System Performance Under Variable Weather,7
Modeling Battery Degradation in Residential Energy Storage,7
Economic Analysis of Community Solar Energy Systems,7
Energy Yield Prediction of Bifacial PV Panels Using Neural Networks,7
Design Optimization of Off-Grid Hybrid Renewable Energy Systems,7
Study of Grid Stability in High Penetration Renewable Scenarios,7
Modeling of Concentrated Solar Power Plants Using TRNSYS,7
Techno-Economic Assessment of Wind-Diesel Hybrid Systems,7
Nanoscale Thermoelectric Materials for Energy Harvesting,7
Smart Inverters for Integration of Distributed Energy Resources,7
Development of Phase Change Materials for Solar Heat Storage,7
Control Strategies for Vehicle-to-Grid Energy Transfer,7
High Efficiency Multi-Junction Solar Cell Simulation,7
Design and Modeling of Floating Solar PV Systems,7
Energy Management in Smart Homes with IoT Devices,7
Predictive Models for Electric Vehicle Charging Demand,7
Machine Learning for Forecasting Electricity Load in Urban Grids,7
Thermal Energy Recovery from Industrial Waste Heat Sources,7
Simulation of Power Fluctuations in Offshore Wind Farms,7
Design of Low-Cost Microgrids for Rural Electrification,7
Battery Sizing Optimization for Solar Home Systems,7
AI-Based Energy Demand Forecasting in Smart Cities,7
Computational Fluid Dynamics in Wind Turbine Blade Design,7
Dynamic Modeling of Flywheel Energy Storage Systems,7
Environmental Impact Modeling of Biofuel Production,7
Design of Solar Cooling Systems for Residential Buildings,7
Development of AI Models for Power Grid Fault Prediction,7
High-Performance Algorithms for Energy Market Optimization,7
Wind Energy Potential Mapping Using GIS and Satellite Data,7
Development of Autonomous Solar Tracking Systems,7
Machine Learning for Real-Time Energy Consumption Optimization,7
Techno-Economic Modeling of Green Hydrogen Supply Chains,7
Carbon Footprint Analysis of Renewable Energy Installations,7
Design of Thermophotovoltaic Devices for Energy Conversion,7
Advanced MPPT Algorithms for Solar PV Systems,7
Modeling the Integration of Renewable Energy in Isolated Grids,7
Simulation of Energy Harvesting from Tidal Currents,7
Real-Time Monitoring of Energy Flow in Smart Grids,7
Development of AI-Based Fault Detection in Wind Turbines,7
Thermodynamic Cycle Simulation for Organic Rankine Systems,7
Control System Design for Grid-Connected Solar Inverters,7
Energy Flow Modeling in Integrated Renewable Systems,7
Predictive Control for Building Energy Optimization,7
Smart Meter Data Analysis for Demand Response Applications,7
Optimal Power Flow Analysis in Renewable-Rich Grids,7
Design of Low-Cost Solar Desalination Units,7
Evaluation of Lithium-Ion Battery Performance in Solar Storage,7
Using Reinforcement Learning for Energy Dispatch in Microgrids,7
Modeling and Control of Solar Chimney Power Plants,7
Development of Zero-Energy Building Energy Models,7
Machine Learning for PV Fault Diagnosis and Classification,7
Simulation of Hydrogen Storage Systems for Energy Balancing,7
Heat Transfer Modeling in Solar Thermal Collectors,7
Optimal Sizing of Hybrid Solar-Wind Systems Using AI,7
AI-Enhanced Forecasting of Energy Prices in Renewable Markets,7
Wireless Sensor Networks for Real-Time Energy Monitoring,7
Optimization of Energy Use in EV Charging Stations,7
Simulation-Based Evaluation of Wind Turbine Wakes,7
Design of Building-Integrated Photovoltaic Systems,7
AI Models for Grid Frequency Stabilization with Renewables,7
Impact Assessment of Renewable Integration on Energy Prices,7
Energy-Efficient HVAC Control Using Predictive Algorithms,7
Modeling the Performance of Transparent Solar Panels,7
Design and Simulation of Urban Energy Hubs,7
Energy Forecasting in Microgrids Using Deep Learning,7
Development of AI Tools for Renewable Energy Trading,7
Simulation of Supercritical CO2 Cycles for Power Generation,7
Thermal Performance Modeling of Solar Facades,7
Predictive Maintenance Models for Solar Farms,7
Optimization of Wind Turbine Gearbox Designs,7
Evaluation of Solar Irrigation Systems for Agriculture,7
Development of Blockchain Platforms for Energy Trading,7
Modeling of Biogas Production from Organic Waste Streams,7
Stochastic Modeling of Renewable Energy Generation Profiles,7
AI Optimization of Heat Pump Operations in Buildings,7
Control Strategies for Hybrid Energy Systems in Smart Grids,7
Assessment of Off-Grid Renewable Energy Solutions for Islands,7
Modeling of Renewable Energy Curtailment in Power Systems,7
AI-Based Grid Load Forecasting in Decentralized Networks,7
Energy Sharing Models in Peer-to-Peer Power Networks,7
Analysis of Variability in Solar Resource Availability,7
Development of Low-Voltage DC Microgrid Control Systems,7
Simulation of Heat Loss in Thermal Storage Tanks,7
AI Algorithms for Smart Energy Tariff Recommendation,7
Modeling Energy Transfer in Wireless Power Systems,7
Optimization of Wind Turbine Placement in Complex Terrains,7
Design of High-Efficiency Solar Stirling Engines,7
Development of Energy-Efficient Street Lighting Systems,7
Hybrid Simulation of Distributed Energy Resources,7
AI Models for Renewable Energy Resource Assessment,7
Modeling of Photovoltaic Modules Under Partial Shading,7
Development of Smart Charging Algorithms for EV Fleets,7
Energy Consumption Forecasting Using LSTM Networks,7
Economic Dispatch Modeling in Renewable Energy Systems,7
Simulation of Urban Heat Island Effects on Solar Performance,7
Battery Thermal Management Modeling for Solar Storage,7
AI-Enhanced Grid Control for Renewable-Dominant Networks,7
AI-Driven Labor Market Forecasting Models for Policy Design,8
Measuring Gig Economy Productivity Through Digital Traces,8
Blockchain for Transparent and Fair Employment Contracts,8
Resilience Modeling in Global Supply Chains Using Network Theory,8
Quantifying Informal Labor in Urban Economies Using ML,8
Evaluation of Vocational Training Impact Using Econometric Models,8
Remote Work Efficiency in Post-Pandemic Knowledge Economies,8
Predictive Analytics for Startup Success in Emerging Markets,8
Designing AI Tools for Inclusive Workforce Development,8
Gender Wage Gap Analysis Through Big Data Techniques,8
Simulating Labor Demand in Green Energy Transitions,8
Mathematical Models for Workforce Scheduling Optimization,8
Digital Platforms and Micro-Entrepreneurship in Rural Areas,8
Analyzing Industry 4.0 Adoption and Job Quality Metrics,8
NLP-Based Detection of Discrimination in Job Advertisements,8
Employment Risk Assessment Using Fuzzy Logic Systems,8
Evaluating Remote Work Impact on Urban Economic Dynamics,8
Time Series Modeling of Regional Unemployment Trends,8
Machine Learning for Career Path Recommendation Systems,8
Financial Inclusion and Microcredit Prediction Models,8
Job Satisfaction Metrics Derived from Online Reviews,8
Technological Innovation and Productivity in Small Enterprises,8
AI Models to Predict SME Credit Risk and Growth Potential,8
Crowdsourced Data Analysis of Global Employment Trends,8
Economic Modeling of Circular Economy Job Creation,8
Predictive Maintenance ROI in Manufacturing Labor Efficiency,8
Data-Driven Analysis of Work-Life Balance Policies,8
Network Analysis of Informal Economic Activity,8
Simulation Models for Evaluating Work Automation Impact,8
Agent-Based Models of Entrepreneurial Ecosystem Growth,8
Labor Rights Monitoring Through Blockchain Applications,8
AI-Powered Tools for Freelance Market Transparency,8
Optimization of Workforce Allocation in Smart Cities,8
Evaluating the Digital Skill Gap in Youth Employment,8
Economic Impact Assessment of Remote Gig Work Platforms,8
Design Thinking in Fostering Youth Entrepreneurship,8
Quantitative Models for Measuring Decent Work Conditions,8
IoT Integration in Worksite Safety and Labor Monitoring,8
Regional Economic Growth Modeling Using Deep Learning,8
AI-Assisted Hiring Algorithms and Ethical Frameworks,8
Dynamic Simulation of Informal Sector Labor Mobility,8
Assessing Workplace Innovation and Productivity Correlations,8
Digital Twins in Smart Factory Labor Optimization,8
Crowdfunding Dynamics and Startup Growth Potential Modeling,8
Forecasting Wage Inequality with Machine Learning Techniques,8
AI-Based Talent Matching Platforms for Inclusive Employment,8
Labor Market Elasticity Models Under Technological Change,8
Robotics and Future Employment: System Dynamics Approach,8
Evaluating Impact of Work-from-Home on Urban Labor Markets,8
Econometric Modeling of Migrant Labor Contributions,8
Entrepreneurial Risk Analysis Through Bayesian Networks,8
Skill Development Strategy Optimization Using Reinforcement Learning,8
Causal Inference Models in Labor Economics Research,8
Monitoring Labor Standards in Global Supply Chains,8
Decentralized Platforms for Micro-Job Marketplaces,8
Modeling the Effect of Trade on Domestic Employment,8
Measuring Human Capital Growth with Education-Employment Integration,8
Sentiment Analysis of Job Market Trends via Social Media,8
Optimization of Minimum Wage Policies Using Agent Models,8
AI Tools for Enhancing Workplace Diversity Metrics,8
Digital Literacy and Economic Empowerment in Remote Regions,8
Assessing Economic Value of Remote Technical Internships,8
Smart Contracts for Performance-Based Employee Compensation,8
Predicting Labor Turnover Using Deep Learning Algorithms,8
Workforce Simulation in Circular Economy Business Models,8
AI Models for Forecasting Post-Crisis Employment Recovery,8
Monitoring Decent Work Metrics via Mobile Surveys,8
AI-Based Economic Modeling of Inclusive Innovation,8
Design of Job Mobility Indices Using Economic Graphs,8
Modeling Cooperative Labor Systems in Shared Economy,8
Crowdsourcing Innovation Challenges for Regional Development,8
Occupational Health Data Analytics for Work Efficiency,8
Agent-Based Modeling of Labor Policy Impacts on SMEs,8
Automation Readiness Assessment in Emerging Economies,8
Machine Learning to Analyze Workplace Burnout Predictors,8
Workplace Adaptation Modeling for Ageing Populations,8
Digital Finance Platforms and Youth Entrepreneurship Growth,8
Evaluation of Remote Skills Training Programs via RCTs,8
Workplace Sentiment Monitoring Using NLP Tools,8
Data-Driven Decision Support for Labor Law Compliance,8
Job Clustering Using Unsupervised Learning for Policy Design,8
Machine Learning for Labor Productivity Benchmarking,8
Reskilling Impact Assessment Using Longitudinal Data,8
Smart Mobility Systems and Urban Labor Accessibility,8
Forecasting Regional Job Trends Through Web Mining,8
Talent Analytics and Succession Planning Using AI,8
Gender Inclusion Metrics in Economic Participation Models,8
Dynamic Input-Output Models for Employment Policy Analysis,8
Predictive Models of Economic Resilience in Job Markets,8
Using AI to Identify Informal Entrepreneurial Networks,8
Data-Driven Optimization of Apprenticeship Programs,8
Inclusive Innovation Metrics in Tech Startup Ecosystems,8
Mobile Workforce Patterns Analysis in Developing Economies,8
Sustainability Reporting and Employment Policy Alignment,8
Quantitative Models of Fair Trade Labor Certification,8
AI for Matching Migrants to Employment Opportunities,8
Blockchain-Based Credentialing for Informal Work Recognition,8
Agent-Based Modeling of Labor Market Resilience Strategies,8
Forecasting Entrepreneurial Ecosystem Evolution Using ML,8
Simulation of Labor Migration Flows Under Economic Shocks,8
Workforce Development Strategy Planning with AI Tools,8
Causal Analysis of Remote Work on Gender Employment Gaps,8
AI-Powered Workload Balancing in Service Economies,8
Modeling Labor Force Participation in Climate-Affected Regions,8
Machine Learning Models for Forecasting Labor Market Trends,8
Digital Platforms and Inclusive Economic Growth in Developing Economies,8
AI-Driven Tools for Workforce Skills Gap Analysis,8
Lean Manufacturing in SMEs: Success Factors and Challenges,8
Impact of Automation on Employment Patterns in Manufacturing,8
Simulation Models for Workforce Allocation in Smart Factories,8
Blockchain for Transparent and Fair Labor Practices,8
Remote Work Technologies and Their Effect on Productivity,8
Modeling Economic Resilience in Post-Pandemic Labor Markets,8
Entrepreneurship Education and Its Role in Sustainable Job Creation,8
Big Data Analytics for Informal Employment Monitoring,8
AI-Powered Career Recommendation Systems for Youth Employment,8
Gender Dynamics in Digital Entrepreneurship Ecosystems,8
Using Agent-Based Models to Simulate Employment Policy Impacts,8
Innovation Hubs and Regional Economic Development: A Quantitative Study,8
ICT Adoption and Job Creation in Rural Enterprises,8
Impact of Industry 4.0 on Human Capital Development,8
Game Theory Approaches to Labor Negotiation Simulations,8
Augmented Reality for Vocational Training in Emerging Markets,8
Digital Twin Models for Workforce Planning in Logistics,8
Economic Modeling of the Gig Economy in Urban Centers,8
Deep Learning for Financial Inclusion and Access to Credit,8
Global Value Chains and Employment Dynamics: A Network Analysis,8
AI in HR Analytics for Diversity and Inclusion Optimization,8
Entrepreneurial Ecosystems and Digital Infrastructure in Africa,8
Fuzzy Logic for Decision-Making in Employment Forecasting,8
Robotic Process Automation and Its Impact on Administrative Jobs,8
Workforce Training Models in Renewable Energy Sectors,8
Using Predictive Analytics to Combat Youth Unemployment,8
Data-Driven Optimization of Microfinance Loan Portfolios,8
Clustering Techniques for Identifying Regional Labor Trends,8
Impact of Export Growth on Sustainable Job Creation,8
Designing Resilient Job Matching Platforms Using AI,8
Skill Mismatch Analysis Using Natural Language Processing,8
Neural Networks for Analyzing Informal Labor Statistics,8
Digital Transformation in Traditional Manufacturing Clusters,8
Evaluating the Economic Impact of Startups in Urban Regions,8
Remote Job Platforms and the Global Distribution of Work,8
Impact of Fintech Innovation on Employment in Banking,8
AI for Fraud Detection in Small Business Lending,8
Multicriteria Decision Models for Startup Investment Selection,8
Cross-Country Analysis of Remote Work Adoption Rates,8
Modelling the Effects of Vocational Education on Employment,8
Using NLP for Analyzing Job Satisfaction Surveys,8
Smart Contracts for Freelance Labor Rights Enforcement,8
AI in Performance Appraisal Systems for SMEs,8
Tech-Driven Entrepreneurial Intentions Among University Graduates,8
Mobile Learning Platforms for Upskilling Informal Workers,8
Data Analytics in Evaluating Government Job Creation Programs,8
Economic Models of Urban Migration and Employment Shifts,8
Entrepreneurial Networks and Knowledge Spillovers: A Simulation Study,8
Cloud-Based Systems for Workforce Productivity Monitoring,8
ICT Infrastructure and Its Influence on Economic Productivity,8
Labor Force Participation Models in Aging Populations,8
Collaborative Robots and Labor Demand in Manufacturing,8
Developing Metrics for Decent Work in Digital Platforms,8
E-learning and Labor Market Integration for Refugees,8
Simulation of Labor Market Shocks Due to Global Crises,8
Data-Driven Strategies for Fair Wage Policy Development,8
Multi-Agent Simulation for Informal Sector Job Creation,8
Modeling SME Growth in Developing Economies,8
Digital Marketplaces and Micro-Entrepreneurship Growth,8
Economic Inclusion of Women Through E-Commerce Platforms,8
AI-Based Matching Algorithms in Employment Services,8
Circular Economy and Employment Transition Modeling,8
Evaluating Labor Productivity in Remote Work Environments,8
Predictive Models for Inclusive Entrepreneurship,8
Job Retention Forecasting Using Time Series Analysis,8
Reskilling Programs in Automation-Affected Industries,8
Mobile-Based Business Development Platforms for Rural Entrepreneurs,8
Entrepreneurship Intent Among Migrants Using Quantitative Models,8
Modeling Wage Growth Under Different Economic Policies,8
AI-Powered Business Incubation Platforms and Employment Impact,8
Economic Impact of Crowdfunding Platforms in SME Financing,8
Forecasting Sectoral Labor Demand in Green Economy Transitions,8
Assessing Impact of Digital Literacy on Youth Employment,8
Entrepreneurial Mindset Prediction Using Machine Learning,8
Data-Driven Policy Simulation for National Job Strategies,8
Using AI to Analyze Labor Force Survey Data,8
Simulation of Workforce Needs in Sustainable Construction,8
Big Data in Measuring Informal Economic Activity,8
Tech-Enabled Financial Services and Economic Empowerment,8
Impact of Trade Liberalization on Employment Rates,8
Workforce Diversity Optimization Through Evolutionary Algorithms,8
Startup Success Prediction Models Based on Economic Indicators,8
Remote Freelancing Platforms and Digital Labor Mobility,8
Data-Driven Entrepreneurship Support Systems for Women,8
AI Tools for SME Business Process Optimization,8
Job Mobility Forecasting in Post-Pandemic Economies,8
Design Thinking in Innovation-Driven Job Creation,8
Data Analytics for Workforce Reallocation in Green Sectors,8
Human Capital Modeling in Rapid Urbanization Contexts,8
Impact of Social Enterprises on Inclusive Employment,8
Blockchain-Enabled Credential Verification for Workers,8
Scenario Modeling for Job Market Resilience Planning,8
Mobile Job Matching Apps and Employment Access,8
Econometric Analysis of Labor Market Flexibility,8
Monitoring Workplace Safety Using Smart Sensors,8
Neural Models for Talent Recruitment Analytics,8
Predictive Models for Sustainable Economic Growth,8
Crowdsourcing Platforms and Digital Income Opportunities,8
AI-Powered Forecasting of Regional Labor Market Trends,8
Optimization Models for Fair Wage Distribution in Manufacturing,8
Evaluating the Impact of Automation on Job Displacement Using System Dynamics,8
Time Series Analysis of National Employment Growth Patterns,8
Game Theory Applications in International Trade Negotiations,8
Blockchain for Transparent Labor Contract Management,8
Predictive Modeling of Workforce Skill Gaps Using Machine Learning,8
Dynamic Simulation of Labor Migration Flows in Economic Models,8
Agent-Based Modeling of Job Market Dynamics in Urban Centers,8
Mathematical Optimization for Minimum Wage Policy Analysis,8
AI-Driven Systems for Employee Performance Evaluation,8
Data-Driven Analysis of Gender Gaps in STEM Employment,8
Lean Management Implementation in Small and Medium Enterprises,8
Econometric Modeling of Youth Unemployment in Developing Economies,8
Entrepreneurial Ecosystem Mapping Using Network Analysis,8
Computational Models for Productivity Measurement in Service Industries,8
Digital Twin Technology for Industrial Process Optimization,8
Workforce Scheduling Optimization Using Constraint Programming,8
Simulating the Impact of Green Jobs on Economic Growth,8
Decision Support Systems for SME Investment Planning,8
Bayesian Analysis of Labor Participation Trends by Demographic,8
AI-Based Resume Screening and Bias Detection Systems,8
Evaluating Supply Chain Resilience Through Monte Carlo Simulations,8
Quantifying the Economic Impact of Remote Work Technologies,8
Predictive Analytics for Assessing Labor Market Recovery Post-Crisis,8
Economics-Informed Modeling of Minimum Income Guarantee Policies,8
Text Mining of Job Postings for Emerging Skill Trends,8
Simulation of Entrepreneurship Education Impact on Job Creation,8
Optimizing Human Capital Allocation in Tech Startups,8
Big Data Approaches to Informal Economy Analysis,8
Multi-Criteria Decision Analysis for Sustainable Business Practices,8
Dynamic Input-Output Models for Regional Economic Planning,8
Modeling Labor Productivity in the Digital Transformation Era,8
Data Analytics in Evaluating Microfinance Program Outcomes,8
Fuzzy Logic Systems for Assessing Economic Inclusion,8
Mathematical Models of Occupational Health Risk in Industrial Settings,8
Social Network Analysis of Professional Development Communities,8
Sentiment Analysis of Employment Trends in Social Media Data,8
Agent-Based Models for Gig Economy Dynamics,8
Multi-Agent Systems for Simulating Corporate Innovation Processes,8
Job Recommendation Engines Based on User Behavior Analytics,8
Forecasting SME Growth Using Machine Learning Regression Models,8
Digital Platform Economy Modeling Using Network Theory,8
Real-Time Labor Market Dashboards Using Data Streams,8
Optimization of Workforce Upskilling Programs Using AI,8
Natural Language Processing for Corporate Strategy Mining,8
KPI-Driven Evaluation of Startup Success Factors,8
Measuring the Economic Impact of Sustainable Tourism Initiatives,8
Risk Analysis of Global Supply Chains Using Probabilistic Models,8
Using Neural Networks for Bankruptcy Prediction in SMEs,8
Assessing the Impact of Industrial Automation on Job Quality,8
Scenario Modeling for Inclusive Labor Policies,8
Text Analytics of Business Incubator Success Narratives,8
AI-Based Classification of Business Model Innovations,8
System Dynamics Modeling of Long-Term Employment Strategies,8
Optimization of Vocational Training Allocation Using Linear Programming,8
Quantitative Models for Work-Life Balance Assessment,8
Machine Learning for Business Cycle Phase Identification,8
Behavioral Economics Simulations in Labor Negotiation Models,8
Computational Models for Analyzing Gender Pay Equity,8
Design of Digital Platforms for Youth Entrepreneurship,8
Data-Driven Decision Making in Cooperative Business Models,8
Simulation of Policy Impacts on Informal Labor Sectors,8
Time-Use Analysis and Economic Productivity Correlation,8
Economic Network Analysis of Global Freelance Markets,8
AI-Enabled Career Pathway Recommendation Systems,8
Stochastic Simulation of Worker Retention Programs,8
Quantitative Assessment of Remote Work Adoption,8
Digital Skills Gap Prediction in Emerging Economies,8
Workforce Development Planning Using Predictive Modeling,8
AI-Powered Business Process Optimization for MSMEs,8
Dynamic Analysis of Investment in Innovation and Employment,8
Causal Inference Techniques for Policy Evaluation in Labor Economics,8
Operational Research Models for Job Matching Optimization,8
Quantitative Impact Analysis of Business Regulation Reforms,8
Forecasting Productivity Shifts Due to Workplace Automation,8
Multi-Level Modeling of Regional Economic Resilience,8
Measuring the Effects of Entrepreneurial Training on Income Growth,8
Modeling the Relationship Between Export Diversification and Employment,8
Sentiment Mining in Worker Satisfaction Surveys,8
Performance Metrics Development for Circular Economy Enterprises,8
Spatial Econometric Models of Industrial Development Zones,8
Optimizing Business Incubator Placement for Regional Growth,8
Modeling Employer Adaptation to Digital Workforce Transformation,8
Data Mining of Employee Engagement Metrics,8
Econometric Forecasting of Labor Supply in Gig Platforms,8
AI Tools for SME Financial Risk Assessment,8
Designing Algorithms for Transparent Wage Setting,8
Simulation of Economic Integration Impacts on Labor Demand,8
Kinetic Models for Workforce Transition During Technological Change,8
Bayesian Networks for Economic Risk Assessment,8
Geospatial Analysis of Workforce Distribution and Productivity,8
Linear Regression Models of Wage Elasticity in Emerging Sectors,8
Causal Modeling of Infrastructure Investments and Employment Growth,8
Assessment of Job Creation Potential in Renewable Energy Sectors,8
Impact Analysis of Tax Incentives on Entrepreneurship Rates,8
Scenario Forecasting for Economic Recovery in Post-Pandemic Eras,8
NLP for Analyzing Job Descriptions in Green Economy Sectors,8
Evaluation of Global Value Chains and Decent Work Metrics,8
Simulation of Skill Mismatch Impacts on Unemployment Rates,8
Mathematical Models for Youth Labor Market Interventions,8
Operational Efficiency Metrics in Non-Profit Enterprises,8
Dynamic Simulation of Productivity in Creative Industries,8
Smart Sensor Networks for Real-Time Urban Noise Monitoring,11
AI-Powered Traffic Flow Optimization in Metropolitan Areas,11
Solar-Powered IoT Systems for Urban Air Quality Tracking,11
Simulation of Pedestrian Behavior in Crowded Public Spaces,11
Deep Learning for Smart Waste Collection Route Planning,11
Mobile Sensing Platforms for Urban Heat Island Analysis,11
Data-Driven Analysis of Urban Bicycle Sharing Systems,11
Evaluating Green Roof Impact on Urban Microclimates,11
Urban Flood Risk Modeling Using Remote Sensing Data,11
AI-Based Prediction of Urban Housing Demand Trends,11
Computer Vision for Real-Time Monitoring of Urban Congestion,11
Simulation of Evacuation Scenarios in Urban Infrastructure,11
Autonomous Drone Surveillance for Urban Environmental Hazards,11
Dynamic Mapping of Public Transport Accessibility Using GIS,11
Smart Lighting Control Systems for Energy-Efficient Cities,11
Multi-Agent Systems for Coordinated Urban Mobility Planning,11
Predictive Analytics for Urban Infrastructure Maintenance,11
Blockchain-Enabled Smart Contracts for Housing Projects,11
Mathematical Modeling of Urban Growth and Land Use,11
NLP Analysis of Social Media for Urban Risk Detection,11
AI-Enhanced Planning of Inclusive Urban Spaces,11
Monitoring Urban Gentrification with Geospatial Analytics,11
Vehicle Emission Estimation Using On-Board Sensors,11
Smart City Twin Modeling for Infrastructure Optimization,11
Urban Land Cover Classification Using Satellite Imagery,11
Neural Network Models for Predicting Urban Expansion,11
Evaluating Accessibility of Emergency Services in Urban Areas,11
Crowdsourced Data for Real-Time Monitoring of Public Transport,11
AI-Powered Decision Support for Disaster-Resilient Cities,11
Low-Power Sensing Networks for Smart Parking Systems,11
Urban Energy Demand Forecasting Using Machine Learning,11
Urban Planning Simulations for Inclusive Neighborhood Design,11
Machine Vision for Analyzing Pedestrian-Vehicle Interactions,11
Geospatial Analysis of Urban Accessibility to Public Spaces,11
IoT-Driven Monitoring of Historical Building Conditions,11
Modeling Sustainable Commuting Behavior in Urban Settings,11
Real-Time Airborne Particle Monitoring in Smart Cities,11
AI-Based Classification of Urban Building Functionality,11
Design of Low-Impact Urban Infrastructure with Parametric Tools,11
Analysis of Mobility-as-a-Service Platforms in Smart Cities,11
Sustainable Urban Freight Distribution Using AI Optimization,11
Geospatial Clustering of Urban Housing Affordability,11
Forecasting Urban Crime Patterns with Spatiotemporal Models,11
Designing Age-Friendly Smart Cities Using Sensor Data,11
Urban Tree Canopy Mapping Using UAV-Based Imaging,11
Crowdsensing-Based Urban Accessibility Audits,11
Mobile Application for Reporting Infrastructure Hazards,11
Multi-Criteria Optimization for Urban Resilience Planning,11
NLP for Analyzing Urban Policy Documents and Trends,11
Deep Learning Models for Urban Soundscape Classification,11
Monitoring Urban Mobility Patterns via Mobile Phone Data,11
Autonomous Waste Collection Robot Navigation Algorithms,11
AI-Assisted Design of Pedestrian-Centric Urban Spaces,11
Development of Energy-Efficient Smart Building Systems,11
Social Simulation of Community Behavior During Urban Emergencies,11
Mapping Urban Inequality Using Remote Sensing and Socioeconomic Data,11
Crowdsourced Bicycle Lane Mapping with GPS and ML,11
Hybrid Modeling for Urban Transport Resilience Under Climate Change,11
AI-Powered Scenario Planning for Compact Urban Development,11
Air Quality Forecasting in Urban Environments Using RNNs,11
Spatial Analysis of Urban Green Space Distribution,11
Analysis of Energy Usage Patterns in Urban Residential Buildings,11
Public Transport Network Optimization with Graph Algorithms,11
Designing Urban Public Wi-Fi Networks for Accessibility,11
Machine Learning Models for Predicting Urban Fire Risks,11
AI-Enabled Urban Climate Resilience Frameworks,11
Digital Twins for Predictive Maintenance in Smart Cities,11
Integration of Smart Water Grids in Sustainable City Planning,11
Urban Accessibility Heatmaps Using Real-Time Transit Data,11
Designing Noise Barrier Placement Using Sound Propagation Models,11
Spatiotemporal Analysis of E-Scooter Mobility in Urban Areas,11
Wireless Sensor Deployment Strategies in Dense Urban Zones,11
Design of Smart Poles for Multi-Function Urban Data Collection,11
AI-Powered Risk Assessment of Aging Urban Infrastructure,11
Evaluating Permeable Pavement for Urban Flood Mitigation,11
Energy Harvesting Street Furniture for Smart Cities,11
Dynamic Energy Pricing Models for Urban Energy Efficiency,11
Modeling Social Cohesion in Urban Communities Using Agent Systems,11
Smart Grid Integration with Urban Renewable Energy Sources,11
GIS-Based Urban Vulnerability Assessment Frameworks,11
AI-Based Modeling of Informal Settlement Development,11
Citizen Science Platforms for Urban Environmental Monitoring,11
Mobility Simulation for Sustainable City Planning,11
Real-Time Urban Traffic Prediction Using Transformer Models,11
Design of Eco-Transport Networks for Car-Free Urban Cores,11
Microclimate Simulation for Sustainable Urban Design,11
Data Fusion for Multisource Urban Environmental Monitoring,11
Participatory Urban Mapping Using AI-Assisted Surveys,11
Deep Learning for Automated Zoning Code Enforcement,11
Sustainable Urban Logistics Optimization with Digital Twins,11
UAV-Based 3D Mapping for Post-Disaster Urban Assessment,11
Crowdsourced Evaluation of Urban Accessibility Features,11
AI for Monitoring Urban Noise Pollution Hotspots,11
Assessment of Urban Walkability Using Computer Vision,11
Electric Vehicle Charging Demand Prediction in Urban Settings,11
Monitoring Night-Time Light Emissions for Urban Activity Mapping,11
Multi-Objective Planning for Inclusive Urban Redevelopment,11
Development of Urban Alert Systems Using Sensor Fusion,11
AI-Based Framework for Managing Urban Population Density,11
Public Participation in Urban Planning via Interactive Simulations,11
Geospatial Forecasting of Urban Displacement Risk,11
Sensor-Based Identification of Traffic Bottlenecks in Cities,11
Predictive Analytics for Affordable Housing Planning,11
Autonomous Navigation Algorithms for Urban Delivery Robots,11
Crowd Behavior Detection for Urban Event Management,11
Monitoring Urban Tourism Impact Using Machine Learning,11
Smart Parking Systems Using IoT and Real-Time Data,11
Simulation of Urban Growth Using Cellular Automata Models,11
AI-Powered Traffic Flow Optimization in Smart Cities,11
Development of Low-Cost Air Quality Monitoring Devices,11
Geospatial Analysis of Urban Heat Island Effects,11
Energy-Efficient Building Design Using BIM and AI,11
Modeling Urban Flood Risk in Coastal Megacities,11
Autonomous Drone Networks for Urban Delivery Systems,11
Real-Time Noise Pollution Monitoring Using Wireless Sensors,11
Simulation of Pedestrian Dynamics in High-Density Areas,11
Data-Driven Urban Mobility Analysis Using Mobile Phone Data,11
Optimizing Waste Collection Routes Using Reinforcement Learning,11
AI-Based Decision Support for Urban Planning,11
Predictive Modeling for Public Transport Ridership Trends,11
Smart Lighting Systems for Energy-Efficient Urban Infrastructure,11
Using Computer Vision for Bicycle Lane Usage Analysis,11
Development of Urban Air Quality Forecasting Models,11
Crowd Simulation for Urban Evacuation Planning,11
AI Models for Forecasting Real Estate Trends in Cities,11
Digital Twins for Urban Infrastructure Management,11
Machine Learning for Detection of Illegal Construction,11
Simulation of Smart Water Networks in Urban Areas,11
IoT-Based Structural Health Monitoring in Smart Buildings,11
Modeling Urban Accessibility for People with Disabilities,11
AI-Driven Analysis of Walkability in Urban Neighborhoods,11
Green Roof Impact Assessment Using Environmental Sensors,11
Smart Waste Bins for Urban Sanitation Optimization,11
Dynamic Traffic Light Control Using Deep Reinforcement Learning,11
Urban Noise Mapping with Distributed Acoustic Sensors,11
Predictive Models for Traffic Accident Hotspots,11
Automated Mapping of Informal Settlements Using Satellite Imagery,11
Using AI for Optimizing Emergency Vehicle Dispatch in Cities,11
Quantifying Green Space Distribution in Metropolitan Areas,11
Real-Time Urban Navigation for the Visually Impaired,11
Development of Smart Bus Stops with Environmental Sensors,11
Simulation of Land Use Change in Expanding Cities,11
Optimization of Shared Mobility Systems Using AI,11
Smart Grid Integration in Urban Energy Planning,11
Monitoring Urban Tree Health Using Remote Sensing,11
Neural Networks for Predicting Public Transport Delays,11
Carbon Emissions Modeling in Urban Transportation Systems,11
IoT Platforms for Urban Environmental Monitoring,11
Heatwave Vulnerability Mapping in Urban Neighborhoods,11
Urban Drainage System Simulation Under Climate Scenarios,11
Data Analytics for Urban Population Density Estimation,11
Predicting Gentrification Trends Using Machine Learning,11
Augmented Reality Interfaces for Urban Planning Visualization,11
Modeling the Impact of Electric Scooters on Urban Mobility,11
AI for Real-Time Detection of Urban Traffic Violations,11
Social Media Data Analysis for Urban Event Monitoring,11
Geofencing Applications in Urban Safety Management,11
Modeling Urban Freight Transportation Networks,11
AI Tools for Identifying Urban Noise Pollution Sources,11
Digital Twin Applications in Emergency Urban Response,11
GIS-Based Analysis of Urban Green Infrastructure,11
Forecasting Energy Consumption in Urban Residential Areas,11
Design Optimization of Vertical Farming in Cities,11
AI-Assisted Urban Policy Scenario Modeling,11
Monitoring Urban Migration Patterns with Mobile Data,11
Designing Inclusive Urban Transport Systems with AI,11
Dynamic Simulation of Urban Energy Systems,11
Real-Time Analysis of Urban Water Quality Using Sensors,11
Smart City Architecture Based on Edge Computing,11
Analyzing Informal Transit Systems Using AI Models,11
Modeling the Integration of Urban Agriculture in Megacities,11
Predictive Maintenance in Urban Infrastructure Networks,11
IoT-Based Solutions for Smart City Waste Management,11
Urban Resource Optimization Using Multi-Agent Systems,11
Simulation of Urban Noise Impact on Public Health,11
Real-Time Air Pollution Tracking with Mobile Units,11
AI Models for Predicting Housing Affordability in Cities,11
Using Satellite Imagery for Monitoring Urban Expansion,11
Crowdsourced Data for Urban Disaster Resilience Planning,11
Assessment of Bicycle Infrastructure Using LIDAR Data,11
Urban Light Pollution Mapping Using Drone Imagery,11
Modeling the Impact of Urban Parks on Mental Health,11
AI-Driven Systems for Managing Urban Water Demand,11
Simulation of Traffic Diversion Strategies in Smart Cities,11
AI in Urban Sustainability Index Development,11
Development of Interactive Urban Noise Maps,11
Energy Harvesting from Urban Infrastructure Vibrations,11
Modeling the Socio-Spatial Distribution of Urban Amenities,11
Digital Inclusion in Smart City Development,11
Design of AI-Based Public Transport Route Optimizers,11
Using AI to Evaluate Urban Resilience to Heatwaves,11
Autonomous Shuttle Simulation in Mixed Traffic Environments,11
AI for Monitoring Accessibility in Urban Public Spaces,11
Predicting Urban Commute Time Variability with ML,11
Simulation of Urban Transport Network Resilience,11
Geospatial AI for Monitoring Urban Land Use Change,11
Real-Time Tracking of Urban Flooding via Sensor Networks,11
Behavioral Modeling of Commuters in Urban Metro Systems,11
Assessment of Urban Circular Economy Practices,11
Development of AI-Based Urban Crime Prediction Tools,11
Analysis of Accessibility to Public Services in Smart Cities,11
Machine Learning Models for Estimating Urban Energy Demand,11
Urban Airflow Simulation to Inform Building Placement,11
Design of Urban Cooling Corridors for Heat Mitigation,11
AI-Driven Optimization of Citywide Bicycle Sharing Systems,11
Forecasting Public Space Usage Based on Mobility Data,11
Machine Learning for Urban Transportation Mode Choice,11
Urban Equity Analysis Using Spatial Data Science,11
Real-Time Noise Mitigation in Smart City Planning,11
AI-Based Prediction of Urban Traffic Congestion Levels,11
Geospatial Mapping of Noise Pollution in Metropolitan Areas,11
Smart Lighting Optimization for Energy-Efficient Cities,11
Modeling Urban Heat Island Effects with Remote Sensing Data,11
Real-Time Air Quality Monitoring Using Low-Cost IoT Sensors,11
Predictive Analytics for Public Transport Ridership Trends,11
Agent-Based Modeling of Pedestrian Movement in Urban Spaces,11
Computer Vision for Bicycle Lane Usage Analysis,11
Simulation of Emergency Evacuation in High-Density Urban Areas,11
Digital Twin Models for Sustainable Urban Planning,11
AI-Enhanced Management of Urban Waste Collection Routes,11
Quantifying Walkability Indices Using GIS and Deep Learning,11
Time Series Forecasting of Urban Housing Demand,11
Dynamic Traffic Signal Control with Reinforcement Learning,11
NLP Analysis of Citizen Feedback in Urban Development Projects,11
3D Visualization Tools for Urban Infrastructure Resilience Planning,11
Smart Parking Allocation Systems Using Predictive Algorithms,11
Data-Driven Modeling of Urban Sprawl in Rapidly Growing Cities,11
Crowdsourced Mobility Data for Real-Time Urban Planning,11
Urban Noise Classification with Deep Learning Models,11
AI Models for Identifying Hazardous Building Structures,11
Flood Risk Mapping in Urban Zones Using Hydraulic Modeling,11
Machine Learning for Forecasting Public Bicycle Usage,11
Energy Consumption Modeling in High-Rise Residential Buildings,11
Remote Sensing for Monitoring Urban Green Space Coverage,11
Dynamic Simulation of Smart Mobility-as-a-Service Platforms,11
Urban Airflow Simulation for Pollution Dispersion Studies,11
IoT-Enabled Monitoring of Public Infrastructure Health,11
Visual SLAM for Autonomous Navigation in Urban Environments,11
Multi-Criteria Evaluation of Sustainable Urban Transport Projects,11
Urban Logistics Optimization for Last-Mile Delivery Systems,11
Machine Learning for Predicting Gentrification Patterns,11
Modeling Accessibility to Urban Services Using Spatial Data,11
AI-Driven Detection of Illegal Urban Construction,11
Smart Grid Integration in Urban Energy Systems,11
High-Resolution Mapping of Heat Stress in Urban Neighborhoods,11
Pedestrian Detection and Flow Modeling for Urban Safety,11
Simulation of Public Transit Networks with Disruption Scenarios,11
City-Level Resilience Metrics Using Multi-Source Data Fusion,11
Graph-Based Analysis of Urban Mobility Networks,11
GIS-Based Risk Assessment of Building Vulnerability to Earthquakes,11
Data Mining of Smart City Sensor Streams for Urban Insights,11
Development of Sustainable Urban Water Drainage Models,11
Real-Time Detection of Road Surface Conditions in Smart Cities,11
Sensor-Based Monitoring of Historical Building Stability,11
Forecasting Urban Energy Demand Using AI Models,11
Machine Vision for Urban Wildlife Tracking and Analysis,11
Mathematical Modeling of Urban Land Use Transitions,11
Urban Population Density Forecasting Using Satellite Imagery,11
Optimizing EV Charging Infrastructure in Dense Urban Areas,11
Evaluation of Urban Greening Policies Using Spatial Modeling,11
Application of UAVs in Monitoring Urban Infrastructure Growth,11
AI-Enhanced Safety Analysis of Urban Intersections,11
Temporal-Spatial Analysis of Urban Migration Trends,11
Geospatial Simulation of Shared Mobility System Expansion,11
Urban Waste Generation Forecasting Using Neural Networks,11
Design of Smart Urban Lighting with Adaptive Brightness Control,11
Graph Neural Networks for Modeling Urban Road Networks,11
Big Data Analytics for Urban Accessibility Assessment,11
Monitoring Indoor Air Quality in Urban Schools with IoT Sensors,11
Crowd Movement Simulation in Public Urban Spaces,11
Urban Energy Flow Modeling for District Heating Networks,11
Evaluation of Urban Disaster Resilience with Bayesian Networks,11
Autonomous Vehicle Simulation in Mixed Urban Traffic,11
Development of Inclusive Urban Design Assessment Tools,11
Modeling Urban Cycling Safety with Spatiotemporal Data,11
Predicting Structural Degradation in Urban Bridges Using AI,11
Assessment of Urban Resilience Against Climate Events,11
Deep Learning for Classification of Urban Surface Materials,11
Quantitative Analysis of Urban Vertical Expansion Patterns,11
Predictive Modeling of Urban Housing Affordability Trends,11
Simulation of Underground Infrastructure Using BIM and GIS,11
Evaluating Airborne Particulate Exposure in Transit Hubs,11
Dynamic Allocation of Shared E-Scooters in Urban Areas,11
Digital Mapping of Accessibility for Persons with Disabilities,11
Design of Noise-Reducing Urban Building Facades,11
GIS-Based Analysis of Public Facility Accessibility,11
Machine Learning Models for Urban Livability Scoring,11
Simulation of Aging Urban Water Supply Networks,11
Using AI to Assess Disaster Risk in Urban Informal Settlements,11
Automated Recognition of Road Signs in Urban Traffic Footage,11
Smartphone Sensor Data for Modeling Human Mobility in Cities,11
Remote Sensing for Assessing Informal Settlement Expansion,11
Urban Fire Risk Modeling Using Multi-Agent Systems,11
Statistical Models for Predicting Urban Tourism Demand,11
Development of Urban Sustainability Indicators Dashboard,11
AI-Based Classification of Urban Rooftop Land Use,11
Modeling the Impact of Urban Redevelopment on Local Economies,11
Crowdsourced Data for Mapping Urban Accessibility Barriers,11
Forecasting Commuter Behavior with Spatiotemporal Analytics,11
Urban Tree Canopy Mapping Using Lidar and AI,11
Reinforcement Learning for Adaptive Urban Lighting Systems,11
Sustainable Transportation Mode Choice Modeling,11
Predictive Maintenance of Urban Drainage Systems Using AI,11
Evaluation of Urban Cooling Strategies Using Thermal Imaging,11
3D GIS for Visualizing Urban Disaster Scenarios,11
Design of Real-Time Pollution Mitigation Routing Systems,11
Machine Learning for Estimating Informal Housing Populations,11
Urban Health Impact Modeling from Air Pollution Exposure,11
Data-Driven Equity Analysis of Urban Transport Networks,11
AI-Driven Urban Redevelopment Impact Simulation,11
Quantifying Urban Biodiversity Using Sensor Networks,11
Modeling Noise Exposure Effects in Urban School Environments,11
Assessment of Public Space Usage Patterns via Camera Feeds,11
AI-based optimization of manufacturing labor productivity,8
Quantum computing applications for economic modeling in labor markets,8
Sustainable energy systems and their impact on industrial employment,8
Predictive analytics for workforce development in smart factories,8
Mathematical modeling of informal labor market trends,8
Blockchain for fair wage distribution in gig economies,8
Impact of robotics on employment dynamics in SMEs,8
Digital twins for operational efficiency and job creation,8
Machine learning for job market forecasting in engineering sectors,8
Cybersecurity training as a tool for economic resilience,8
Engineering solutions to improve labor safety in construction,8
Control theory applications in supply chain employment optimization,8
Statistical methods for assessing gender disparity in STEM employment,8
Augmented reality in vocational training for youth employment,8
Industrial IoT for optimizing workforce allocation in logistics,8
Simulation of wage policies using agent-based models,8
AI-driven policy evaluation for economic growth in rural areas,8
Numerical methods for optimizing workforce scheduling,8
Nanotechnology and the future of decent work in healthcare,8
Renewable energy projects and their socioeconomic impact on communities,8
Big data analytics for monitoring economic growth indicators,8
Automation risk modeling and workforce transition strategies,8
Mathematics of labor economics under changing climate conditions,8
Smart grids and employment generation in power systems engineering,8
Decision-making models for balancing productivity and employment,8
Labor impact assessment using multi-criteria optimization,8
Stochastic models of job stability in tech-driven industries,8
Ergonomics engineering for productivity and well-being in workplaces,8
Human-centered AI systems for industrial process efficiency,8
Deep learning for skill gap analysis in engineering fields,8
Employment resilience through sustainable urban planning models,8
Sensor networks and occupational safety in hazardous industries,8
Economic modeling of public investment in digital infrastructure,8
Machine vision in industrial inspection and its employment effects,8
Economic implications of 3D printing in local manufacturing,8
Workforce development via gamified engineering education platforms,8
System dynamics modeling of employment policies,8
Materials science innovations and job growth in green industries,8
Entrepreneurial ecosystems enabled by physics-based simulations,8
Teleworking optimization through network flow algorithms,8
Labor integration modeling of migrants in engineering projects,8
Simulating the effect of AI on future employment scenarios,8
Quantum sensors and their role in industrial job innovation,8
Statistical quality control for enhancing worker productivity,8
Dynamic systems modeling for training needs forecasting,8
Computational approaches to assess economic inequality,8
Applied mathematics for gender equity in engineering fields,8
Physics-driven design of sustainable workplaces,8
Mathematics of cooperative labor in shared economy platforms,8
Energy-efficient design and employment trends in architecture,8
Smart textiles and their role in occupational health,8
Agent-based models of labor negotiation processes,8
Fuzzy logic models for workforce satisfaction assessment,8
AI for optimizing human-robot collaboration in production lines,8
Operations research for improving labor-intensive logistics,8
Sociotechnical systems engineering for inclusive work environments,8
Neural network approaches for workforce demand prediction,8
Mobility modeling and its impact on commuting labor forces,8
Data-driven approaches to entrepreneurial activity mapping,8
Engineering innovations for inclusive disability employment,8
Sustainable transportation engineering and job creation,8
Economic growth forecasting with climate constraints,8
Topology optimization in product design and manufacturing jobs,8
Physics-based modeling of labor safety in mining operations,8
Cyber-physical systems for enhancing workforce efficiency,8
Mathematical finance models for micro-enterprise development,8
Machine learning approaches for productivity benchmarking,8
Human-machine interface design and labor performance metrics,8
AI in monitoring decent working conditions in factories,8
Job satisfaction modeling using systems engineering techniques,8
Industrial process control and labor cost minimization,8
Data mining for monitoring youth unemployment patterns,8
Mathematics of cooperative game theory in labor unions,8
Discrete event simulation for workforce bottleneck reduction,8
Automated engineering inspections and employment effects,8
AI-supported decision systems for workforce reallocation,8
Additive manufacturing’s impact on local employment ecosystems,8
Multiscale modeling for regional economic development,8
Cloud computing and remote work employment structures,8
Circular economy engineering and green job potential,8
Labor training simulation in virtual environments,8
AI-based microfinance optimization for entrepreneurship,8
Quantum optimization for industrial job scheduling,8
Job impact of transitioning to renewable construction materials,8
Smart agriculture and rural employment technologies,8
Machine learning for matching workers to emerging industries,8
Econometric modeling of skill-based migration,8
Graph theory in optimizing workforce collaboration,8
Numerical simulation of economic policy effects on employment,8
Technology diffusion models and employment shifts,8
Control systems engineering for labor time efficiency,8
Deep learning for economic trend detection in job sectors,8
Ergonomic modeling of assembly lines for productivity,8
Adaptive learning systems in vocational training platforms,8
Biotechnology and employment evolution in healthcare sectors,8
AI ethics in labor monitoring systems,8
Digital platform engineering for freelancing job markets,8
Modeling public-private partnership outcomes in workforce initiatives,8
Predictive maintenance and job shifts in engineering,8
Simulation modeling of education-to-employment pipelines,8
Technological unemployment: modeling resilience strategies,8
AI-driven optimization for circular supply chains in manufacturing,12
Material flow analysis for sustainable electronics recycling,12
Mathematical modeling of waste reduction in industrial processes,12
Life cycle assessment of biodegradable polymers in packaging,12
Design of eco-efficient production systems using control theory,12
Simulation-based evaluation of industrial symbiosis networks,12
Data-driven approaches for minimizing food waste in distribution,12
Sustainable process engineering for reducing solvent use,12
Reinforcement learning for resource-efficient production planning,12
Machine learning in predicting product end-of-life for reuse,12
IoT-enabled systems for real-time waste monitoring in factories,12
Energy modeling for sustainable additive manufacturing processes,12
Physics-based modeling of heat recovery systems in production,12
Smart metering and optimization of household resource consumption,12
System dynamics for policy assessment in sustainable production,12
Eco-design strategies modeled through finite element analysis,12
Predictive maintenance for reducing material waste in industries,12
Mathematics of closed-loop supply chain design,12
Process intensification modeling for green chemistry applications,12
Blockchain for traceability in sustainable manufacturing chains,12
Numerical optimization of recycling processes for critical materials,12
Bioprocess modeling for upcycling of organic industrial waste,12
Sustainable logistics planning using linear programming,12
Technoeconomic assessment of renewable materials in construction,12
Digital twins for sustainable operations in industrial parks,12
AI-assisted decision-making for sustainable procurement,12
Environmental impact modeling of nanomaterials in electronics,12
Stochastic models for efficient use of non-renewable resources,12
Zero-waste production systems using hybrid modeling techniques,12
Optimization of energy and material flows in smart factories,12
Sustainable consumption modeling via agent-based simulations,12
Engineering design optimization for low-impact consumer products,12
Quantifying sustainability trade-offs in process design,12
Automated material sorting systems using computer vision,12
Simulation of demand-side management for energy efficiency,12
Resource-efficient urban mining strategies in electronics,12
Thermodynamic modeling of sustainable material recovery,12
Reconfigurable manufacturing systems for reducing overproduction,12
Green supply chain modeling using fuzzy logic,12
Predictive analytics for waste stream classification,12
Control systems for reducing emissions in chemical engineering,12
Mathematical analysis of eco-labeling effectiveness,12
Design of smart packaging to reduce environmental footprint,12
Computational fluid dynamics for optimizing energy recovery,12
Carbon footprint modeling of decentralized manufacturing systems,12
Optimization of batch processes for resource conservation,12
Environmental metrics modeling for sustainable product design,12
Machine learning for lifecycle inventory data estimation,12
Adaptive systems modeling in sustainable consumption research,12
Engineering education's role in promoting sustainability practices,12
Nanomaterial recovery process modeling in waste streams,12
Sustainability analytics in industrial ecology,12
Digital platforms for promoting responsible consumer behavior,12
Sustainable materials selection using multi-criteria analysis,12
AI-assisted green chemistry route prediction,12
Physics-based sensor systems for real-time pollution tracking,12
Inverse modeling of product flows in reuse networks,12
Green manufacturing KPIs modeling using statistical techniques,12
Smart waste-to-energy conversion modeling,12
Hydrodynamic modeling in sustainable water purification systems,12
Thermal energy recovery optimization in food production,12
Mathematical programming for sustainable product mix decisions,12
Multiscale modeling of circular manufacturing processes,12
Data envelopment analysis for sustainable factory benchmarking,12
Quantitative risk analysis in eco-industrial networks,12
Simulation of biorefinery waste valorization systems,12
Supply chain resilience modeling for sustainable production,12
AI in optimizing resource inputs in agri-food systems,12
Mathematical modeling of sustainable industrial transitions,12
Sustainable additive manufacturing of construction materials,12
Computational modeling for industrial energy conservation,12
Sustainable logistics network optimization using graph theory,12
Lifecycle modeling of green building components,12
AI-assisted material innovation for low-waste design,12
Optimization of chemical reactors for environmental performance,12
Intelligent systems for sustainable consumer goods production,12
Biodegradable product modeling using mechanical simulations,12
Sustainable production forecasting through neural networks,12
Modeling eco-efficiency in multi-objective optimization frameworks,12
Mathematical simulation of consumer behavior change,12
IoT-enabled resource tracking for closed-loop manufacturing,12
Energy-efficient HVAC modeling in green architecture,12
Sustainable industrial policy evaluation through system modeling,12
Hybrid simulation of water usage in industrial operations,12
Design of low-impact energy systems for micro-factories,12
Digital modeling of product reuse logistics,12
Geospatial modeling of waste generation in urban areas,12
Physics-informed ML models for material degradation tracking,12
Scenario modeling of policy impacts on plastic waste reduction,12
Statistical analysis of resource consumption patterns in industry,12
Circular design evaluation using product service system modeling,12
Sustainable textiles production modeling through process simulation,12
Life cycle optimization of electronic consumer products,12
Control theory in reducing overuse of raw materials,12
Real-time optimization of energy use in smart homes,12
Machine learning for detecting inefficiencies in production,12
Mathematical modeling for carbon-neutral manufacturing planning,12
Eco-efficiency indicators modeling using econometrics,12
Dynamic simulation of industrial water reuse systems,12
AI-enabled circular economy modeling for electronic devices,12
Systems modeling of industrial decarbonization strategies,12
Life Cycle Assessment of Biodegradable Packaging Materials,12
AI-Driven Waste Sorting Systems for Recycling Optimization,12
Machine Learning Models for Forecasting Industrial Waste Generation,12
Energy-Efficient Process Scheduling in Multi-Machine Systems,12
Blockchain for Traceability in Sustainable Supply Chains,12
Multi-Criteria Decision Analysis for Eco-Friendly Material Selection,12
Simulation of Closed-Loop Manufacturing Systems,12
Green Metrics for Assessing Industrial Process Sustainability,12
AI-Based Systems for Monitoring Product Carbon Footprints,12
Sustainable Inventory Management Using Reinforcement Learning,12
Digital Twins for Resource Optimization in Smart Manufacturing,12
Predictive Maintenance to Reduce Resource Waste in Factories,12
Eco-Design of Electronic Products Using Computational Models,12
Optimization of Material Flow in Circular Production Systems,12
Life Cycle Costing and Environmental Impact Integration,12
Modeling the Impact of Packaging Design on Waste Reduction,12
Green Supply Chain Network Design Using Genetic Algorithms,12
AI for Decision Support in Sustainable Manufacturing,12
Assessing Sustainability of Raw Material Alternatives,12
Fuzzy Logic in Eco-Efficiency Evaluation of Production Systems,12
Data Analytics for Tracking Sustainable Consumption Patterns,12
Simulation of Recycling Systems in Urban Environments,12
Digital Product Passports for Lifecycle Transparency,12
Resource Allocation Models in Cleaner Production Processes,12
AI Tools for Automating Sustainability Compliance Reporting,12
Modeling Reverse Logistics for E-Waste Management,12
Techno-Economic Assessment of Sustainable Extraction Methods,12
Integrated Environmental and Economic Performance Indicators,12
Multi-Objective Optimization for Green Product Design,12
NLP for Analyzing Sustainability Reports in Industry,12
Sustainable Scheduling in Energy-Intensive Manufacturing,12
AI-Powered Decision Models for Sustainable Procurement,12
Water Footprint Modeling in Process Industries,12
Sustainability Performance Monitoring Using IoT Devices,12
Carbon Reduction Optimization in Chemical Processes,12
Eco-Industrial Park Design Simulation and Evaluation,12
Bioprocess Modeling for Sustainable Bio-Based Products,12
Machine Vision for Quality Control in Waste Minimization,12
Decision Models for Selecting Sustainable Packaging,12
AI in Sustainable Supplier Evaluation and Ranking,12
Process Integration Techniques for Waste Heat Recovery,12
Modeling Sustainable Resource Use in Manufacturing Networks,12
Agent-Based Modeling for Sustainable Consumer Behavior,12
Real-Time Energy Monitoring in Smart Factories,12
Using Big Data to Measure Supply Chain Sustainability,12
Sustainable End-of-Life Strategies for Consumer Electronics,12
AI Algorithms for Sustainable Production Planning,12
Zero-Waste Production Systems Simulation,12
Optimizing Energy Usage in Batch Processing Plants,12
IoT-Based Material Tracking for Circular Economy Applications,12
Predictive Models for Environmental Impact of Product Use,12
Green Chemistry Integration into Chemical Process Design,12
Optimizing Return Logistics for Reusable Packaging,12
NLP-Driven Insights from Corporate Sustainability Disclosures,12
Life Cycle Inventory Analysis Using AI Tools,12
Carbon Footprint Minimization in Additive Manufacturing,12
Material Substitution Modeling for Sustainable Design,12
Optimization of Washing Processes to Reduce Water Waste,12
Sensor-Based Monitoring of Resource Usage in Production Lines,12
Green Logistics Routing Optimization Using AI,12
Modeling the Environmental Cost of Delayed Manufacturing,12
Frameworks for Evaluating Industrial Symbiosis Potential,12
AI for Identifying Waste Reduction Opportunities in Industry,12
Sustainability Metrics in Lean Manufacturing Environments,12
Circular Economy Readiness Assessment Using Fuzzy Logic,12
AI-Based Waste Forecasting Models for Urban Planning,12
Optimization of Biorefinery Configurations for Sustainability,12
Eco-Labeling Impact Assessment Using Consumer Data Analytics,12
Comparative Environmental Assessment of Solvent Alternatives,12
Reinforcement Learning for Sustainable Process Control,12
Techno-Economic Modeling of Industrial Water Reuse Systems,12
Integrating Environmental KPIs into ERP Systems,12
AI-Enhanced Tools for Cleaner Production Assessment,12
Material Flow Cost Accounting Using Process Simulation,12
Sustainable Product Lifecycle Management with Digital Tools,12
Analyzing Trade-Offs Between Cost and Environmental Impact,12
Green Manufacturing Performance Benchmarking with AI,12
Development of Early Warning Systems for Resource Waste,12
Digitalization Strategies for Sustainable Industrial Processes,12
Machine Learning for Eco-Impact Forecasting in Production,12
Modeling the Effect of Consumer Habits on Resource Use,12
Framework for Sustainable Design Decision Support,12
Optimizing Chemical Storage for Environmental Safety,12
Eco-Innovation Impact Simulation in Product Development,12
Sustainability-Oriented Process Retrofit Planning,12
Smart Waste Collection Models for Manufacturing Sites,12
AI-Based Lifecycle Optimization of Industrial Products,12
Sustainable Process Scheduling under Demand Uncertainty,12
Environmental Impact Modeling of Hybrid Manufacturing Systems,12
Decision Support Systems for Green Manufacturing Investments,12
Sustainable Operations Strategy Modeling for SMEs,12
Circular Supply Chain Modeling in Fast-Moving Consumer Goods,12
Real-Time Waste Classification with AI and Sensor Fusion,12
Green KPI Dashboards for Smart Factory Management,12
AI-Powered Systems for Environmental Compliance Monitoring,12
Simulation of Environmental Benefits from Digital Twin Adoption,12
Green Supply Chain Risk Management with Predictive Analytics,12
Dynamic Modeling of Reuse and Recycling Scenarios,12
Sustainability Trade-Off Analysis in Industrial Process Design,12
Low-Energy Production Scheduling Algorithms,12
Evaluation of Green Technology Adoption in Manufacturing,12
Carbon-Aware Production Planning with Machine Learning,12
Life Cycle Assessment of Biodegradable Packaging Materials,12
Machine Learning for Predicting Industrial Waste Generation,12
Optimization of Multi-Stage Manufacturing for Material Efficiency,12
AI-Based Systems for Monitoring Supply Chain Sustainability,12
Environmental Impact Modeling of Additive Manufacturing Processes,12
Circular Economy Simulation in Urban Industrial Parks,12
Design of Sustainable Product Life Cycles Using Digital Twins,12
Carbon Footprint Analysis of Consumer Electronics Production,12
Predictive Maintenance to Reduce Resource Waste in Manufacturing,12
Simulation of Reuse and Recycling Loops in Industrial Symbiosis,12
Fuzzy Multi-Criteria Analysis of Sustainable Procurement Decisions,12
Big Data Analytics for Tracking Corporate Sustainability Metrics,12
Dynamic Modeling of Industrial Resource Consumption Patterns,12
Sustainable Inventory Control Using Stochastic Optimization,12
Forecasting the Environmental Impact of E-Commerce Logistics,12
Design of Energy-Efficient Chemical Processing Units,12
Green Supply Chain Optimization Using Genetic Algorithms,12
Sustainability Assessment of Smart Factory Implementations,12
IoT-Enabled Waste Tracking in Industrial Operations,12
Mathematical Modeling of Raw Material Substitution Strategies,12
Technoeconomic Analysis of Waste Heat Recovery Systems,12
Blockchain Applications for Transparent Product Traceability,12
AI-Based Optimization of Packaging Design for Waste Minimization,12
Energy Consumption Modeling in Batch Production Systems,12
Decision Support Systems for Green Manufacturing Planning,12
NLP Techniques for Mining Corporate Sustainability Reports,12
Simulation of End-of-Life Scenarios for Consumer Goods,12
Evaluation of Cleaner Production Strategies in Textile Industries,12
Systems Thinking Approach to Sustainable Process Design,12
Monte Carlo Simulation of Environmental Risk in Product Chains,12
Resource Efficiency Modeling for Closed-Loop Supply Chains,12
Sustainable Manufacturing Index Development Using PCA,12
Data-Driven Evaluation of Circular Business Models,12
AI Tools for Monitoring Chemical Waste Compliance,12
Eco-Efficiency Assessment of Nanomaterial Production,12
Quantifying the Trade-Offs Between Cost and Environmental Impact,12
Environmental Decision Models for Industrial By-Product Valorization,12
Real-Time Monitoring of Energy-Intensive Manufacturing Processes,12
Environmental Accounting Using Input-Output Analysis,12
Scenario Analysis for Responsible Consumption Policy Design,12
AI-Enhanced Sustainability Scoring of Industrial Processes,12
Design of Sustainable Logistics Networks with Waste Minimization,12
Bio-Based Material Selection Using Life Cycle Indicators,12
Carbon and Water Footprint Estimation in Agricultural Production,12
Sustainable Hazardous Waste Disposal Using Optimization Algorithms,12
Eco-Design of Consumer Products with Environmental Impact Feedback,12
Predictive Modeling of Material Recovery Rates in Recycling Facilities,12
Geospatial Analysis of Waste Management Infrastructure Efficiency,12
Hybrid LCA Models for Multi-Output Production Systems,12
Technoeconomic Optimization of Biorefinery Configurations,12
Simulation of Product Take-Back Systems for Electronics,12
Development of Metrics for Industrial Eco-Innovation Assessment,12
Blockchain-Based Circular Economy Platforms for Supply Chains,12
AI-Driven Waste Classification and Sorting Systems,12
Modeling the Impact of Product Longevity on Sustainability Outcomes,12
Sustainable Sourcing Strategy Evaluation Using Game Theory,12
AI for Detecting Greenwashing in Corporate Disclosures,12
Thermodynamic Analysis of Sustainable Desalination Systems,12
Techno-Environmental Assessment of Reusable Packaging Systems,12
Predictive Analytics for End-of-Life Product Forecasting,12
Dynamic Modeling of Environmental Load in Manufacturing Plants,12
Design of Smart Meters for Sustainable Resource Monitoring,12
Material Flow Analysis of Critical Raw Materials in Industry,12
Risk Assessment Models for Hazardous Material Storage,12
Integration of Circular Economy in Process Simulation Tools,12
Green Chemistry Principles Applied to Industrial Process Design,12
AI-Powered Lifecycle Optimization of Household Appliances,12
Decision-Making Models for Industrial Water Reuse Systems,12
Multi-Objective Optimization of Bioplastic Production,12
Modeling Economic Incentives for Sustainable Consumer Behavior,12
Design of Decision Trees for Sustainable Waste Segregation,12
Geospatial Tools for Analyzing Regional Waste Generation Trends,12
Analysis of Industrial Metabolism in Urban Manufacturing Hubs,12
AI-Enabled Tools for Real-Time Resource Usage Feedback,12
Systems Modeling of Renewable Material Substitution in Industry,12
Sustainable Design Metrics for Smart Product Development,12
Circularity Assessment of Recycled Construction Materials,12
Waste Minimization Through AI-Based Quality Control,12
Energy and Emission Modeling in Sustainable Cement Manufacturing,12
Developing KPIs for Tracking Sustainable Production Practices,12
Predicting the Lifecycle Environmental Costs of Emerging Technologies,12
Digital Monitoring Platforms for Sustainable Industrial Operations,12
Eco-Innovation Potential Mapping with Machine Learning,12
Neural Network Models for Predicting Process Resource Intensity,12
Sustainable Supply Chain Risk Modeling Using Bayesian Networks,12
Scenario-Based Modeling of Resource Recovery Systems,12
Carbon Neutrality Planning Tools for Industrial Parks,12
Technoeconomic Evaluation of Pyrolysis-Based Waste Conversion,12
Process Simulation of Bio-Based Feedstock Substitution,12
Optimization of Industrial Material Cascading Pathways,12
Life Cycle Simulation of Sustainable Mobility Solutions,12
Quantitative Modeling of Shared Responsibility in Product Lifecycles,12
AI for Optimization of Modular Reusable Product Design,12
Sustainability-Focused Process Integration in Petrochemical Industry,12
Reverse Logistics Network Design for Textile Recycling,12
Decision Models for Upcycling Strategies in Consumer Electronics,12
Quantifying the Impact of Behavioral Nudges on Product Disposal,12
Design Thinking Frameworks for Sustainable Industrial Innovation,12
Multicriteria Analysis for Evaluating Zero-Waste Initiatives,12
Energy-Environmental Modeling for Agricultural Supply Chains,12
Circular Economy-Based Policy Modeling Using System Dynamics,12
AI-Based Optimization of Supply Chains for Waste Reduction,12
Life Cycle Assessment of Biodegradable Packaging Materials,12
Data-Driven Strategies for Circular Economy in Manufacturing,12
Machine Learning Models for Predicting Industrial Waste Generation,12
Eco-Efficiency Analysis of Additive Manufacturing Processes,12
Sustainable Product Design Using Multi-Criteria Decision Making,12
Blockchain for Traceability in Sustainable Supply Chains,12
Energy Consumption Forecasting in Smart Manufacturing Systems,12
Material Flow Analysis for Zero-Waste Production Systems,12
Optimization of Reverse Logistics for E-Waste Management,12
Sustainable Inventory Control Using Reinforcement Learning,12
Big Data Analytics for Monitoring Industrial Resource Use,12
Green Chemistry Process Design with AI-Driven Modeling,12
Real-Time Monitoring of Industrial Emissions Using IoT,12
Predictive Maintenance for Reducing Production Waste,12
Digital Twins for Resource Efficiency in Industrial Plants,12
Life Cycle Costing Integrated with Environmental Impact Models,12
Design of Eco-Friendly Production Lines in Automotive Industry,12
Carbon Footprint Analysis in Smart Packaging Systems,12
AI-Powered Process Control to Minimize Material Waste,12
Closed-Loop Supply Chain Optimization Using Genetic Algorithms,12
Multi-Objective Optimization of Sustainable Manufacturing Systems,12
AI for Identifying Opportunities in Product Life Extension,12
Design of Reusable Components in Modular Product Development,12
Environmental Impact Simulation of Packaging Alternatives,12
Predictive Models for Sustainable Raw Material Substitution,12
Smart Waste Sorting with Image Recognition Systems,12
Eco-Design Guidelines for Electronics Based on Usage Data,12
AI-Enabled Waste Valorization in Chemical Manufacturing,12
NLP Analysis of Corporate Sustainability Reports,12
Digital Platforms for Sharing Economy in Urban Logistics,12
System Dynamics Modeling of Sustainable Consumption Behaviors,12
Sustainable Procurement Optimization Using Fuzzy Logic,12
AI-Based Lifecycle Forecasting of Consumer Products,12
Geospatial Analysis of Resource Usage Hotspots in Industry,12
Sustainability Metrics Integration into ERP Systems,12
Quantifying Environmental Benefits of Product Repair Networks,12
Simulation of Sustainable Materials Substitution Scenarios,12
Designing Energy-Efficient Scheduling Algorithms in Industry,12
Circular Product Lifecycle Modeling Using Ontologies,12
Machine Learning for Demand Forecasting in Eco-Friendly Retail,12
Process Integration for Minimizing Water Usage in Production,12
Energy Recovery Optimization in Food Processing Plants,12
IoT-Driven Sustainability Metrics in Real-Time Manufacturing,12
Evaluating Reusability of Industrial Byproducts Using AI,12
Virtual Screening of Green Solvents in Extraction Processes,12
Carbon-Aware Logistics Route Optimization Algorithms,12
Data Analytics for Consumer Behavior in Sustainable Products,12
Energy-Efficient Process Design in Pulp and Paper Industry,12
Simulating Economic Impact of Zero-Waste Manufacturing Policies,12
Optimization of Biowaste Utilization in Agriculture Supply Chains,12
Sustainability-Driven Supplier Selection Using AHP-TOPSIS,12
AI for Predicting Environmental Compliance in Production Plants,12
Assessment of Digital Tools for Sustainable Supply Chain Management,12
Integrating Social and Environmental Indicators in Product Scoring,12
Smart Sensors for Monitoring Sustainable Chemical Processing,12
Lifecycle-Based Decision Support for Sustainable Process Design,12
Development of Digital Platforms for Sustainable Product Labeling,12
Design of Remanufacturing Systems for Consumer Electronics,12
Virtual Auditing Tools for Corporate Sustainability Assessment,12
Forecasting Sustainability Trends in Industrial Sectors Using ML,12
Sustainability Impact of On-Demand Manufacturing Systems,12
Digital Innovation for Minimizing Environmental Impact of Fashion,12
Optimization of Cleaning-in-Place Systems for Water Saving,12
Product-Service System Modeling for Resource Efficiency,12
Predictive Analytics in Circular Textile Supply Chains,12
Eco-Friendly Materials Selection for Sustainable Packaging Design,12
Sensor Networks for Monitoring Chemical Usage in Industry,12
Energy Minimization in Thermal Treatment of Industrial Waste,12
Decision Models for Sustainable End-of-Life Product Management,12
AI-Powered Environmental Risk Analysis in Production Facilities,12
Sustainability KPIs for Lean Manufacturing Systems,12
Evaluation of Smart Metering for Industrial Energy Reduction,12
Techno-Economic Assessment of Sustainable Biorefinery Processes,12
AI-Based Analysis of Environmental Hotspots in Manufacturing,12
Life Cycle Simulation of Alternative Fuel Use in Industry,12
Digital Circular Economy Frameworks for Industrial Sectors,12
Automated Classification of Hazardous Waste Using Vision Systems,12
AI for Optimizing Sustainable Sourcing Decisions,12
Smart Inventory Systems for Eco-Conscious Warehousing,12
Sustainability Trade-Off Analysis in Process Intensification,12
Green Metrics Integration in Real-Time Production Dashboards,12
AI-Based Solutions for Minimizing Overproduction in Factories,12
Virtual Prototyping for Sustainable Product Development,12
Tracking Material Circularity with Blockchain Technology,12
Resource-Efficient Manufacturing via Hybrid Process Modeling,12
Cloud-Based Monitoring of Sustainable Production Metrics,12
Predictive Sustainability Scoring of Consumer Goods,12
Design of Zero-Waste Assembly Lines Using AI Planning,12
Carbon-Aware Resource Allocation in Smart Factories,12
Circular Economy Simulation for Urban Manufacturing Hubs,12
Eco-Indexing Systems for Industrial Product Portfolios,12
Smart Material Tracking for Sustainable Construction Practices,12
Multi-Criteria Evaluation of Green Innovation in Industry,12
Lifecycle Decision Models for Durable Goods Production,12
AI-Based Resource Footprint Estimation in Food Manufacturing,12
Optimization of Bio-Based Materials in Product Design,12
Sustainability Impact Forecasting Using Ensemble Learning,12
Assessment of Resource Consumption in 3D Printing Applications,12
Sustainable Process Network Design Under Uncertainty,12
Big Data-Driven Innovation in Resource Recovery Processes,12
Intelligent Waste Stream Segregation Using AI Vision,12
Dynamic Modeling of Circular Manufacturing Ecosystems,12
Forecasting Circular Product Returns Using Deep Learning,12
Smart traffic light optimization using deep reinforcement learning,11
Urban air quality prediction with hybrid neural networks,11
Geospatial analysis of green space accessibility in megacities,11
Sensor-based early warning systems for urban flooding,11
Mathematical modeling of noise pollution in high-density areas,11
IoT-enabled smart waste collection systems for urban centers,11
Simulation of emergency evacuation in underground transit systems,11
Real-time traffic monitoring using edge computing platforms,11
AI-based prediction of urban heat island effects,11
Optimization of bike-sharing networks using graph algorithms,11
Machine vision for urban road damage detection and repair planning,11
Energy-efficient design modeling of smart buildings,11
Traffic flow modeling in sustainable transportation networks,11
Quantitative analysis of urban sprawl using satellite imagery,11
Mathematical simulation of public transport reliability,11
Airborne particulate matter tracking using drone sensor networks,11
Sustainable housing design optimization using parametric modeling,11
Control systems for adaptive street lighting in cities,11
Spatial modeling of pedestrian safety in urban corridors,11
Digital twins for predictive maintenance in city infrastructure,11
Neural networks for noise classification in smart cities,11
Smart water distribution systems modeling in urban environments,11
Forecasting urban energy demand with time series models,11
AI-supported mapping of informal settlements for policy planning,11
Crowdsourced data modeling for smart mobility services,11
Autonomous vehicle behavior modeling in dense urban settings,11
GIS-based analysis of urban disaster risk zones,11
Agent-based modeling of sustainable urban mobility behaviors,11
Real-time simulation of fire response systems in cities,11
Sensor integration for urban heat mapping with high resolution,11
AI-assisted monitoring of cultural heritage preservation,11
Resilient infrastructure design modeling under extreme weather,11
Mathematical optimization of urban logistics routes,11
Multi-objective planning for low-emission public transit,11
Indoor air quality modeling in high-rise residential buildings,11
Sustainable land use simulation through cellular automata,11
AI-based planning tools for walkable cities,11
Smart grid modeling for sustainable urban power distribution,11
Environmental modeling of noise mitigation measures in cities,11
IoT systems for real-time flood management in urban basins,11
Urban ecosystem services modeling for planning decisions,11
Traffic congestion modeling with fuzzy logic systems,11
Modeling urban accessibility for differently-abled individuals,11
Public transport route optimization using ant colony algorithms,11
Green infrastructure design through simulation-based analysis,11
Urban waste stream modeling for circular economy strategies,11
AI-enabled surveillance for public safety in smart cities,11
Integration of electric vehicles into urban power grids,11
Vibration modeling in urban rail infrastructure,11
Air pollution dispersion modeling using CFD in urban canyons,11
Geoinformatics for mapping urban vulnerability hotspots,11
Optimization of vertical farming systems in dense cities,11
Sustainable commuting patterns analysis using mobility data,11
AI-based analysis of human mobility during urban emergencies,11
Smart parking prediction models using machine learning,11
Electromagnetic pollution modeling in urban wireless networks,11
Augmented reality for urban navigation and accessibility,11
Energy modeling of urban retrofitting projects,11
Geospatial big data for optimizing city land use planning,11
Machine learning for mapping urban noise hotspots,11
Crowd dynamics modeling in large-scale urban events,11
Solar potential modeling for building-integrated photovoltaics,11
Optimization of urban tree planting for microclimate regulation,11
Data-driven modeling of sustainable transport adoption,11
AI-assisted modeling of urban freight transport efficiency,11
Urban resilience modeling to seismic hazards,11
Building energy consumption prediction using ML models,11
Geospatial AI for real-time urban condition monitoring,11
Pedestrian flow modeling for urban street redesign,11
Urban water demand forecasting using deep learning,11
Modeling smart zoning policies with spatial statistics,11
Neural network-based modeling for eco-district performance,11
Evaluation of smart city KPIs through system dynamics,11
Modeling sustainable housing affordability indices,11
3D city modeling for inclusive urban planning,11
Mathematical modeling of pollution exposure in transport hubs,11
Digital mapping of urban night-time light emissions,11
Modeling autonomous drone traffic in urban airspaces,11
Dynamic simulation of energy flows in urban blocks,11
Predictive modeling of public space usage patterns,11
Urban noise impact simulation on mental well-being,11
Traffic signal synchronization using genetic algorithms,11
Behavioral modeling of shared micromobility users,11
AI-driven infrastructure fault detection in urban grids,11
Energy harvesting modeling from urban foot traffic,11
Mathematical modeling of water leakage in aging infrastructure,11
Smart building HVAC optimization for dense urban areas,11
Mobile sensor network modeling for urban air toxicity,11
Design optimization for low-impact urban stormwater systems,11
Geospatial modeling of population exposure to air pollution,11
Urban development scenario modeling under climate constraints,11
AI-based planning for compact urban form and mixed use,11
Modeling electric microtransit systems for first-mile solutions,11
Simulation of flood pathways in impervious urban surfaces,11
Assessment models for smart infrastructure investments,11
AI-enhanced modeling of shared urban delivery networks,11
Smart signage system design using reinforcement learning,11
Modeling resilience in urban transportation to pandemics,11
Crowd simulation for metro station design optimization,11
Sensor fusion models for monitoring urban environmental quality,11
Green roof thermal modeling for energy savings in cities,11
GIS-based flood vulnerability modeling of urban catchments,11
Air quality sensor calibration models in high-rise buildings,11
AI-driven modeling of carbon sequestration potential in urban forests,13
Climate-resilient infrastructure design using probabilistic methods,13
Machine learning for long-term climate pattern forecasting,13
Mathematical modeling of decarbonization pathways in industry,13
Optimization of renewable integration in climate-sensitive grids,13
Geospatial analysis of vulnerability to sea-level rise,13
Stochastic modeling of climate-induced supply chain disruptions,13
Simulation of carbon pricing impacts on national emissions,13
Numerical modeling of glacial melt contribution to sea level,13
Renewable energy policy simulation using system dynamics,13
Physics-based modeling of polar ice sheet dynamics,13
Energy transition modeling using multi-objective optimization,13
Climate adaptation strategies modeled for coastal cities,13
AI-assisted monitoring of carbon fluxes in forest ecosystems,13
Life cycle assessment modeling of climate-neutral buildings,13
Wind energy forecasting using hybrid neural networks,13
Mathematical modeling of global carbon budget scenarios,13
Dynamic simulation of urban heat mitigation strategies,13
Data-driven models for tracking national emission commitments,13
Thermal modeling of climate-resilient construction materials,13
Econometric modeling of climate finance policy effectiveness,13
AI-enabled modeling of extreme weather event prediction,13
Geophysical modeling of ocean acidification processes,13
Carbon capture and storage optimization using control theory,13
Modeling cross-border carbon leakage in trade networks,13
Greenhouse gas inventory simulation for industrial sectors,13
Energy efficiency modeling in decarbonized smart cities,13
AI for satellite-based monitoring of global deforestation,13
Decision support models for climate risk in agriculture,13
Mathematical simulation of permafrost thawing impacts,13
Integrated assessment modeling of global climate action,13
Neural networks for modeling climate-induced migration flows,13
Simulation of climate change effects on hydropower systems,13
Financial risk modeling under climate change scenarios,13
Modeling of urban albedo modification for climate mitigation,13
Carbon footprint analysis of digital infrastructure expansion,13
Fuzzy logic modeling for climate resilience planning,13
Hybrid energy system optimization for low-emission zones,13
Physics-informed neural networks for climate modeling,13
Multi-criteria analysis of low-carbon transportation systems,13
Real-time climate data assimilation in forecasting models,13
Carbon intensity modeling in heavy industry processes,13
Green finance impact modeling on carbon neutrality goals,13
Satellite image analysis for wildfire impact assessment,13
Quantitative modeling of climate justice and equity metrics,13
Climate change adaptation modeling in irrigation systems,13
Sustainable aviation modeling through fuel alternatives,13
Urban climate modeling for heatwave risk assessment,13
Optimization of building design for climate resilience,13
Climate-smart agriculture modeling using sensor networks,13
Big data analytics for climate risk assessment in insurance,13
Hydrological modeling of drought risk under climate change,13
Assessment of national climate pledges using scenario models,13
Carbon emissions modeling from autonomous transport systems,13
Economics of climate adaptation modeled via game theory,13
Predictive modeling of climate-driven ecosystem collapse,13
Wind farm layout optimization under climate variability,13
Remote sensing for glacier monitoring under global warming,13
Energy policy impact simulation on GHG reduction targets,13
Climate-related financial disclosure modeling in banking,13
AI-supported decision tools for corporate climate action,13
Mathematical modeling of methane emissions from wetlands,13
Forest fire spread modeling under climate change stressors,13
Decentralized energy systems modeling for carbon reduction,13
Simulation of emission trading systems in regional markets,13
Climate vulnerability index modeling using spatial statistics,13
Deep learning for detection of illegal deforestation,13
Adaptive climate control systems for urban dwellings,13
Geoengineering scenario modeling using climate simulations,13
Machine learning for predicting agricultural yield shifts,13
Modeling economic incentives for renewable technology adoption,13
Carbon offset effectiveness modeling in voluntary markets,13
Climate migration projection using integrated data models,13
Optimization of reforestation zones using remote sensing,13
Emissions benchmarking modeling for industrial decarbonization,13
Temperature anomaly modeling from historical climate datasets,13
Hydrodynamic modeling of sea-level rise in deltas,13
Carbon trading simulation platforms for policy testing,13
Predictive modeling of biodiversity loss under climate stress,13
Resilient energy microgrid design for disaster-prone regions,13
GHG lifecycle modeling of alternative fuels in transport,13
Mathematics of climate tipping points and feedback loops,13
Behavioral modeling of consumer responses to climate policy,13
AI-enhanced modeling of cross-sector climate co-benefits,13
Multiscale modeling of urban climate systems,13
Statistical modeling of climate-related insurance claims,13
Green technology diffusion modeling under climate constraints,13
Mathematical modeling of atmospheric circulation changes,13
Bioenergy policy modeling and its climate impact,13
Scenario analysis of fossil fuel divestment impacts,13
Modeling sustainable investment portfolios under climate risks,13
Dynamic modeling of thermal resilience in passive housing,13
AI-enabled optimization of climate-resilient road networks,13
Climate action progress tracking using blockchain technologies,13
Economic impact modeling of delayed climate action,13
AI in precision reforestation planning and monitoring,13
Urban carbon cycle modeling using multi-source data,13
Agricultural emissions forecasting under climate change,13
Modeling transition risks in fossil-dependent economies,13
Optimization of carbon-negative material production,13
Water stress modeling under shifting climate conditions,13
Predictive modeling of climate emergency response logistics,13
Real-time modeling of global energy transition trajectories,13
AI-Powered Climate Models for Predicting Global Temperature Rise,13
Carbon Capture Optimization in Power Plants Using Machine Learning,13
Climate Risk Assessment of Urban Areas Using Remote Sensing,13
Deep Learning for Detection of Deforestation Hotspots,13
Scenario Analysis of Greenhouse Gas Mitigation Strategies,13
Decarbonization Pathways for Heavy Industries with Techno-Economic Models,13
Renewable Energy Integration for Climate-Resilient Infrastructure,13
Quantifying the Impact of Extreme Weather Events on Agriculture,13
Digital Twin Models for Coastal Climate Adaptation Planning,13
Predictive Models for Carbon Market Volatility,13
AI-Based Forecasting of Glacier Retreat in Alpine Regions,13
Blockchain for Transparent Climate Finance Reporting,13
Optimization of Energy Systems for Carbon Neutrality Goals,13
Data-Driven Strategies for Climate-Resilient Urban Design,13
Geospatial Mapping of Climate-Induced Migration Patterns,13
Simulation of Carbon Pricing Impacts on National Economies,13
Assessment of Climate Change Vulnerability in Coastal Cities,13
Smart Grid Optimization for Climate-Sensitive Energy Management,13
Mathematical Modeling of Arctic Ice Melt Trends,13
Forecasting Global Sea-Level Rise Using Satellite Data and AI,13
Analyzing the Relationship Between Economic Growth and CO2 Emissions,13
Digital Monitoring of Methane Emissions from Oil Fields,13
Quantitative Models for Assessing Climate Investment Risk,13
Multi-Objective Optimization for National Emission Reduction Policies,13
Renewable Energy Transition Scenarios for Climate Action Plans,13
AI for Evaluating Climate Adaptation Measures in Agriculture,13
Predictive Maintenance in Solar Farms to Maximize Carbon Offsets,13
Time Series Analysis of Historical Climate Variability,13
Integration of Climate Resilience Metrics in Infrastructure Design,13
AI-Based Decision Support Systems for Carbon Neutral Cities,13
Comparative Study of Carbon Emission Trading Systems,13
Design of Low-Carbon Urban Mobility Systems Using Simulation,13
Techno-Economic Analysis of Hydrogen as a Clean Fuel Alternative,13
Assessment of Climate Change Impact on Hydropower Generation,13
AI-Based Climate Risk Modeling for Insurance Applications,13
Development of Early Warning Systems for Climate Disasters,13
Optimizing Green Building Performance for Carbon Reduction,13
Scenario Modeling of Industrial Emission Pathways,13
Satellite-Based Monitoring of Drought Patterns,13
Climate Impact Analysis of International Trade Flows,13
Modeling the Carbon Footprint of E-Commerce Supply Chains,13
AI-Driven Carbon Intensity Prediction in Smart Grids,13
Energy Transition Models for Climate Policy Evaluation,13
Assessment of Carbon Neutral Technologies in Cement Industry,13
Evaluating the Climate Impact of Digital Infrastructure Growth,13
Real-Time Monitoring of CO2 Levels in Urban Centers,13
Green Investment Risk Forecasting Using Machine Learning,13
Modeling Climate Change Effects on Global Food Systems,13
AI for Optimizing Renewable Energy Resource Allocation,13
Climate-Adaptive Architecture Using Environmental Simulation Tools,13
Developing Climate Resilient Transport Systems,13
Geospatial Analysis of Wildfire Risk Under Climate Change,13
AI Tools for Sustainable Land Use Planning in Climate Action,13
Blockchain-Enabled Carbon Credit Verification Systems,13
Quantifying Greenhouse Gas Reductions from Public Transit Upgrades,13
Integrated Assessment Models for Climate Policy Decision Making,13
AI-Enabled Climate Litigation Risk Analytics,13
Modeling the Socioeconomic Impacts of Climate Change Scenarios,13
Dynamic Carbon Budgeting Models for Climate Governance,13
Optimization of Urban Cooling Strategies to Combat Heatwaves,13
Neural Networks for Predicting Ocean Temperature Anomalies,13
Assessing the Role of Finance in Climate-Resilient Development,13
Design of Nature-Based Solutions for Coastal Climate Resilience,13
Big Data Analytics for Evaluating Climate Mitigation Projects,13
Techno-Economic Assessment of Bioenergy Carbon Capture Systems,13
Real-Time Visualization Tools for Climate Data Analytics,13
Machine Learning for Identifying Patterns in Global Climate Data,13
Forecasting Seasonal Climate Variability Using Ensemble Models,13
Green Infrastructure Planning for Flood Resilience,13
Optimization of Smart Irrigation Systems Under Climate Uncertainty,13
Climate-Sensitive Investment Portfolios Using Quantitative Models,13
AI for Predicting Coral Bleaching Events Linked to Climate Stress,13
Design of Carbon-Aware Logistics Networks,13
Climate Resilience Assessment of Renewable Energy Systems,13
AI-Powered Monitoring of Ecosystem Carbon Sequestration,13
Behavioral Models of Public Engagement in Climate Action,13
Sustainable Business Models in Climate Risk Financing,13
Energy Consumption and Carbon Emissions Coupling Analysis,13
Predictive Models of Agricultural Yield Under Climate Change,13
Decision Support Tools for Climate Policy Trade-Off Analysis,13
Modeling Long-Term Climate Scenarios for Strategic Planning,13
Quantitative Risk Models for Insurance Against Climate Losses,13
Digital Platforms for Citizen Engagement in Climate Initiatives,13
Spatial Forecasting of Climate Impacts on Water Resources,13
Carbon-Neutral Supply Chain Design Using AI Optimization,13
Smart Urban Design for Mitigating Heat Island Effects,13
AI for Accelerating Carbon Negative Innovation,13
Mathematical Modeling of Policy Impact on Emission Pathways,13
Forecasting Green Job Growth from Climate Transition Policies,13
Geoengineering Scenario Analysis Using System Dynamics,13
Machine Learning-Based Climate Disclosure Assessment,13
Evaluation of Urban Climate Vulnerability Hotspots,13
AI-Powered Climate Strategy Planning for City Governments,13
Financial Modeling of Climate Bonds for Resilient Infrastructure,13
Modeling the Impact of Electrification on National Emissions,13
Data Fusion for Integrated Climate Impact Assessment,13
Optimizing Community Solar Programs for Climate Equity,13
AI-Driven Scenario Planning for Renewable Transition,13
Developing Climate Metrics for Corporate Sustainability Reporting,13
Simulation of Energy Poverty Reduction Under Climate Action Plans,13
Modeling Resilient Economic Recovery Strategies Post Climate Events,13
AI-Enhanced Climate Risk Modeling for Coastal Cities,13
Carbon Pricing Models and Their Effect on Emission Reduction,13
Renewable Energy Transition Scenarios Under Climate Constraints,13
Modeling Carbon Sequestration Potential of Urban Forests,13
Simulation of Global Temperature Trends Using Climate Models,13
Carbon Budget Allocation Using Game Theory Approaches,13
AI for Real-Time Monitoring of Greenhouse Gas Emissions,13
Climate-Aware Optimization of Power Grid Operations,13
Machine Learning for Predicting Drought Risk in Agriculture,13
Assessment of Climate Vulnerability Using GIS and Remote Sensing,13
Data-Driven Models for Evaluating Climate Mitigation Policies,13
Blockchain Applications in Carbon Credit Verification,13
Greenhouse Gas Emission Forecasting in Industrial Zones,13
Techno-Economic Evaluation of Carbon Capture Technologies,13
Climate-Resilient Infrastructure Design Using Simulation Models,13
Deep Learning Models for Analyzing Extreme Weather Events,13
AI Tools for Optimizing Renewable Energy Under Climate Variability,13
Modeling the Impact of Urbanization on Regional Climate,13
Climate Risk Disclosure Analysis Using NLP Techniques,13
Scenario Analysis for Nationally Determined Contributions (NDCs),13
Geospatial Analysis of Sea Level Rise Impacts,13
Simulation of Climate-Induced Migration Patterns,13
Policy Optimization for Emission Reductions in Transportation,13
Dynamic Modeling of Climate-Sensitive Supply Chains,13
Machine Learning for Energy-Efficient Climate Adaptation Systems,13
Carbon-Neutral Urban Planning with Predictive Analytics,13
Modeling Feedback Loops in Earth System Climate Models,13
Sustainability Metrics for Evaluating Climate Policy Impact,13
Risk Assessment of Renewable Projects Under Climate Stress,13
Spatiotemporal Modeling of CO2 Emissions in Megacities,13
Designing Financial Instruments for Climate Risk Transfer,13
AI-Based Monitoring of Deforestation and Emission Hotspots,13
Integration of Climate Risk in Business Continuity Planning,13
Assessing the Role of Digital Finance in Climate Resilience,13
Predictive Models for Wildfire Occurrence Under Climate Change,13
Climate-Driven Crop Yield Forecasting Using Neural Networks,13
Evaluating the Effectiveness of Green Bonds in Climate Finance,13
AI for Early Warning Systems in Climate-Induced Disasters,13
Simulation of Carbon Footprint in Supply Chain Networks,13
Climate Mitigation Planning Using Urban Digital Twins,13
Carbon Intensity Forecasting Using Deep Learning Techniques,13
Big Data Analytics in Corporate Climate Risk Reporting,13
Optimizing Energy Systems for Net-Zero Emission Targets,13
AI for Climate-Aware Investment Portfolio Optimization,13
Modeling Resilience of Transportation Networks to Climate Shocks,13
Quantitative Analysis of Climate-Related Financial Risk,13
Evaluating Carbon Tax Scenarios in Emerging Economies,13
Smart Irrigation Systems for Climate-Resilient Farming,13
Life Cycle Emission Modeling for Green Technologies,13
AI-Powered Climate Adaptation Framework for Urban Development,13
Carbon Offset Validation Using Remote Sensing and AI,13
Assessing Climate Change Impact on Hydropower Generation,13
Designing Incentives for Low-Carbon Innovation in Industry,13
Simulating Policy Impacts on Emissions Using System Dynamics,13
AI-Based Classification of Climate Adaptation Strategies,13
Machine Learning Models for Regional Climate Projections,13
Economic Modeling of Fossil Fuel Subsidy Reforms,13
Real-Time Monitoring of Methane Emissions in Oil Fields,13
Assessing Climate-Smart Urban Mobility Solutions,13
Optimization of Climate Change Mitigation in Urban Infrastructure,13
Analyzing Climate Risk Exposure in Financial Institutions,13
Behavioral Modeling of Public Response to Climate Policies,13
Quantifying the Impact of ESG Practices on Emissions,13
Scenario-Based Planning for Climate-Resilient Cities,13
Modeling the Economic Impacts of Climate Migration,13
Digital Carbon Accounting Platforms for Enterprises,13
Geoengineering Techniques: Modeling Risks and Benefits,13
Predictive Analysis of Arctic Ice Melt and Sea-Level Rise,13
Simulating Renewable Integration in Climate-Stressed Grids,13
Carbon-Efficient Logistics Optimization Using AI,13
Analysis of Corporate Net-Zero Pledges Using Text Mining,13
Designing Climate Insurance Products with Risk Analytics,13
Smart Grid Simulation Under Climate Disruption Scenarios,13
Sustainable Urban Cooling Strategies Under Warming Trends,13
Emissions Pathways for Achieving the 1.5°C Goal,13
Quantitative Assessment of Climate-Induced Water Scarcity,13
AI-Driven Models for Analyzing Climate Legislation Impacts,13
Climate Finance Allocation Modeling for Developing Countries,13
Carbon Footprint Prediction of E-Commerce Systems,13
Climate-Aware Retrofitting Strategies for Existing Buildings,13
AI for Integrated Climate-Energy-Economic Modeling,13
Evaluating the Resilience of Food Systems to Climate Shocks,13
CO2 Emissions Forecasting in Electricity Markets Using AI,13
Data Fusion for High-Resolution Emissions Mapping,13
Decarbonization Scenarios for Heavy Industry Sectors,13
Deep Reinforcement Learning for Climate Policy Optimization,13
Evaluating International Cooperation on Climate Targets,13
Climate Impact Modeling of Urban Expansion Patterns,13
Quantifying Social Cost of Carbon Using Econometric Models,13
Forecasting Climate-Induced Energy Demand Variability,13
Digital Technologies for Monitoring Climate Finance Flows,13
Assessing the Impact of ESG Scores on Carbon Intensity,13
Data-Driven Climate Risk Ratings for Corporate Portfolios,13
AI for Climate-Resilient Infrastructure Risk Assessment,13
Monitoring Energy Transition Progress via Satellite Data,13
Climate-Sensitive Investment Strategy Simulation,13
Sustainability Analytics for Emission Reduction Portfolios,13
Evaluating Emission Leakage in Global Trade Systems,13
Greenhouse Gas Accounting in Decentralized Energy Systems,13
Modeling Low-Carbon Technology Adoption in SMEs,13
Quantitative Tools for Climate Transition Risk Assessment,13
AI-Based Solutions for Scope 3 Emission Estimations,13
Optimization of Carbon Neutrality Strategies in Smart Cities,13
Machine Learning Models for Climate-Induced Flood Risk Forecasting,13
AI-Driven Simulation of CO2 Emissions Under Different Policy Scenarios,13
Carbon Pricing Models and Their Impact on Industrial Emissions,13
Optimization of Carbon Capture in Natural Gas Power Plants,13
Agent-Based Modeling of Climate Adaptation in Coastal Communities,13
Deep Learning for Satellite-Based Greenhouse Gas Monitoring,13
Integrated Assessment Models for National Climate Strategies,13
Stochastic Simulation of Climate-Resilient Infrastructure Systems,13
Neural Networks for Predicting Drought Conditions from Climate Data,13
Multi-Objective Optimization for Renewable Energy Transition Planning,13
Quantifying the Feedback Loop Between Urbanization and Climate Change,13
Machine Learning for Anomaly Detection in Climate Time Series,13
Life Cycle Emission Analysis for Low-Carbon Technology Portfolios,13
Scenario-Based Modeling of Net-Zero Transition Pathways,13
Bayesian Inference Models for Climate Sensitivity Estimation,13
Modeling Economic Impacts of Carbon Border Adjustment Mechanisms,13
Spatial Analysis of Climate Vulnerability Using Remote Sensing,13
AI-Powered Risk Assessment for Climate-Sensitive Sectors,13
Development of a Digital Twin for Climate Risk Management,13
Optimization of Afforestation Strategies for Carbon Offset,13
Energy-Climate-Economy Modeling for Long-Term Emission Projections,13
Fuzzy Logic Approaches for Climate Adaptation Planning,13
Quantitative Modeling of Carbon Footprint in Global Supply Chains,13
Deep Learning for Cloud Cover Estimation in Climate Models,13
Predictive Analytics for Climate-Induced Migration Patterns,13
Design of Resilient Urban Energy Systems Under Climate Stress,13
Hydrological Modeling for Climate-Informed Water Resource Planning,13
Carbon Intensity Forecasting Using Hybrid AI Models,13
Data-Driven Climate Risk Disclosure Metrics for Financial Markets,13
Simulation of Permafrost Thaw and Carbon Release Dynamics,13
AI-Based Scenario Generation for Climate Investment Strategies,13
Satellite Data Analytics for Global Carbon Emissions Mapping,13
System Dynamics Modeling of Climate-Driven Crop Yield Variability,13
Quantitative Analysis of Climate Finance Flows Using NLP,13
Energy Mix Optimization for Carbon Neutral Urban Regions,13
Multi-Criteria Decision Analysis for Climate Mitigation Technology,13
Sustainable Investment Portfolio Modeling Under Climate Constraints,13
Machine Vision for Glacier Retreat Monitoring,13
Computational Models for Assessing Sea Level Rise Impacts,13
Renewable Energy Transition Simulation Under Carbon Budgets,13
Economic Modeling of Carbon Taxation on Fossil Fuel Markets,13
Resilience Modeling of Power Grids to Extreme Weather Events,13
Remote Sensing for Early Warning of Climate Disasters,13
Geospatial Modeling of Wildfire Risk Under Future Climate Scenarios,13
Design of Carbon Credit Trading Platforms Using Blockchain,13
Climate-Aware Urban Design Modeling Using GIS Tools,13
Forecasting Agricultural Productivity Under Climate Stress,13
Climate Change Scenario Analysis for Coastal Infrastructure Planning,13
Agent-Based Economic Models of Climate Change Response,13
AI-Enhanced Monitoring of Global Methane Emissions,13
Dynamic Modeling of Climate Insurance Markets,13
Integrated Policy Models for Climate Resilient Development,13
AI for Mapping and Predicting Urban Heat Island Intensification,13
Temporal Analysis of GHG Emissions in Transportation Networks,13
Hydrodynamic Simulation of Storm Surge Impacts Under Warming Scenarios,13
Quantitative Metrics for Evaluating National Climate Commitments,13
Simulating Renewable Energy Reliability Under Climate Variability,13
Modeling the Economics of Loss and Damage from Climate Events,13
Spatiotemporal Forecasting of Extreme Climate Events Using LSTMs,13
Climate-Informed Decision Support Systems for Public Policy,13
Optimization of Electric Grid Operation Considering Climate Risks,13
Simulation of Net Emission Reductions in Circular Economy Systems,13
Urban Carbon Footprint Modeling with Real-Time Sensor Data,13
Mathematical Modeling of Ocean Acidification Impacts on Fisheries,13
Multi-Sector Modeling of Climate-Induced Economic Disruptions,13
Climate Adaptation Cost-Benefit Models for Infrastructure Investments,13
Quantifying Uncertainty in Climate Predictions with Ensemble Modeling,13
AI for Assessing Climate Risk Exposure in Global Supply Chains,13
Emissions Forecasting for Nationally Determined Contributions (NDCs),13
Sustainable Transition Modeling in Carbon-Intensive Industries,13
Design of Incentive Structures for Climate-Positive Business Models,13
AI-Based Monitoring of Climate Agreement Compliance,13
Optimization of Renewable Deployment Under Climate Goals,13
Behavioral Economics Models for Climate-Conscious Consumer Choices,13
AI-Powered Early Detection of Deforestation Using Satellite Data,13
Simulation of Climate Resilience Scenarios for Urban Centers,13
Quantitative Analysis of the Impact of Climate Litigation on Emissions,13
Policy Modeling for Sustainable Aviation Emission Reduction,13
Forecasting the Carbon Impact of Electric Mobility Uptake,13
Techno-Economic Evaluation of Climate-Smart Agriculture Practices,13
Climate Risk Pricing Models in Financial Markets,13
AI for Integrating Climate Data into Strategic Corporate Planning,13
Global Sensitivity Analysis in Climate-Energy Models,13
Carbon Removal Potential Estimation via Biochar Systems,13
Spatial Optimization of Renewable Infrastructure for Climate Resilience,13
Simulation of Climate-Aligned Industrial Transition Pathways,13
Designing AI Agents for Environmental Policy Negotiation,13
Data-Driven Tools for Climate Education and Awareness Campaigns,13
Quantitative Metrics for Green Bonds Performance and Impact,13
Forecasting Impacts of Climate Policy on Job Markets,13
Emulation of High-Resolution Climate Models Using AI Surrogates,13
GHG Emissions Attribution Modeling in International Supply Chains,13
Simulation of Energy Efficiency Measures on National Emissions,13
Machine Learning for Heatwave Prediction and Mitigation Planning,13
Analysis of Carbon Leakage Risk in Global Trade Systems,13
AI-Augmented Climate Scenario Storytelling for Public Engagement,13
Multi-Level Modeling of Local to Global Climate Governance,13
Optimization of Public Transit Networks for Climate Benefits,13
Simulation of Industrial Decarbonization Strategies Using System Dynamics,13
AI-Powered Land Use Change Detection for Climate Modeling,13
Forecasting GHG Reductions from Behavioral Interventions,13
Computational Modeling of Atmospheric CO2 Removal Techniques,13
AI for Integrating Climate Resilience into Infrastructure Design,13