Title,my_label
Interface electronic system for measuring air acidity with optical sensors,11
Shadow-based vehicle detection in urban traffic,11
Mobility Patterns of Scholar Communities in Southwestern European Countries,11
Optimizing urban mobility through the integration of electric vehicles and smart grids,11
Data-driven approaches for improving public transportation efficiency in smart cities,11
Predictive modeling of urban air pollution using machine learning techniques,11
Design of sustainable urban drainage systems for stormwater management,11
AI-powered traffic management systems for reducing congestion in urban centers,11
Urban heat island mitigation strategies using green infrastructure and data analytics,11
Real-time monitoring of urban mobility using IoT-based sensor networks,11
Modeling the impact of electric bike-sharing programs on urban mobility patterns,11
Smart city solutions for energy-efficient public transportation networks,11
Development of sustainable urban planning models for climate-resilient cities,11
GIS-based urban planning for disaster risk reduction in vulnerable communities,11
Urban air quality monitoring and forecasting using machine learning algorithms,11
Smart waste management solutions for reducing environmental impact in cities,11
AI-based models for optimizing public transit routes and schedules,11
Evaluating the environmental impact of large-scale urban construction projects,11
Designing pedestrian-friendly cities through data-driven urban planning,11
Impact of smart grids on energy consumption in urban environments,11
AI-based systems for monitoring noise pollution levels in urban areas,11
Sustainable urban mobility solutions for reducing carbon emissions in megacities,11
Impact of autonomous vehicles on urban infrastructure and traffic flow,11
Smart sensors for monitoring and improving water quality in urban environments,11
Urban green spaces as a solution for improving public health and well-being,11
Evaluating the effectiveness of electric vehicle adoption in urban transport systems,11
Urban flood risk modeling using geospatial data and machine learning,11
Sustainable urban agriculture practices for enhancing food security in cities,11
Optimization of parking systems in smart cities using IoT and machine learning,11
Energy-efficient buildings and sustainable architecture in urban development,11
Using AI to optimize waste recycling systems in urban areas,11
Urban mobility and transportation planning in the context of climate change,11
Smart infrastructure solutions for reducing energy consumption in cities,11
IoT-based air quality monitoring systems for urban health assessments,11
Design of eco-friendly public transport systems for sustainable urban development,11
Big data applications for improving urban traffic flow and reducing congestion,11
Urban mobility analysis using real-time GPS data and machine learning algorithms,11
AI-based traffic flow prediction models for urban transportation networks,11
Sustainable city design: Integrating renewable energy and green spaces in urban areas,11
Impact of green roofs and urban forests on energy efficiency and air quality,11
Big data for optimizing urban emergency response systems and disaster management,11
Green infrastructure planning for mitigating the impact of urban flooding,11
Integration of renewable energy sources in urban public transport systems,11
Development of real-time data-driven systems for managing urban traffic congestion,11
Smart public spaces: Enhancing urban living with digital technologies and urban design,11
AI applications in optimizing waste collection and disposal in smart cities,11
Sustainable building materials and energy-efficient construction techniques for urban areas,11
Urban mobility modeling with autonomous vehicle integration in transportation networks,11
Impact of shared mobility systems on urban congestion and public transportation networks,11
Smart city initiatives for improving urban resilience to climate change,11
Urban resilience strategies for managing the impacts of natural disasters,11
Sustainable urban transport solutions for reducing greenhouse gas emissions,11
Using machine learning to optimize waste-to-energy systems in urban areas,11
"Designing sustainable, energy-efficient urban mobility solutions for low-income communities",11
Development of smart sensors for monitoring and managing urban heat islands,11
Urban air pollution reduction strategies using green transport solutions,11
Impact of urban sprawl on traffic congestion and sustainable urban development,11
Evaluation of electric vehicle infrastructure in reducing urban air pollution,11
Urban mobility patterns in the context of post-pandemic city planning,11
Leveraging blockchain technology for improving urban infrastructure management,11
Smart lighting solutions for enhancing energy efficiency in urban spaces,11
Evaluating the effectiveness of cycle-sharing programs for reducing traffic congestion,11
AI and IoT integration for creating smart urban mobility solutions,11
Sustainable urban water management: Innovative solutions for water conservation,11
Predicting the environmental impact of urban development using simulation models,11
Public health impact assessment of urban air pollution using AI-based models,11
Building climate-resilient infrastructure in cities through data-driven design,11
Optimizing urban green space distribution to promote social inclusion and well-being,11
Impact of public transport accessibility on social equity in urban environments,11
Sustainable urban mobility strategies for reducing CO2 emissions in cities,11
Smart city innovations for improving water and energy efficiency in urban environments,11
AI-driven approaches for optimizing public transportation scheduling and capacity,11
Assessing the role of smart meters in promoting energy conservation in urban areas,11
Designing resilient urban systems for climate change adaptation,11
Urban noise pollution management through intelligent monitoring systems,11
Using machine learning for improving energy usage in smart cities,11
Urban heat island mitigation through sustainable landscaping and infrastructure,11
Exploring the potential of electric vehicle adoption in sustainable urban transportation,11
Urban resilience planning: Using data to improve the sustainability of cities,11
Optimization of traffic signal systems in smart cities using data analytics,11
The role of green infrastructure in improving urban climate resilience,11
Leveraging smart technologies for energy-efficient urban buildings,11
Smart city solutions for reducing urban air pollution and improving public health,11
Analyzing the potential of carpooling systems in reducing urban traffic congestion,11
Sustainable urban waste management systems: From waste to resource,11
Predicting and managing traffic congestion in smart cities using AI algorithms,11
Energy-efficient transportation solutions for sustainable urban development,11
Urban sustainability metrics for evaluating city resilience and climate adaptation,11
The role of digital platforms in improving urban mobility and reducing congestion,11
Impact of sustainable urban planning on reducing the carbon footprint of cities,11
Building smart urban infrastructure for enhanced resilience against natural disasters,11
GIS-based modeling for flood risk management in urban areas,11
Leveraging big data for optimizing public transport accessibility in cities,11
Evaluating the environmental benefits of urban green infrastructure on city air quality,11
Developing AI-based systems for real-time traffic data collection and analysis,11
Improvement of urban mobility using integrated data from multiple sources,11
Smart city water management systems for improving urban sustainability,11
AI-driven approaches for assessing the impact of urbanization on biodiversity,11
Interface electronic system for measuring air acidity with optical sensors,11
Shadow-based vehicle detection in urban traffic,11
Mobility Patterns of Scholar Communities in Southwestern European Countries,11
Smart City Infrastructure: Leveraging IoT for Sustainable Urban Living,11
Urban Planning Models for Sustainable Cities: A Data-Driven Approach,11
Analysis of Traffic Flow and Congestion in Metropolitan Areas Using Machine Learning,11
Designing Green Buildings for Sustainable Urban Development,11
The Role of Smart Grids in Sustainable Urban Energy Systems,11
Exploring the Use of Autonomous Vehicles in Reducing Urban Congestion,11
Building Resilient Cities: Mitigating the Impact of Climate Change on Urban Areas,11
Waste Management Strategies in Smart Cities: A Data Analytics Approach,11
Energy Efficiency in Urban Transportation: Smart Solutions for a Greener Future,11
The Impact of Urban Sprawl on Sustainability and Community Development,11
Evaluating Public Transportation Systems Using Big Data in Smart Cities,11
Smart Parking Solutions for Sustainable Urban Mobility,11
Water Resource Management in Smart Cities: Optimizing Consumption with IoT,11
Development of Sustainable Urban Ecosystems through Green Technology,11
Urban Heat Island Effect Mitigation: Designing Cool Roofs and Urban Green Spaces,11
Building Resilient Infrastructure to Protect Cities from Natural Disasters,11
Integrating Renewable Energy Solutions into Urban Buildings and Infrastructure,11
Digital Twins for Smart Cities: Modeling Urban Environments for Sustainability,11
Sustainable Urban Mobility Planning: A Review of Recent Trends and Technologies,11
Urban Agriculture: Enhancing Sustainability and Food Security in Cities,11
Smart Waste Collection Systems: IoT and Data-Driven Approaches to Waste Management,11
Analysis of Green Urban Spaces for Improving Public Health and Well-being,11
The Role of Urban Planning in Reducing Traffic Emissions and Air Pollution,11
Smart Water Metering Systems: Optimizing Water Distribution in Urban Areas,11
Mobility as a Service (MaaS) and Its Impact on Urban Transportation Systems,11
Sustainable Housing Solutions: Energy-Efficient Building Technologies for Urban Areas,11
Smart City Solutions for Managing Urban Air Quality and Pollution,11
The Future of Urban Mobility: Electric Vehicles and Shared Transportation,11
Innovative Approaches to Reducing Carbon Footprint in Cities,11
Assessing the Role of Green Energy in Urban Sustainability,11
Analyzing Traffic Patterns in Smart Cities Using Data Analytics and IoT,11
Sustainable Urban Development: Implementing Circular Economy Principles,11
Digital Infrastructure for Smart Cities: A Blueprint for Sustainable Communities,11
Urban Resilience and Disaster Risk Reduction in the Face of Climate Change,11
Smart Cities and Urban Health: Leveraging Data to Improve Public Health Outcomes,11
Sustainable Construction Practices in Urban Areas: Towards a Green Future,11
Using IoT to Optimize Public Services in Smart Cities,11
Electric Public Transport: A Path Towards Sustainable Urban Mobility,11
The Role of Smart Lighting Systems in Reducing Energy Consumption in Cities,11
Analyzing the Impact of Urban Green Spaces on Mental Health and Well-being,11
Advancing Sustainable Transportation Systems in Developing Countries,11
Smart Sensors and IoT in Urban Disaster Management Systems,11
Sustainable Water Management Practices in Urban Environments,11
Urban Sustainability and Green Roofs: A Solution for Climate Resilience,11
IoT-Based Solutions for Smart Wastewater Management in Urban Areas,11
Building Urban Resilience Through Smart Infrastructure and Data Analytics,11
The Role of Artificial Intelligence in Optimizing Traffic Management in Smart Cities,11
Optimizing Urban Air Quality Monitoring Using Sensor Networks,11
The Role of Sustainable Housing in Shaping Green Cities,11
Redesigning Urban Mobility: Solutions for a Carbon-Free Future,11
IoT Applications in Urban Planning for Sustainable Cities,11
Sustainable Urban Energy Management: Integrating Renewable Sources into City Infrastructure,11
The Role of Public Spaces in Promoting Social Cohesion in Urban Environments,11
Smart Urban Mobility Systems: A Framework for Sustainable Transportation,11
Innovations in Smart Buildings for Energy-Efficient Urban Living,11
Urban Forests: Integrating Nature into City Planning for Sustainability,11
Reducing Urban Traffic Emissions Using Smart Mobility Solutions,11
Urban Transport and Sustainability: The Role of Electric Buses and Trams,11
Green Infrastructure and Its Role in Enhancing Urban Sustainability,11
The Impact of Smart Homes on Sustainable Urban Development,11
Optimization of Urban Energy Systems Using Predictive Modeling Techniques,11
Data-Driven Decision Making in Urban Sustainability Planning,11
Smart City Technologies for Water Conservation and Management,11
Sustainable Urban Regeneration: A Model for Revitalizing Degraded Areas,11
Energy-Efficient Street Lighting Solutions for Sustainable Cities,11
Sustainable Urban Planning: Balancing Growth with Environmental Protection,11
Reducing Urban Carbon Emissions with Green Infrastructure Solutions,11
Resilient Urban Communities: Strategies for Addressing Climate Change Challenges,11
Urban Mobility: Analyzing the Role of Cycling and Pedestrian Infrastructure in Sustainability,11
Smart Water Management Systems for Sustainable Cities,11
Renewable Energy Integration in Urban Transport Systems,11
Urban Sustainability Indicators: Measuring the Performance of Green Cities,11
Smart Transportation Solutions for Efficient Urban Logistics,11
Transforming Cities with Smart Urban Agriculture Solutions,11
Urban Sustainability and Smart Buildings: A Comprehensive Approach to Green Development,11
Designing Future Cities: A Vision for Sustainable Urbanization,11
Data Analytics for Urban Traffic Flow Optimization,11
Air Quality Monitoring Systems in Smart Cities: A Sustainable Approach,11
The Role of Green Building Certifications in Promoting Sustainable Development in Cities,11
Urban Mobility in the Age of Electric Vehicles: Trends and Challenges,11
"Building Smart, Resilient Cities: The Role of Technological Innovations",11
Smart City Governance and Policy Approaches for Sustainable Urban Development,11
Resilient and Sustainable Urban Transport Systems: Case Studies from Around the World,11
Urban Water Recycling: Sustainable Practices for Managing Water Scarcity,11
Smart City Technologies for Enhancing Public Safety and Urban Security,11
Public Engagement in Smart City Development: A Framework for Inclusive Growth,11
The Role of Digital Technologies in Promoting Urban Sustainability,11
Sustainable Cities and Climate Action: Integrating Green Solutions into Urban Policies,11
Smart Mobility Solutions for Reducing Traffic Congestion and Pollution,11
The Future of Green Cities: Technology and Urban Sustainability Solutions,11
Urban Sustainability Practices: Reducing Carbon Emissions in City Buildings,11
Analyzing the Impact of Eco-Districts on Urban Sustainability,11
Energy-Efficient Urban Planning: Combining Green Energy and Smart Technologies,11
Circular Economy in Cities: Innovative Approaches to Waste and Resource Management,11
Technological Innovations in Water Purification Systems for Urban Areas,11
The Role of Data and IoT in Making Cities More Sustainable,11
Sustainable Urban Transport Solutions for a Low-Carbon Future,11
Optimizing the production scheduling of a single machine to minimize total energy consumption costs,12
Exploring the Relationship between Sustainability Reporting and Sustainability Management Practices,12
"Integrating Technoeconomic, Environmental, and Safety Criteria in Solvent Screening for Extraction Processes: The Case of Algae Lipid Extraction",12
Designing circular supply chains for reducing waste in manufacturing industries,12
Application of lean principles in sustainable manufacturing for reducing energy consumption,12
Life cycle assessment of renewable energy systems for sustainable development,12
Optimizing waste management strategies in urban environments using machine learning,12
Techno-economic analysis of sustainable packaging solutions in the food industry,12
Energy-efficient industrial processes for reducing carbon footprint in production systems,12
Designing zero-waste production systems in industrial processes,12
Data-driven approaches to improving resource efficiency in industrial manufacturing,12
Sustainable product design: Integrating environmental impact into the product lifecycle,12
Reducing energy consumption in manufacturing through smart automation systems,12
Assessing the environmental impact of consumer products using life cycle assessment,12
Optimization of waste-to-energy systems for sustainable urban development,12
Reducing carbon emissions in the transport sector using sustainable logistics practices,12
AI-driven supply chain management for minimizing environmental impact,12
Sustainable agriculture practices for reducing resource usage and waste generation,12
Application of industrial ecology in achieving sustainability goals in manufacturing,12
Strategies for reducing food waste in retail and consumption sectors using big data,12
Sustainability performance analysis in manufacturing industries using multi-criteria decision-making,12
Designing sustainable logistics systems with minimal environmental impact,12
Reducing waste in food production systems using predictive analytics,12
Circular economy models for electronics waste management in urban areas,12
Technoeconomic optimization of renewable energy systems in industrial applications,12
Innovative recycling technologies for sustainable waste management in urban areas,12
Implementation of sustainability metrics in global supply chains to reduce environmental impact,12
Sustainable water management strategies for minimizing industrial water consumption,12
Optimizing the environmental performance of supply chains using big data analytics,12
Improvement of energy efficiency in manufacturing through industrial automation and AI,12
Designing sustainable transportation systems for reducing CO2 emissions,12
Circular economy approaches to managing plastic waste in urban environments,12
Development of sustainable practices for water conservation in industrial sectors,12
AI-based optimization of energy usage in smart buildings for sustainability,12
Evaluating the impact of sustainable manufacturing practices on product life cycles,12
Reducing e-waste in the electronics industry through design for sustainability,12
Sustainability-driven optimization of industrial production scheduling to reduce resource usage,12
Enhancing the recyclability of materials in manufacturing processes through innovation,12
Improving product sustainability through eco-design and material selection,12
Optimization of the recycling process in urban areas using machine learning algorithms,12
Technoeconomic assessment of green chemical processes for sustainable manufacturing,12
Impact of renewable energy adoption on reducing industrial carbon footprints,12
"Sustainability in construction: Materials, methods, and waste management strategies",12
Using AI to predict and reduce the environmental impact of construction projects,12
Strategies for promoting the use of renewable energy in heavy industries,12
Sustainable waste-to-resource strategies for reducing landfill waste,12
Optimization of industrial water recycling systems for minimizing environmental impact,12
Implementation of smart grids for reducing energy consumption in urban areas,12
Sustainable food production systems: Reducing resource usage through innovative technologies,12
Improving sustainability in agriculture through precision farming techniques,12
Waste reduction strategies in the food supply chain: From farm to table,12
Analysis of carbon footprint reduction strategies in the chemical industry,12
Integration of sustainability principles in supply chain management in the textile industry,12
Development of sustainable business models for circular economy implementation,12
Improving product packaging sustainability through biodegradable materials,12
Assessing the impact of digitalization on sustainable resource management,12
Designing sustainable urban infrastructures to reduce environmental impacts,12
Techno-economic evaluation of renewable energy systems in industrial applications,12
Circular supply chain practices for reducing waste in the electronics industry,12
Optimizing waste management systems in manufacturing industries through data analytics,12
Exploring the role of sustainability reporting in improving corporate environmental performance,12
AI-driven systems for sustainable management of natural resources,12
Technoeconomic analysis of sustainable construction practices in urban areas,12
Life cycle analysis of alternative fuels for sustainable transportation,12
Strategies for reducing plastic waste in global supply chains through circular economy models,12
AI-based waste management systems for improving recycling rates in urban areas,12
Sustainability performance measurement in the textile industry: A case study,12
Integrating environmental sustainability into the manufacturing process for cost reduction,12
The role of sustainable urban mobility systems in achieving SDG 12,12
Designing energy-efficient homes: Sustainable solutions for reducing energy consumption,12
Sustainability in healthcare: Reducing waste and improving resource efficiency in hospitals,12
Technoeconomic analysis of waste-to-energy conversion technologies,12
Designing zero-carbon cities through smart urban planning and renewable energy,12
Reducing the carbon footprint of supply chains using blockchain technology,12
Assessment of environmental sustainability in logistics and transportation industries,12
Optimizing recycling systems in urban areas using big data analytics,12
Circular economy strategies for reducing electronic waste in the consumer market,12
Sustainability in the automotive industry: Reducing emissions through green technologies,12
Using machine learning to optimize energy consumption in industrial sectors,12
Sustainable chemical engineering processes for reducing environmental impact,12
Impact of sustainable forestry practices on reducing deforestation and carbon emissions,12
Circular economy approaches for reducing textile waste in the fashion industry,12
Sustainable business models for reducing environmental footprint in the retail sector,12
Optimizing waste management systems in cities using AI-powered technologies,12
Technoeconomic analysis of low-carbon technologies for sustainable energy systems,12
Reducing food waste in urban areas through data-driven solutions,12
Development of sustainable product packaging solutions in the consumer goods industry,12
Assessing the sustainability of food production systems through life cycle assessment,12
Optimizing energy consumption in industrial sectors using predictive analytics,12
Designing closed-loop systems for resource recovery in urban environments,12
Exploring the role of automation in achieving sustainability goals in industries,12
Technoeconomic analysis of sustainable transportation options in urban areas,12
Using big data to optimize water usage in industrial production systems,12
Sustainability-driven design principles for reducing waste in product manufacturing,12
Circular economy strategies for improving the recyclability of packaging materials,12
Evaluating the impact of sustainable practices on supply chain performance in manufacturing,12
Energy-efficient industrial systems for reducing operational costs and environmental impact,12
Designing sustainable food packaging systems for reducing plastic waste,12
Optimization of water management systems in agriculture for reducing environmental impact,12
Sustainability in the chemical industry: Reduction of hazardous waste through process optimization,12
Technoeconomic analysis of renewable energy adoption in industrial sectors,12
Circular economy practices in the automotive industry for reducing material waste,12
The role of green chemistry in reducing environmental impacts of chemical manufacturing,12
Using renewable energy systems in industrial processes for improving sustainability,12
Optimization of recycling systems for waste management in urban areas,12
Optimizing the production scheduling of a single machine to minimize total energy consumption costs,12
Exploring the Relationship between Sustainability Reporting and Sustainability Management Practices,12
"Integrating Technoeconomic, Environmental, and Safety Criteria in Solvent Screening for Extraction Processes: The Case of Algae Lipid Extraction",12
Life Cycle Assessment of Recycled Materials for Sustainable Construction Practices,12
Circular Economy in Manufacturing: A Review of Best Practices for Resource Efficiency,12
Technoeconomic Analysis of Green Manufacturing Processes for Sustainable Production,12
Waste Reduction Strategies in Textile Industry Using Lean Manufacturing,12
Design for Sustainability: Integrating Ecodesign into Product Development,12
Sustainable Supply Chain Management in the Food Industry,12
Reducing Energy Consumption in Industrial Processes: An Optimization Approach,12
Green Logistics and Sustainable Transportation Systems for the Supply Chain,12
The Role of Eco-labeling in Promoting Sustainable Consumption and Production,12
Energy Efficiency in Production Systems: Modeling and Simulation Approaches,12
Sustainability in Food Systems: Analyzing the Environmental Impacts of Food Waste,12
Development of Eco-Friendly Packaging Materials for Reducing Environmental Footprint,12
Carbon Footprint of Consumer Products: A Comparative Study of Manufacturing Methods,12
The Impact of Circular Economy on Business Performance: A Case Study Approach,12
Sustainable Water Usage in Industrial Processes: Strategies and Technologies,12
Resource Recovery from Waste: A Review of Recycling Technologies for Sustainable Production,12
The Role of Artificial Intelligence in Sustainable Manufacturing,12
Green Chemistry Approaches for Sustainable Production in the Chemical Industry,12
Sustainable Design and Production in the Automotive Industry: Trends and Innovations,12
Technological Innovations in Sustainable Manufacturing for Small and Medium Enterprises (SMEs),12
Implementing Lean Principles for Waste Reduction in Manufacturing Industries,12
Eco-Friendly Materials for Sustainable Product Design and Manufacturing,12
The Role of Digital Twins in Optimizing Resource Use in Manufacturing Systems,12
Circular Economy Strategies in the Electronics Industry: Challenges and Opportunities,12
Life Cycle Costing and Sustainability Performance: A Comparative Analysis in the Manufacturing Sector,12
Sustainable Business Practices in the Fashion Industry: A Case Study Approach,12
Eco-Innovation and Its Role in Enhancing Sustainable Product Development,12
A Review of Sustainable Production Practices in the Agricultural Industry,12
Sustainability in the Energy Sector: Technologies for Reducing Carbon Emissions,12
Circular Economy Models in the Construction Industry: Case Studies and Solutions,12
Minimizing Environmental Impact through Sustainable Procurement in the Manufacturing Sector,12
Reducing Carbon Emissions in Industrial Plants: A Sustainable Approach,12
Design for Recycling: Strategies to Improve Product End-of-Life Management,12
Sustainable Resource Management in the Textile Industry: Strategies for Minimizing Waste,12
Integrating Green Manufacturing into the Supply Chain: A Study of Global Practices,12
Environmental Impact Assessment of Industrial Manufacturing Processes,12
"Circular Economy in the Electronics Industry: Policies, Challenges, and Innovations",12
Assessing the Feasibility of Sustainable Packaging Solutions in Consumer Goods,12
Optimizing Energy Use in Production Systems through Advanced Process Control,12
Sustainable Production Techniques in the Food Industry: A Systematic Review,12
Reducing the Environmental Footprint of Mining through Sustainable Extraction Technologies,12
Energy Recovery from Industrial Waste: A Solution for Sustainable Manufacturing,12
Sustainability Assessment of the Textile Industry: An Integrated Framework,12
Green Energy Solutions for Sustainable Manufacturing in Emerging Economies,12
Managing Waste in the Electronics Industry: Sustainable Recycling Practices,12
A Holistic Approach to Waste Management and Resource Recovery in Industrial Systems,12
Technological Innovations for Sustainable Production in the Chemical Industry,12
Strategies for Reducing Water Usage in Industrial Production Systems,12
Sustainable Packaging Materials for Reducing Plastic Waste in Consumer Products,12
The Role of Business Intelligence in Promoting Sustainable Supply Chain Management,12
Eco-Innovation in Product Design: Sustainable Solutions for Consumer Goods,12
The Impact of Environmental Regulations on Production Systems: A Comparative Study,12
Sustainable Production Practices in the Renewable Energy Sector,12
Recycling of Industrial Wastewater for Sustainable Production,12
Waste-to-Energy Technologies for Sustainable Manufacturing in Heavy Industries,12
Sustainability Practices in the Pharmaceutical Industry: A Review of Best Practices,12
The Role of Circular Economy in Reducing Carbon Emissions in Industrial Production,12
Eco-Design Strategies for Sustainable Manufacturing in the Automotive Industry,12
Environmental Sustainability and Corporate Social Responsibility in the Electronics Sector,12
Optimization of Energy Efficiency in Manufacturing Systems: Techniques and Tools,12
Sustainability Performance Measurement in Manufacturing: Approaches and Challenges,12
Adoption of Green Technologies in the Paper and Pulp Industry: A Case Study Approach,12
Reducing Industrial Water Consumption through Efficient Recycling and Treatment Systems,12
Green Manufacturing Practices in the Aerospace Industry: Challenges and Solutions,12
Sustainable Textile Waste Management: Recycling and Reuse Strategies,12
The Role of Lean Manufacturing in Achieving Sustainable Production Systems,12
Sustainable Business Models in the Fashion Industry: Key Drivers and Challenges,12
Implementing Zero-Waste Strategies in Manufacturing Systems,12
Sustainability Assessment of Renewable Energy Solutions for Industrial Use,12
Reducing the Carbon Footprint of the Food Industry through Sustainable Production Practices,12
Green Technology Adoption in the Electronics Manufacturing Industry,12
Eco-Friendly Solutions for Reducing Pollution in the Textile Industry,12
Sustainability in the Mining Industry: A Review of Waste Management Practices,12
Sustainable Industrial Systems: Energy Optimization and Waste Reduction,12
The Role of Corporate Governance in Promoting Sustainable Manufacturing Practices,12
The Future of Sustainable Supply Chains: Innovations and Trends,12
Waste Minimization in the Food Industry: Strategies and Technologies,12
Circular Economy in the Chemical Industry: Policy Framework and Implementation,12
Energy Efficiency Improvements in Manufacturing through Smart Technologies,12
Green Business Strategies for Reducing Environmental Impact in Production Systems,12
Technological Innovation for Reducing Carbon Emissions in Industrial Processes,12
Sustainable Development in the Construction Industry: Innovations and Best Practices,12
Reducing the Environmental Footprint of Logistics through Sustainable Practices,12
Life Cycle Sustainability Assessment of Building Materials: A Case Study,12
Circular Economy Practices in the Pulp and Paper Industry: Challenges and Solutions,12
Sustainability Metrics and Indicators in Industrial Production Systems,12
Reducing Food Waste in the Supply Chain: Sustainable Practices and Technologies,12
Implementing Closed-Loop Supply Chains for Sustainable Business Practices,12
Energy and Resource Efficiency in the Textile Industry: A Sustainability Assessment,12
Adoption of Green Manufacturing Technologies in Emerging Economies,12
Sustainable Strategies for Waste Management in the Automotive Industry,12
Circular Business Models for the Electronics Industry: Challenges and Solutions,12
Assessing the Role of Government Policies in Promoting Sustainable Manufacturing,12
Wastewater Treatment and Reuse for Sustainable Industrial Production,12
Natural gas decarbonization as tool for greenhouse gases emission control,13
"Discovering the patterns of energy consumption, GDP, and CO2 emissions in China using the cluster method",13
Sustainable business model for climate finance. Key drivers for the commercial banking sector,13
Optimizing renewable energy integration into national grids for climate change mitigation,13
AI-based systems for predicting the impact of climate change on energy systems,13
Techno-economic analysis of carbon capture and storage technologies for reducing emissions,13
Sustainable transportation systems for reducing carbon emissions in urban areas,13
Designing low-carbon cities using smart infrastructure and renewable energy systems,13
Assessing the role of electric vehicles in reducing urban greenhouse gas emissions,13
Energy transition pathways: Modeling the impact of renewable energy adoption on carbon emissions,13
Strategies for achieving carbon neutrality in manufacturing industries,13
Climate change adaptation in agriculture: Modeling the impact of changing weather patterns,13
Technoeconomic evaluation of renewable energy solutions for climate change mitigation,13
Using AI for optimizing energy consumption in buildings for climate change mitigation,13
Carbon footprint reduction strategies for supply chains using data-driven approaches,13
Role of sustainable business practices in mitigating climate change impacts,13
Evaluating the environmental impact of fossil fuel divestment in the financial sector,13
Techniques for assessing the carbon footprint of different manufacturing processes,13
Circular economy strategies for reducing emissions in the construction industry,13
Climate change resilience in urban infrastructure: Building with future-proof solutions,13
Global climate change forecasting: Modeling the effects of different greenhouse gas emission scenarios,13
Reducing emissions in the transportation sector through the adoption of green technologies,13
Energy efficiency measures for mitigating climate change in residential buildings,13
Integrating climate change considerations into urban planning and development,13
Climate change mitigation in coastal areas: Adaptive strategies for urban resilience,13
Evaluating the role of renewable energy adoption in decarbonizing the power sector,13
Sustainability-driven innovation for reducing emissions in the chemical industry,13
Data-driven climate change risk assessments for improving environmental policies,13
Reducing food waste as a strategy for mitigating climate change impacts,13
The role of financial markets in promoting low-carbon technologies for climate change mitigation,13
Renewable energy storage solutions for mitigating the impact of climate change,13
AI and machine learning models for predicting climate change-induced weather patterns,13
Evaluating the feasibility of green hydrogen as a low-carbon alternative for industrial applications,13
Sustainable industrial practices for reducing carbon emissions in heavy manufacturing sectors,13
Building energy-efficient infrastructure for climate change mitigation,13
Assessing the potential of sustainable agriculture practices for mitigating climate change impacts,13
Climate finance models for accelerating the transition to low-carbon economies,13
Carbon pricing and its role in driving climate change mitigation actions,13
Technoeconomic analysis of hybrid renewable energy systems for achieving climate goals,13
Modeling the impact of climate change on water resources and food security,13
Reducing carbon emissions in the energy sector: The role of carbon capture technologies,13
Designing climate-resilient infrastructure using sustainable materials,13
Sustainable urban mobility strategies for reducing transportation-related emissions,13
Strategies for decarbonizing the aviation sector: A path to sustainable air travel,13
Evaluating the role of carbon taxes in reducing greenhouse gas emissions in industries,13
Predicting the impact of climate change on biodiversity using machine learning models,13
Climate change mitigation strategies for the maritime transport sector,13
Impact of climate policies on emission reduction in emerging economies,13
Designing sustainable cities for mitigating climate change through smart technology integration,13
Sustainable water management for climate change adaptation in urban areas,13
Carbon emission reduction strategies for improving the sustainability of the construction industry,13
Using big data to track and predict greenhouse gas emissions in real time,13
Evaluating the effectiveness of climate change adaptation policies in vulnerable communities,13
Building resilience to climate change through the design of eco-friendly infrastructure,13
Impact of forest conservation on carbon sequestration and climate change mitigation,13
Optimizing renewable energy generation for reducing reliance on fossil fuels in the power sector,13
Techniques for assessing the impact of climate change on public health,13
Sustainability strategies in the food sector for reducing climate change-related emissions,13
The role of sustainable finance in achieving global climate goals,13
Implementing carbon-neutral supply chains for reducing the environmental footprint of businesses,13
Development of low-carbon technologies for sustainable energy production,13
Designing sustainable energy solutions for mitigating the effects of climate change in rural areas,13
Technoeconomic analysis of geothermal energy systems for carbon-neutral electricity generation,13
Climate change risk modeling for improving disaster resilience in coastal cities,13
Evaluating the role of digital transformation in reducing climate change impacts,13
Sustainable investment strategies for supporting climate change mitigation projects,13
Smart agriculture solutions for reducing carbon emissions and improving food security,13
Modeling the impact of climate change on water availability and agriculture production,13
Technoeconomic feasibility of carbon-neutral transportation networks in urban areas,13
Building climate resilience in agriculture through innovative farming techniques,13
AI-powered solutions for monitoring and mitigating the impacts of climate change on ecosystems,13
Role of renewable energy adoption in decarbonizing industrial heating processes,13
Using simulation models for predicting the impact of climate change on energy infrastructure,13
Sustainable practices in the textile industry for reducing climate change impacts,13
Circular economy approaches for mitigating the environmental impact of e-waste,13
Evaluating climate change risks and opportunities in the financial services industry,13
Impact of sustainable building practices on reducing carbon emissions in urban areas,13
Assessing the impact of climate change on global supply chains and logistics,13
Designing resilient agricultural systems for climate change adaptation and emission reduction,13
Carbon-neutral infrastructure design using innovative green technologies,13
Technological innovations for reducing carbon emissions in the steel industry,13
Renewable energy deployment strategies for meeting international climate change goals,13
Carbon capture and utilization technologies for mitigating industrial emissions,13
Sustainable water conservation practices for improving climate change resilience,13
Evaluation of renewable energy policies for accelerating climate change mitigation,13
Data-driven decision-making for reducing carbon emissions in large-scale industries,13
AI-based climate change modeling for predicting environmental impacts in urban areas,13
Carbon reduction strategies for the power sector: An integrated approach,13
The role of policy in promoting sustainable urban mobility solutions to combat climate change,13
Assessing the impact of climate change on energy efficiency in residential buildings,13
Sustainable management of natural resources for climate change mitigation,13
Technoeconomic optimization of renewable energy systems for achieving climate goals,13
Mitigating climate change impacts on urban areas through integrated smart city solutions,13
Evaluating the effectiveness of international climate agreements in reducing emissions,13
Techniques for reducing methane emissions in the agricultural sector,13
Assessing the impact of climate change on infrastructure resilience and urban planning,13
Integrating climate change considerations into business decision-making processes,13
Sustainable energy solutions for reducing CO2 emissions in the transport sector,13
Natural gas decarbonization as tool for greenhouse gases emission control,13
"Discovering the patterns of energy consumption, GDP, and CO2 emissions in China using the cluster method",13
Sustainable business model for climate finance. Key drivers for the commercial banking sector,13
Reducing Carbon Emissions in the Energy Sector: A Review of Best Practices,13
Impact of Renewable Energy Adoption on National Carbon Emissions,13
Climate Risk Assessment for Businesses: Challenges and Solutions,13
Technological Innovations for Mitigating Greenhouse Gas Emissions in Industrial Processes,13
The Role of Carbon Pricing in Reducing Global Emissions,13
A Comparative Study of Carbon Footprint Reduction Strategies for Global Supply Chains,13
Developing Climate Resilience: Strategies for Urban Areas Affected by Climate Change,13
Sustainable Transportation Solutions: The Role of Electric Vehicles in Climate Action,13
Climate Change Mitigation Policies and Their Impact on Global Economic Growth,13
Assessing the Environmental Impact of Carbon Capture and Storage Technologies,13
Green Finance and Investment in Renewable Energy: A Pathway to Sustainable Development,13
The Role of Sustainable Agriculture in Reducing Climate Change Impact,13
Analyzing the Effectiveness of Carbon Tax Policies on Emission Reduction,13
Promoting Sustainable Business Practices to Tackle Climate Change,13
Climate Change Adaptation in Coastal Regions: Sustainable Solutions for Rising Sea Levels,13
Reducing the Carbon Footprint of the Manufacturing Sector Using Cleaner Technologies,13
The Impact of Climate Change on Water Resources and Sustainable Management Practices,13
Climate Change Mitigation Strategies in the Building Sector,13
The Role of Circular Economy in Climate Change Mitigation,13
AI and Machine Learning for Predicting and Mitigating the Effects of Climate Change,13
Sustainable Agriculture Practices to Mitigate Climate Change and Promote Food Security,13
Urban Heat Island Effect: Strategies for Mitigating Climate Change in Cities,13
Energy Efficiency Programs in the Industrial Sector: Achieving Climate Goals,13
Smart Grid Systems for Climate Change Mitigation in the Energy Sector,13
Sustainable Urban Mobility: Reducing Carbon Emissions through Electric Transport Solutions,13
Challenges and Opportunities in Decarbonizing the Aviation Industry,13
Carbon-Neutral Cities: Developing Urban Infrastructure for Climate Change Resilience,13
The Role of Solar and Wind Energy in Reducing Greenhouse Gas Emissions,13
The Impact of Climate Change on Biodiversity: Mitigation and Adaptation Strategies,13
Carbon Markets and Their Role in Addressing Global Climate Change,13
Energy Storage Systems for Enhancing the Effectiveness of Renewable Energy in Climate Action,13
The Role of Forest Management in Climate Change Mitigation,13
The Impact of Global Climate Agreements on National Emission Reduction Goals,13
Optimizing Supply Chain Management for Reducing Carbon Footprint,13
The Role of Energy Efficiency in Achieving National Climate Goals,13
Assessing the Role of Nuclear Energy in Climate Change Mitigation,13
Climate Change and its Impact on Human Health: Adaptation Strategies for Healthcare Systems,13
Role of Digital Technologies in Climate Change Mitigation and Adaptation,13
Sustainable Practices in the Mining Industry to Reduce Environmental Impact,13
Climate Change and Agriculture: Approaches for Sustainable Crop Production,13
Energy Efficiency in the Residential Sector: Implementing Climate Action Strategies,13
Implementing Carbon Neutral Policies in Large-Scale Manufacturing Operations,13
Climate Change Resilience and Disaster Risk Reduction in the Built Environment,13
The Role of Green Bonds in Financing Climate Change Mitigation Projects,13
The Role of Data Analytics in Tracking and Reducing Carbon Emissions,13
Promoting Carbon-Free Technologies in the Industrial Sector: A Case Study Approach,13
Sustainable Urban Development and its Role in Climate Change Mitigation,13
Global Carbon Footprint: Assessing the Impact of Industrialization on Climate Change,13
Climate Change Adaptation in Agriculture: Policy and Technological Innovations,13
The Role of Education in Promoting Climate Change Awareness and Action,13
Climate Change Policy Frameworks and Their Effectiveness in Emission Reduction,13
Transitioning to a Low-Carbon Economy: Key Strategies for Mitigating Climate Change,13
The Role of the Energy Sector in Achieving Global Climate Action Targets,13
The Impact of Climate Change on Global Water Security: Adaptation and Mitigation Strategies,13
Decarbonization of the Power Sector: Technological and Policy Innovations,13
Global Warming and its Impact on Ocean Acidification: Mitigation Strategies,13
Climate Action in Developing Countries: Financing Solutions and Challenges,13
Climate Change and Disaster Risk Management: Adaptation Strategies for Vulnerable Populations,13
Innovations in Carbon Capture and Storage Technologies for Climate Change Mitigation,13
Energy and Water Efficiency in the Industrial Sector: Sustainable Solutions for Climate Action,13
The Role of Carbon Offsetting in Achieving Climate Goals,13
Achieving Net-Zero Emissions in the Power Sector: Challenges and Solutions,13
Using AI for Carbon Emission Reduction in the Energy Sector,13
Low-Carbon Technology Innovations for Sustainable Manufacturing Practices,13
Climate Change Mitigation in Developing Economies: Financing Challenges and Solutions,13
The Role of Urban Green Spaces in Enhancing Climate Resilience,13
Water Conservation Strategies for Achieving Climate Change Adaptation Goals,13
Sustainable Supply Chain Strategies for Climate Change Mitigation,13
The Role of Bioenergy in Reducing Carbon Emissions in Agriculture,13
Role of Smart Cities in Achieving Global Climate Goals,13
Climate Change and Economic Policy: Strategies for Sustainable Growth,13
Integrating Renewable Energy Sources into the National Power Grid for Climate Change Mitigation,13
Technology-Driven Solutions for Mitigating Climate Change Impacts on Agriculture,13
The Role of Climate-Smart Infrastructure in Resilient Urban Development,13
Policies and Strategies for Promoting Renewable Energy Investments in Developing Countries,13
Adopting Sustainable Manufacturing Practices for Climate Change Mitigation,13
Evaluating the Economic Impact of Climate Change Adaptation Strategies,13
Sustainable Forest Management for Mitigating Climate Change,13
The Role of Carbon Intensity in Developing Climate Action Policies,13
Developing Climate-Smart Communities: A Collaborative Approach to Climate Action,13
The Impact of Climate Change on Energy Demand and Supply in Urban Areas,13
The Role of Sustainable Urban Planning in Reducing the Effects of Climate Change,13
Green Economy and Climate Change Mitigation: Connecting Policy with Action,13
Sustainable Business Models in the Energy Sector: Achieving Climate Change Targets,13
Carbon-Free Technologies in the Cement Industry: A Pathway to Climate Action,13
Sustainable Financing for Climate Change Mitigation: The Role of Green Investment,13
Impact of Global Warming on Ecosystem Services and Biodiversity,13
Emerging Technologies for Climate Change Mitigation and Adaptation,13
Building Climate Resilience in Coastal Cities: A Framework for Adaptation and Mitigation,13
Carbon Footprint Reduction in Large-Scale Agriculture: Sustainable Practices for Climate Action,13
Advances in Renewable Energy for Achieving Global Climate Targets,13
The Role of Climate Change Mitigation in Achieving Energy Security,13
Technological Innovations for Sustainable Energy Transitions in the Global South,13
Sustainable Solutions for Reducing Greenhouse Gas Emissions in the Transportation Sector,13
Integrating Climate Adaptation and Mitigation Strategies for Sustainable Development,13
Reducing Carbon Emissions from the Construction Sector: A Path to Sustainable Cities,13
Mitigating the Effects of Climate Change in the Fisheries Sector: Sustainability Practices,13
Sustainable Land Management for Reducing Greenhouse Gas Emissions in Agriculture,13
Urban Resilience to Climate Change: Integrating Sustainability into City Planning,13
Blood clot simulation model by using the bond-graph technique,3
Tissue Engineering Scaffolds for 3D Cell Culture,3
An Emotional Model Based on Fuzzy Logic and Social Psychology for a Personal Assistant Robot,3
Mathematical Model for Predicting Tumor Growth in Cancer Therapy,3
Development of Biodegradable Polymers for Drug Delivery in Cardiovascular Diseases,3
Mathematical Optimization of Healthcare Resource Allocation in Developing Countries,3
Modeling the Impact of Air Pollution on Respiratory Health Using Differential Equations,3
Quantum Dots as Potential Anticancer Agents: A Theoretical Approach,3
Artificial Intelligence for Predicting Disease Outbreaks in Rural Areas,3
Fluid Mechanics Simulations for Efficient Blood Flow in Prosthetic Arteries,3
Nano-materials in Medicine: A Computational Approach to Targeted Drug Delivery,3
Optimizing Drug Dosage for Patients with Chronic Kidney Disease: A Machine Learning Model,3
Physics-based Simulation of Cardiac Electrophysiology Using the Finite Element Method,3
Biomechanics of Bone Fracture Healing: A Mathematical Model,3
Design of Wearable Sensors for Real-time Monitoring of Heart Disease,3
Optimization Algorithms for Personalized Treatment Plans in Oncology,3
Mathematical Modeling of Immune System Responses to Infections,3
Control Systems for Automated Drug Administration in Hospitals,3
Design of Smart Hospitals Using Internet of Things (IoT) Technology,3
Using Neural Networks for Predicting Health Risks in Urban Populations,3
Robust Control Systems for Diabetes Management in Smart Devices,3
AI-based Early Detection of Alzheimer's Disease Through Brain Imaging,3
Computational Fluid Dynamics in Modeling Human Respiratory System,3
Mechanics of Soft Tissues: A Study on Stiffness and Strain in Medical Prostheses,3
Data-driven Predictive Modeling for Hospital Bed Occupancy Forecasting,3
Automated ECG Analysis Using Deep Learning for Cardiovascular Disease Diagnosis,3
Computational Models for Assessing the Effectiveness of Vaccines,3
Data Analysis for Global Health: Predicting Health Outcomes Using Big Data,3
The Use of Quantum Mechanics in Drug Design for Personalized Medicine,3
Biomechanical Simulation of Muscle Growth Under Different Treatment Conditions,3
System Dynamics Models for Healthcare Systems Optimization in Emergency Responses,3
Optimization of Air Quality Monitoring Systems for Public Health,3
Multi-scale Modeling for Drug Delivery to Tumors,3
Sustainable Technologies for Reducing Waterborne Diseases: A Computational Approach,3
A Data-driven Approach for Reducing Infant Mortality in Developing Countries,3
Fuzzy Logic-based Control Systems for Hospital Management Systems,3
Predictive Modeling of Epidemic Spread Using Stochastic Processes,3
Wearable Technology for Monitoring Chronic Respiratory Diseases,3
Biomechanical Simulations for the Design of Knee Prostheses,3
Mathematical Models for Assessing Global Disease Burden,3
Optimization Algorithms for Medical Image Reconstruction,3
Simulating Blood Oxygenation Levels During Surgery: A Mathematical Approach,3
The Role of Big Data in Personalized Healthcare: A Review,3
Nonlinear Dynamics of Disease Progression in Epidemiology,3
Development of Smart Artificial Limbs with Real-time Feedback Systems,3
Mathematical Optimization of Vaccine Distribution in Pandemic Situations,3
Machine Learning Algorithms for Predicting Heart Disease Risk,3
Computational Approaches to Enhancing Wound Healing in Chronic Diseases,3
Quantum Computing for Accelerated Drug Discovery in Neuroscience,3
Using Data Mining to Predict Health Trends in Urban Areas,3
Modeling the Impact of Climate Change on Public Health,3
AI-Based Monitoring Systems for Chronic Disease Management,3
Biomechanical Modeling of Cartilage Degeneration in Osteoarthritis,3
Computational Models for Early Detection of Liver Disease,3
Dynamic Systems Approach to Managing Global Health Crises,3
Mathematical Models for Assessing the Spread of Malaria,3
Prediction of Blood Sugar Levels in Diabetic Patients Using Deep Learning,3
Computational Modeling of the Human Gastrointestinal System for Disease Diagnosis,3
Advances in Imaging Techniques for Non-invasive Medical Diagnostics,3
Using Artificial Intelligence to Improve Patient Care in Rural Areas,3
Prediction of Respiratory Diseases Using Machine Learning Algorithms,3
Innovative Mathematical Models for Diagnosing Neurological Disorders,3
Machine Learning Approaches for Managing Chronic Obstructive Pulmonary Disease,3
Artificial Intelligence in Predicting and Preventing Health Risk Factors,3
Computational Models for Personalized Medicine in Cancer Treatment,3
Development of 3D Models for Simulating Human Anatomy,3
Mathematical Modeling of Blood Circulation in Cardiovascular Systems,3
Simulation of the Effect of Environmental Pollutants on Human Health,3
Computational Studies on the Effect of Diet on Human Health,3
Optimization of Hospital Services Using Machine Learning Techniques,3
Data-driven Approaches for Reducing Health Inequities in Rural Areas,3
Modeling Disease Transmission with Graph Theory and Network Science,3
Mathematical Modeling of the Spread of HIV in High-Risk Populations,3
Computational Models of Human Endocrine System for Disease Prediction,3
Artificial Intelligence in Disease Diagnosis: A Review of Current Applications,3
Physics of Drug Delivery: The Role of Diffusion in Medical Treatment,3
Modeling Chronic Diseases with Agent-based Simulation Techniques,3
Data-driven Approaches to Improving Maternal Health in Developing Countries,3
Using Computational Biology for Enhancing Disease Control Strategies,3
Optimization of Healthcare Resources in Post-Pandemic Scenarios,3
Mathematical Models for Predicting Outbreaks of Infectious Diseases,3
AI-based Systems for Monitoring the Health of Elderly People,3
Advanced Imaging Techniques for Early Detection of Skin Cancer,3
Dynamic Modeling of the Human Immune System in Response to Vaccines,3
Physics of Tissue Regeneration: An Analytical Approach,3
Modeling Disease Prevention Strategies in Low-income Countries Using Simulation,3
Predictive Analytics for Monitoring Public Health Events Using Big Data,3
Personalized Health Monitoring Systems Using Wearable Technology,3
Mathematical Approaches to Studying the Spread of Tuberculosis,3
Optimizing Drug Administration in Hospitals Using Machine Learning,3
Machine Learning for Predicting Health Outcomes in Aging Populations,3
Computational Methods in Healthcare: Optimizing Treatment and Care,3
Optimizing Healthcare Supply Chains for Pandemic Response,3
Simulation Models for Predicting the Impact of Health Interventions,3
Blood clot simulation model by using the bond-graph technique,3
Tissue Engineering Scaffolds for 3D Cell Culture,3
An Emotional Model Based on Fuzzy Logic and Social Psychology for a Personal Assistant Robot,3
Mathematical modeling of human respiratory dynamics under stress,3
Predicting the impact of air pollution on cardiovascular health using machine learning,3
Biomechanical analysis of hip joint prosthesis failure,3
Optimization of drug delivery systems in cancer therapy using differential equations,3
Mathematical modeling of the human immune response to viral infections,3
Thermal modeling of human skin to enhance the efficacy of laser-based treatments,3
Predictive algorithms for assessing the effectiveness of vaccines,3
Finite element analysis of bone fracture healing processes,3
Application of AI in detecting early-stage heart disease from medical images,3
Study of the fluid dynamics in human blood vessels using computational fluid dynamics,3
Designing wearable devices for monitoring chronic diseases using embedded systems,3
Mathematical models for optimizing patient flow in healthcare systems,3
Development of biosensors for real-time monitoring of glucose levels,3
Using deep learning to detect abnormalities in MRI scans for early disease diagnosis,3
Finite difference models of heat transfer in the human body during exercise,3
Bio-inspired algorithms for improving organ transplant matching,3
Multiphysics modeling of skin tissue to enhance wound healing,3
AI-based systems for predicting asthma attacks in children,3
Computational modeling of the effects of exercise on heart function,3
Modeling drug resistance in bacterial infections using systems biology,3
Design of eco-friendly medical devices using sustainable materials,3
Wearable sensors for monitoring chronic diseases using IoT technologies,3
Data-driven models for predicting the spread of infectious diseases,3
Mathematical modeling of gene expression in response to stress,3
AI-based prediction of mental health deterioration using wearable devices,3
Bioinformatics approaches to identifying biomarkers for cancer therapy,3
Machine learning models for predicting adverse drug reactions,3
Computational models for understanding the progression of Alzheimer's disease,3
Simulation of air and water quality impacts on human health,3
Optimizing the design of healthcare systems using simulation models,3
Mathematical modeling of microbial growth in the human gut,3
Physics of radiation therapy: Enhancing tumor targeting with advanced techniques,3
Design of effective rehabilitation systems for spinal cord injuries,3
Optimizing drug dosage using nonlinear pharmacokinetics models,3
Computational modeling of human blood pressure regulation,3
Development of personalized medicine through genetic algorithms,3
Energy-efficient technologies for sustainable healthcare buildings,3
Artificial intelligence applications in mental health diagnostics,3
Assessment of health risks associated with electromagnetic fields,3
Simulation models for the effects of sleep deprivation on human physiology,3
Development of novel vaccines using CRISPR-Cas9 technology,3
Mathematical modeling of the human circadian rhythm,3
Optimizing the use of medical resources during epidemics using simulation,3
Predictive modeling for early detection of diabetes using sensor data,3
AI algorithms for predicting hospital readmissions in patients with chronic diseases,3
Development of exoskeletons for rehabilitation of mobility-impaired patients,3
Modeling the effects of climate change on global public health,3
Optimization of healthcare supply chains using mathematical models,3
Artificial intelligence for early detection of autism spectrum disorder,3
Use of physics in optimizing the performance of wearable health devices,3
Predicting the spread of infectious diseases using agent-based models,3
Design of wearable devices for monitoring neurological conditions,3
Applications of machine learning in predicting health outcomes for elderly patients,3
Evaluation of new treatment strategies for chronic diseases using simulation,3
Optimization of food distribution networks to reduce malnutrition,3
Predictive models for the spread of antibiotic-resistant bacteria,3
Mathematical modeling of diabetes progression in patients,3
Computational models for enhancing organ regeneration techniques,3
Multidimensional models for understanding human brain activity during exercise,3
Assessment of air quality in urban environments and its health impact,3
Mathematical approaches to reducing healthcare disparities,3
Non-invasive monitoring techniques for detecting heart disease,3
Computational models for understanding the effects of aging on the body,3
Simulation of human thermal regulation under varying environmental conditions,3
Design of intelligent healthcare systems using IoT for disease monitoring,3
Mathematical modeling of cellular response to chemotherapy,3
Development of computational methods for simulating human muscle dynamics,3
Optimization of health information systems using machine learning algorithms,3
Artificial intelligence applications in personalized cancer treatment,3
Analysis of the effect of noise pollution on human health,3
Real-time monitoring of patient vitals using sensor networks,3
Design of sustainable medical waste management systems,3
Simulating the spread of diseases in populations using epidemiological models,3
Mathematical modeling of the impact of exercise on mental health,3
AI-powered solutions for personalized treatment of depression,3
Optimizing healthcare delivery in low-resource settings using data models,3
Simulation of blood flow in artificial heart valves for improved design,3
Mathematical models for understanding the effects of obesity on health,3
Computational fluid dynamics applied to study airflow in medical facilities,3
Development of real-time health monitoring systems using wearable sensors,3
The role of physics in improving cancer radiation therapy techniques,3
AI-based models for predicting mental health crises,3
Design of eco-friendly medical equipment for sustainability in healthcare,3
Computational models for improving healthcare decision-making processes,3
Predictive modeling of environmental factors affecting public health,3
Mathematical modeling of stroke recovery processes,3
Optimization of organ donation systems using mathematical algorithms,3
AI and robotics in personalized rehabilitation for stroke patients,3
Advanced mathematical models for understanding the dynamics of healthcare systems,3
Simulation of the effects of environmental pollutants on human respiratory systems,3
AI-enhanced diagnosis of heart conditions using ECG data,3
Mathematical models for assessing the impact of lifestyle choices on public health,3
Optimization of pharmaceutical supply chains using data-driven approaches,3
Predictive models for identifying cancer biomarkers,3
Design of smart healthcare systems for elderly patient care,3
Physics-based modeling of radiation effects on human tissue,3
Towards Successful Project-Based Teaching-Learning Experiences in Engineering Education,4
Strategies for Teaching Professional Ethics to IT Engineering Degree Students and Evaluating the Result,4
Student academic performance stochastic simulator based on the Monte Carlo method,4
Designing Interactive Learning Platforms for Engineering Students Using AI Algorithms,4
Mathematical Models for Optimizing E-Learning Systems in Higher Education,4
Application of Data Analytics to Enhance Student Engagement in Online Learning,4
Improving Engineering Education through Collaborative Problem-Based Learning,4
AI-Based Personalized Learning Systems for Enhancing STEM Education,4
Virtual Reality in Engineering Education: Enhancing Conceptual Understanding,4
Development of Adaptive Learning Systems Using Machine Learning Techniques,4
Game-Based Learning in Engineering Education: A Mathematical Approach,4
Implementing Blended Learning Models in Engineering Education,4
Application of Big Data to Predict Student Success in Online Learning Environments,4
Optimizing Educational Content Delivery with Data-Driven Approaches,4
Simulation-Based Learning for Enhancing Engineering Problem-Solving Skills,4
Improvement of Student Retention in Online Education Using Predictive Analytics,4
Using Virtual Labs for Engineering Education: A Cost-Effective Approach,4
Impact of Active Learning Strategies on Student Performance in Engineering Courses,4
Mathematical Modeling of Knowledge Retention in Higher Education,4
AI-Based Evaluation Tools for Engineering Education Assessment,4
Optimization of Collaborative Learning Approaches in Engineering Programs,4
The Role of Augmented Reality in Engineering Education,4
Predicting Student Learning Outcomes in Engineering Education Using Machine Learning,4
Modeling the Effectiveness of Group Work in Engineering Education,4
Data Science Approaches to Improving Student Learning in Higher Education,4
AI-Powered Educational Tools for Engineering Students,4
Developing Scalable Educational Platforms for Remote Engineering Learning,4
Using Mobile Learning Applications to Enhance Engineering Education,4
Fostering Critical Thinking in Engineering Education Through Problem-Solving,4
Sustainable Learning Environments for Engineering Education,4
Utilizing Machine Learning for Personalized Student Feedback in Engineering Education,4
Data-Driven Approaches for Designing Engineering Curriculum to Maximize Learning Outcomes,4
Collaborative Learning and Student Success in Engineering Education,4
Analysis of the Impact of Online Learning on Engineering Students' Performance,4
Virtual Reality Simulations in Engineering Education: Enhancing Practical Skills,4
Mathematical Modeling of Knowledge Acquisition in Engineering Students,4
Predicting Dropout Rates in Engineering Programs Using Machine Learning,4
Interactive Learning Tools for Enhancing Student Engagement in Engineering Courses,4
Optimizing Curriculum Design in Engineering Programs Using Analytics,4
Development of E-Learning Modules for Engineering Mathematics Education,4
Harnessing Artificial Intelligence to Automate Student Feedback in Engineering Education,4
Gamification of Engineering Education: A Mathematical Approach to Student Motivation,4
Improving the Effectiveness of Online Learning in Engineering Through Data Analysis,4
Smart Classrooms: Integrating IoT Technologies for Improved Engineering Education,4
Evaluation of Teaching Strategies for Engineering Education Using Machine Learning,4
Designing Flexible Learning Paths for Engineering Students Using Adaptive Systems,4
AI and Machine Learning in Higher Education: Enhancing Engineering Student Learning,4
Mobile App Development for Enhancing Student Learning in Engineering Courses,4
Designing Inclusive Learning Environments for Diverse Engineering Student Populations,4
Assessing the Effectiveness of Peer-Learning Systems in Engineering Education,4
Mathematical Models for Predicting Student Performance in Engineering Education,4
Enhancing Engineering Students' Problem-Solving Skills through Active Learning Techniques,4
Using Data Analytics to Improve Engineering Education Delivery in Remote Settings,4
Impact of Digital Tools on the Learning Experience of Engineering Students,4
Developing Smart Learning Systems for Engineering Students Using Machine Learning,4
Mathematical Simulation Models for Engineering Education and Student Evaluation,4
Exploring the Impact of Self-Directed Learning on Engineering Students' Success,4
Fostering Collaborative Learning in Engineering Education through Online Platforms,4
Application of Data Mining Techniques to Improve Learning Outcomes in Engineering Courses,4
Integration of Artificial Intelligence and Blockchain for Secure and Personalized Education,4
Assessing the Role of Mentorship in Engineering Education,4
Real-Time Feedback Systems for Engineering Students Using Machine Learning,4
AI-Based Assessment Tools for Engineering Education Improvement,4
Enhancing Digital Literacy in Engineering Education through E-Learning Tools,4
Leveraging Cloud Computing for Scalable and Accessible Engineering Education,4
Development of Mobile Learning Applications for Engineering Students,4
Fostering Global Collaboration in Engineering Education Using Virtual Platforms,4
Predictive Analytics for Engineering Student Retention and Success,4
Improving Access to Engineering Education through Open Courseware and Online Platforms,4
Impact of E-Books and Digital Resources on Engineering Student Learning,4
The Role of Artificial Intelligence in Personalized Engineering Education,4
Designing Effective Assessment Methods for Online Engineering Courses,4
Improving Engineering Education by Incorporating Real-World Projects,4
Simulating Engineering Concepts through Digital Twins for Enhanced Learning,4
Using Technology to Support Lifelong Learning in Engineering Education,4
Impact of Flipped Classroom Strategies on Engineering Education,4
Advanced Learning Analytics for Engineering Education Enhancement,4
Using Cloud-Based Platforms for Engineering Education and Collaborative Learning,4
Interactive Simulation Tools for Teaching Complex Engineering Concepts,4
AI-Powered Systems for Student-Centered Learning in Engineering Programs,4
Mathematical Modeling of Adaptive Learning Systems for Engineering Students,4
Exploring Blockchain Applications in Enhancing Engineering Education,4
Collaborative Learning Approaches in Online Engineering Education,4
Integration of Engineering Ethics in the Curriculum Using Project-Based Learning,4
Empowering Engineering Students with Data-Driven Learning Tools,4
The Future of Engineering Education: AI and Machine Learning Applications,4
The Role of Big Data in Improving Engineering Education Systems,4
Designing AI-Based Learning Tools for Engineering Students,4
Real-Time Adaptive Learning Systems for Engineering Education,4
Data Analytics in Engineering Education: Enhancing Pedagogical Practices,4
Towards Successful Project-Based Teaching-Learning Experiences in Engineering Education,4
Strategies for Teaching Professional Ethics to IT Engineering Degree Students and Evaluating the Result,4
Student academic performance stochastic simulator based on the Monte Carlo method,4
A Study on the Effectiveness of Flipped Classroom in STEM Education,4
Development of an Adaptive Learning System for Engineering Students,4
Modeling the Impact of Gamification on Student Engagement in Higher Education,4
The Role of Artificial Intelligence in Personalized Education Systems,4
Innovative Approaches for Online Learning in Engineering Education,4
Simulation Models for Teaching Complex Systems Engineering Concepts,4
Using Data Analytics to Improve Student Retention in Universities,4
The Use of Virtual Reality in Enhancing Learning Experiences for Students,4
AI-based Tools for Personalized Learning Pathways in Higher Education,4
Development of a Web-based Platform for Collaborative Learning in Engineering Courses,4
The Impact of Blended Learning on Student Performance in Technical Courses,4
Optimizing E-learning Platforms with Big Data Analysis for Better Educational Outcomes,4
A Mathematical Model for Predicting the Success of E-learning Programs,4
Design of Interactive Learning Systems Using Augmented Reality in Engineering,4
Evaluating the Use of Project-Based Learning for Engineering Curriculum Design,4
Optimizing Teaching Strategies in Online Engineering Education,4
Analysis of Educational Data for Predicting Student Academic Success in STEM Fields,4
Application of Artificial Neural Networks in Predicting Student Learning Outcomes,4
Using Simulation to Improve Engineering Design Education in a Virtual Environment,4
Smart Learning Environments: Enhancing Student Learning with IoT Technologies,4
Development of an Intelligent Tutoring System for Engineering Students,4
Exploring the Effect of Peer Learning on Academic Performance in Engineering Programs,4
An AI-driven Approach to Automatic Evaluation of Student Projects in STEM,4
Data-driven Insights for Enhancing Student Engagement in Online Learning Platforms,4
Applying Gamification Techniques to Enhance Student Motivation in Engineering Education,4
The Role of Machine Learning in Automated Assessment Systems for Students,4
Optimizing the Use of MOOCs in Engineering Education for Better Learning Outcomes,4
Application of Decision Support Systems in Educational Administration and Policy Making,4
Modeling Collaborative Learning Outcomes in Virtual Classroom Settings,4
The Effectiveness of Interactive Educational Games in Engineering Education,4
Using Blockchain Technology for Secure and Transparent Student Assessment Records,4
Virtual Labs in Engineering Education: A Review of Current Trends and Future Directions,4
Predicting Student Success in Online Learning Environments with Machine Learning,4
Evaluating the Impact of Interactive Multimedia on Learning in Engineering Courses,4
A Framework for Enhancing STEM Education Using Big Data and Learning Analytics,4
Exploring New Educational Technologies to Enhance Learning in Engineering,4
Mathematical Modeling of Learning Outcomes Based on Student Interactions in Online Courses,4
Simulation Tools for Teaching Ethical Decision-Making in Engineering,4
Developing a Digital Platform for Real-Time Collaboration in Engineering Education,4
Using Big Data for Tailoring Educational Content in Engineering Curricula,4
Design and Implementation of an AI-based Adaptive Learning System in Higher Education,4
Collaborative Learning Models in Engineering Education Using Technology,4
Impact of Technology-Enhanced Active Learning Strategies on Student Performance,4
A Data-driven Approach to Improving the Quality of Engineering Education,4
Applying Predictive Analytics to Identify At-Risk Students in STEM Fields,4
Simulation-Based Learning for Teaching Complex Engineering Concepts,4
The Role of Augmented Reality in Enhancing Engineering Education,4
Innovative Assessment Techniques for Project-Based Learning in Engineering,4
Exploring the Use of Mobile Learning Applications for Engineering Students,4
Development of a Learning Management System for Remote Engineering Education,4
Interactive Simulation Platforms for Teaching Physics in Engineering,4
The Role of Artificial Intelligence in Supporting Personalized Learning in Higher Education,4
Exploring the Impact of Collaborative Projects on Engineering Students’ Problem-Solving Skills,4
Data Science Methods for Optimizing Educational Outcomes in Engineering Programs,4
Mathematical Approaches to Evaluating the Effectiveness of Teaching Strategies,4
Improving Educational Outcomes through Real-time Student Feedback Systems,4
Using Predictive Modeling to Identify Effective Teaching Practices in Engineering,4
Design of a Cloud-Based Platform for Collaborative Engineering Education,4
Using Big Data for Enhancing Student Learning Experiences in Higher Education,4
The Impact of Peer Teaching on Student Success in Engineering Courses,4
Designing Adaptive Learning Pathways Using AI and Data Analytics in STEM Education,4
Optimization of Teaching Strategies for Engineering Students Using AI,4
Artificial Intelligence in the Development of Virtual Tutors for Engineering Students,4
Modeling and Predicting the Impact of Personalized Learning on Engineering Education,4
Implementing Blockchain for Academic Integrity in Online Learning Platforms,4
Simulation Techniques for Teaching Advanced Mathematical Concepts in Engineering,4
Design of Smart Classrooms for Enhancing Student-Centered Learning,4
A Review of Artificial Intelligence Applications in Engineering Education,4
Enhancing Collaborative Learning with Cloud Computing in Engineering Education,4
Exploring the Use of Social Media as a Tool for Collaborative Learning in Engineering,4
Development of a Decision Support System for Curriculum Development in Engineering,4
Optimizing Learning Experiences for Engineering Students Using Data Analytics,4
Application of Robotics in Teaching STEM Subjects to Engineering Students,4
Role of Computational Tools in Enhancing Engineering Education and Learning Outcomes,4
The Use of Data Mining for Identifying Learning Trends in Engineering Education,4
Enhancing Engineering Education through Interactive E-books and Online Resources,4
AI-based Learning Systems for Real-time Student Performance Evaluation,4
Using Simulation Models to Improve Engineering Problem-Solving Skills,4
Assessing the Impact of Student-Centered Learning on Engineering Education,4
Improving Learning Outcomes with Personalized Online Education Systems,4
Evaluating the Impact of Collaborative Engineering Projects on Student Learning Outcomes,4
Optimizing Learning Resources for Engineering Students with Adaptive Learning Platforms,4
Evaluating the Effectiveness of Project-Based Learning in Engineering Education,4
Enhancing Education Quality Using Smart Classroom Technology,4
Implementing a Digital Campus for Enhanced Student Learning in Engineering Programs,4
Winery wastewater treatment by sulphate radical based-advanced oxidation processes (SR-AOP): Thermally vs UV-assisted persulphate activation,6
Solar-assisted bacterial disinfection and removal of contaminants of emerging concern by Fe2+-activated HSO5- vs. S2O82- in drinking water,6
Water consumption range prediction in Huelva’s households using classification and regression trees,6
Mathematical modeling of groundwater contamination and its remediation methods,6
Optimization of water treatment processes using advanced oxidation technologies,6
Development of sustainable water filtration systems using nanomaterials,6
Impact of climate change on water resources: A modeling approach,6
Mathematical modeling of water scarcity in urban areas and its management,6
The role of artificial intelligence in predicting water quality in rivers,6
Data-driven models for efficient water use in agriculture,6
Optimization of desalination processes for sustainable water production,6
Solar-powered desalination systems: Modeling and optimization techniques,6
Designing eco-friendly wastewater treatment systems using biological methods,6
Advanced oxidation processes for the removal of heavy metals from wastewater,6
Development of smart water management systems using IoT technologies,6
Impact of wastewater treatment on nutrient recovery for sustainable agriculture,6
Machine learning applications in predicting water demand in urban areas,6
Sustainable water treatment solutions for rural communities using renewable energy,6
Energy-efficient water pumping systems for irrigation using optimization techniques,6
Modeling the effects of water pollution on aquatic ecosystems,6
Development of cost-effective water treatment technologies for developing countries,6
Use of electrochemical processes for removal of organic pollutants from wastewater,6
Solar-assisted water disinfection technologies for remote communities,6
Integrated water resources management using data analytics,6
Optimization of irrigation systems for reducing water waste in agriculture,6
Predictive modeling of water quality in lakes and reservoirs,6
AI-based prediction of water shortages and demand for urban planning,6
Design of decentralized wastewater treatment systems for small communities,6
Mathematical models for optimizing stormwater management in urban areas,6
Development of real-time water quality monitoring systems using sensors,6
Water conservation techniques in industrial processes using mathematical modeling,6
Impact of agricultural runoff on water quality: A mathematical approach,6
Optimization of water recycling processes in industrial applications,6
Sustainable water harvesting techniques for arid regions,6
Artificial intelligence applications in detecting water leaks in urban infrastructure,6
Prediction of groundwater availability using machine learning models,6
Simulation of water distribution networks for efficient management,6
Modeling the effects of deforestation on water availability in forests,6
Developing integrated water management strategies for sustainable development,6
Water quality modeling in rivers using machine learning algorithms,6
Applications of nanotechnology in water purification and treatment,6
Design of energy-efficient desalination plants using renewable energy sources,6
Predictive modeling of water consumption patterns in industrial sectors,6
Mathematical modeling of water flow and distribution in irrigation networks,6
AI-powered systems for detecting water pollution and contamination,6
Development of biodegradable water treatment materials for sustainable practices,6
The role of GIS in water resources management and distribution,6
Optimization of wastewater reuse in agricultural applications,6
Development of real-time sensors for detecting contaminants in drinking water,6
Modeling the effects of population growth on water consumption,6
Enhancing the sustainability of water distribution networks using AI algorithms,6
Development of water conservation strategies for urban areas using simulation models,6
Assessment of the impact of urbanization on water quality in rivers,6
Modeling the hydrological cycle using machine learning techniques,6
Innovative wastewater treatment technologies using algae-based systems,6
Artificial intelligence in optimizing stormwater runoff management,6
Impact of mining activities on water quality and its mitigation strategies,6
Simulation models for assessing the effects of water scarcity on agriculture,6
Development of sustainable water management systems for industrial zones,6
Impact of climate change on freshwater resources and water availability,6
Wastewater treatment for potable water production using advanced filtration methods,6
Data-driven approaches for optimizing water supply systems in cities,6
Prediction of water contamination events using real-time data analytics,6
Role of community-based water management systems in rural areas,6
Optimization of water use in smart cities through data analytics,6
Water management strategies for arid regions: Modeling and optimization,6
Development of smart irrigation systems using sensor networks,6
Mathematical modeling of water transport in soil for efficient irrigation,6
Development of mobile applications for water conservation awareness,6
Solar-powered desalination systems for small-scale water production,6
Advanced filtration techniques for removing contaminants from drinking water,6
Development of eco-friendly technologies for wastewater treatment,6
Machine learning models for water quality prediction and management,6
AI-based systems for optimizing wastewater treatment processes,6
Optimization of water pumping stations using artificial intelligence,6
Simulating water quality changes in reservoirs due to environmental factors,6
Development of cost-effective rainwater harvesting systems for urban areas,6
AI-based flood prediction and early warning systems for coastal areas,6
Modeling the impact of urban wastewater on water bodies using GIS,6
Predictive modeling of water quality in real-time monitoring systems,6
Innovations in wastewater treatment for resource recovery,6
Development of integrated systems for sustainable water resource management,6
Optimization of water treatment plant operations using machine learning,6
Water pollution control strategies in industrial zones using data-driven approaches,6
The role of aquaponics in sustainable water use and food production,6
Application of hydroinformatics in water resources management,6
Optimization of water treatment technologies for reducing chemical usage,6
Real-time water quality monitoring using sensor networks and IoT,6
Modeling the dynamics of water resources in transboundary basins,6
Impact of urban stormwater runoff on water quality and aquatic life,6
AI-based approaches for managing water resources in regions with water scarcity,6
Development of low-cost water filtration systems for emergency situations,6
Winery wastewater treatment by sulphate radical based-advanced oxidation processes (SR-AOP): Thermally vs UV-assisted persulphate activation,6
Solar-assisted bacterial disinfection and removal of contaminants of emerging concern by Fe2+-activated HSO5- vs. S2O82- in drinking water,6
Water consumption range prediction in Huelva’s households using classification and regression trees,6
Optimization of Desalination Processes for Freshwater Production in Coastal Regions,6
Removal of Heavy Metals from Industrial Wastewater Using Bioremediation Techniques,6
A Comprehensive Review of Water Purification Methods in Developing Countries,6
Advanced Oxidation Processes for Wastewater Treatment: A Sustainable Approach,6
Impact of Agricultural Runoff on Water Quality: A Mathematical Model,6
Artificial Intelligence for Monitoring Water Quality in Real-Time,6
Development of Low-Cost Water Filtration Systems for Rural Communities,6
The Role of Nano-materials in Water Treatment and Purification,6
Hydrodynamic Modeling of Water Flow in River Systems for Flood Risk Management,6
Development of Solar-Powered Water Purification Systems for Remote Areas,6
Application of Membrane Technology for Desalination of Brackish Water,6
Advanced Materials for Efficient Water Harvesting in Arid Regions,6
Quantitative Modeling of Contaminant Transport in Groundwater Systems,6
Optimization of Irrigation Systems for Sustainable Water Use in Agriculture,6
Study of Heavy Metal Contaminant Removal Using Magnetic Adsorbents in Water Treatment,6
Modeling the Impact of Climate Change on Water Resource Availability,6
Predictive Models for Monitoring and Managing Urban Water Consumption,6
Recycling and Reuse of Wastewater in Industrial Processes,6
Solar-Driven Desalination Systems: A Sustainable Approach to Freshwater Production,6
Development of Cost-Effective Water Treatment Technologies for Low-Income Countries,6
Application of Artificial Neural Networks in Water Quality Prediction,6
Water Treatment for Rural Areas: A Low-Energy Solution Using Bio-filtration,6
Design and Optimization of Water Distribution Networks Using Computational Fluid Dynamics,6
Desalination and the Role of Renewable Energy in Sustainable Water Supply,6
AI-based Optimization of Water Treatment Plant Operations for Efficiency,6
Impact of Stormwater Runoff on Water Quality and Ecosystem Health,6
Microalgae-Based Water Treatment for Removing Nutrients and Pollutants,6
Simulating Water Contaminant Removal Processes Using Computational Fluid Dynamics,6
Developing Smart Water Management Systems for Urban Sustainability,6
Application of Biodegradable Polymers in Water Filtration Systems,6
Real-Time Water Quality Monitoring Using IoT-based Sensor Networks,6
Hydrological Modeling for Predicting Flooding and Drought Events,6
Development of Advanced Bioreactors for Wastewater Treatment in Urban Areas,6
Recycling of Domestic Greywater: Sustainable Practices and Technologies,6
Use of Phytoremediation for Treating Heavy Metal Contaminated Water,6
Utilizing Solar Energy for Off-Grid Water Purification in Remote Locations,6
Impact of Industrial Effluent Discharge on River Water Quality: A Simulation Study,6
Assessment of Water Scarcity and Management Strategies for Urban Water Supply,6
Water Quality Forecasting Using Machine Learning Techniques,6
A Mathematical Model for Water Resource Allocation in Semi-Arid Regions,6
Optimization of Wastewater Treatment Using Hybrid Biological and Chemical Processes,6
Electrochemical Water Treatment for Removal of Organic Pollutants,6
Mathematical Simulation of Water Distribution Systems for Leak Detection and Repair,6
Implementation of a Smart Water Metering System for Reducing Water Wastage,6
Role of Green Infrastructure in Sustainable Urban Water Management,6
Use of Renewable Energy Sources for Sustainable Water Treatment,6
Impact of Wastewater Irrigation on Soil and Water Quality in Agricultural Regions,6
Nanotechnology for the Removal of Pharmaceuticals and Endocrine Disruptors from Water,6
Development of Low-Cost Sensors for Real-Time Monitoring of Water Quality Parameters,6
Geospatial Analysis of Water Quality in Urban and Rural Areas,6
Biological Treatment of Wastewater Using Microorganisms: A Review of Recent Advances,6
Designing Water-Efficient Systems for Agriculture in Water-Scarce Regions,6
Assessment of Surface Water Quality in Relation to Human Health Risks,6
Solar-Powered Water Purification Systems for Emergency Situations,6
Evaluation of Reverse Osmosis for Removing Salts and Contaminants from Water,6
Application of Computational Fluid Dynamics in Wastewater Treatment Plant Design,6
Hydrological Modeling of Watershed Areas for Better Water Resource Management,6
Optimization of Rainwater Harvesting Systems for Urban Water Supply,6
Development of Novel Adsorbents for Removal of Heavy Metals from Water,6
Comparative Study of Conventional and Advanced Water Treatment Technologies,6
Utilizing Photocatalysis for the Degradation of Organic Pollutants in Water,6
Simulation Models for Assessing the Impact of Agricultural Practices on Water Quality,6
Water Disinfection Using UV Radiation: A Mathematical Approach,6
Impact of Climate Change on Water Storage and Distribution Systems,6
Performance of Membrane Bioreactors in Municipal Wastewater Treatment,6
Modeling the Efficiency of Various Water Purification Methods for Rural Areas,6
Assessment of Water Quality in Coastal Areas Using Remote Sensing Technologies,6
Hydraulic Modeling for the Optimization of Stormwater Drainage Systems,6
Sustainable Water Management Practices for Industry and Agriculture,6
Use of Electrocoagulation for Treating Industrial Wastewater,6
AI-Based Predictive Models for Water Pollution and Treatment,6
Application of Fuzzy Logic for Water Quality Management in River Basins,6
Water-Energy Nexus: Optimizing Water and Energy Use in Urban Areas,6
Mathematical Modeling of the Transport of Contaminants in Aquatic Ecosystems,6
Remote Sensing and GIS-Based Modeling for Water Resource Management,6
Reversing Desertification Using Managed Aquifer Recharge and Water Conservation Techniques,6
Optimization of Water Purification Processes in Large-Scale Treatment Plants,6
Eco-Friendly Approaches for Industrial Wastewater Treatment and Reuse,6
Sustainable Practices for Reducing the Environmental Impact of Water Use in Agriculture,6
Development of Smart Sensors for Real-Time Monitoring of Contaminated Water,6
Impact of Urbanization on Surface Water Quality: A Case Study,6
Technological Innovations in Wastewater Treatment for Sustainable Water Resources,6
"Modelling and forecasting fossil fuels, CO2 and electricity prices and their volatilities",7
Study of a Nordic BWR containment and suppression pool behavior during a LOCA with GOTHIC 8.1,7
Performance model and annual yield comparison of parabolic-trough solar thermal power plants with either nitrogen or synthetic oil as heat transfer fluid,7
Optimization of wind turbine placement using computational fluid dynamics,7
Development of energy storage systems for solar power integration in grids,7
Mathematical models for optimizing renewable energy distribution networks,7
Design of hybrid renewable energy systems for off-grid applications,7
Evaluation of the economic feasibility of offshore wind farms in tropical regions,7
AI-based forecasting of electricity demand and renewable energy generation,7
Optimization of bioenergy production from agricultural waste using machine learning,7
Energy-efficient building design using passive solar heating techniques,7
Modeling the impact of renewable energy policies on national energy systems,7
Design of smart grids for integrating renewable energy sources into urban infrastructure,7
Sustainable energy management strategies for smart cities using big data analytics,7
Advanced energy storage technologies for renewable energy systems,7
Solar energy harvesting technologies for improving photovoltaic cell efficiency,7
Wind energy optimization using data-driven approaches and optimization algorithms,7
Modeling of energy consumption patterns in smart homes using IoT,7
Design of thermochemical reactors for efficient biomass conversion into biofuels,7
Optimization of energy consumption in industrial processes using machine learning,7
Life cycle analysis of renewable energy systems: A case study of solar power,7
Optimization of solar farm placement for maximum energy yield using GIS,7
Development of nanomaterial-based technologies for enhanced solar energy absorption,7
Mathematical models for forecasting energy demand in emerging economies,7
AI-based models for predicting the impact of climate change on energy systems,7
Designing cost-effective renewable energy solutions for developing countries,7
Energy efficiency improvement in buildings using machine learning algorithms,7
Assessment of geothermal energy potential for sustainable development,7
Techno-economic analysis of hydropower plants for renewable energy generation,7
Development of distributed energy resources (DERs) for grid stability,7
Energy-efficient desalination systems for sustainable water production,7
Optimization of energy use in transportation systems using AI and optimization algorithms,7
Assessment of microgrid systems for renewable energy integration in remote areas,7
Development of efficient energy management systems for industrial sectors,7
Modeling of renewable energy integration into existing electricity grid systems,7
Development of sustainable biofuels from algae using advanced biotechnologies,7
Techno-economic modeling of energy efficiency measures in industrial processes,7
Optimization of district heating systems with renewable energy sources,7
Forecasting the long-term impact of renewable energy investments on national economies,7
Machine learning approaches for predictive maintenance in renewable energy systems,7
The role of hydrogen as a clean energy carrier in renewable energy systems,7
Data-driven approaches for improving the efficiency of solar power plants,7
Development of energy-efficient HVAC systems for reducing residential energy consumption,7
Exploring the potential of wind-solar hybrid systems for rural electrification,7
Optimization of the integration of electric vehicles with renewable energy grids,7
Simulation of battery energy storage systems for off-grid renewable energy applications,7
Analysis of renewable energy consumption patterns in developing countries,7
Impact of energy storage technologies on the performance of solar power plants,7
Development of multi-objective optimization models for wind farm design,7
Energy management in smart grids using blockchain technology,7
AI-driven algorithms for predicting the efficiency of photovoltaic systems,7
Cost-benefit analysis of large-scale renewable energy projects in urban areas,7
Modeling of thermal energy storage systems for solar thermal power plants,7
Development of low-cost energy storage systems for renewable energy integration,7
Evaluation of the potential of ocean energy for renewable electricity generation,7
Optimization of energy transmission systems to accommodate renewable energy sources,7
Sustainable development of bioenergy from organic waste using biochemical processes,7
Analysis of the impact of renewable energy subsidies on national electricity prices,7
AI-driven optimization of wind turbine performance under varying weather conditions,7
Simulation of hybrid renewable energy systems for autonomous power generation,7
Development of energy efficiency programs for residential sectors using data analysis,7
Modeling the environmental impact of renewable energy technologies,7
Optimization of solar cell efficiency using machine learning and computational methods,7
Techno-economic evaluation of concentrating solar power plants for industrial applications,7
Development of high-efficiency solar cells using perovskite materials,7
Optimizing renewable energy systems for remote and island communities,7
"Hybrid power generation systems: Modeling, optimization, and performance analysis",7
Energy systems modeling for sustainable urban development,7
Advanced materials for improving the efficiency of wind energy turbines,7
Assessment of solar energy potential in desert regions using GIS and remote sensing,7
Optimization of power-to-gas systems for renewable energy storage and distribution,7
Design of decentralized renewable energy systems for sustainable rural electrification,7
Predicting energy demand growth using machine learning and big data analytics,7
Impact of electric vehicles on the future of renewable energy integration in cities,7
Techno-economic optimization of waste-to-energy conversion technologies,7
Developing sustainable energy strategies for large-scale industrial complexes,7
Data-driven approaches for optimizing wind farm maintenance schedules,7
AI-based models for optimizing the charging of electric vehicles using renewable energy,7
Techno-economic analysis of solar thermal energy storage systems,7
Simulation and optimization of energy systems with high renewable energy penetration,7
AI-based tools for energy efficiency monitoring in smart cities,7
Economic viability of renewable energy integration in developing countries,7
Application of hybrid renewable energy systems for sustainable rural development,7
Designing efficient energy systems for the maritime industry using renewable resources,7
Modeling the impact of electrification on rural communities in developing regions,7
Performance analysis of renewable energy-based heating and cooling systems,7
Integration of wind energy with pumped storage hydroelectricity for grid stability,7
Energy and cost analysis of smart homes with renewable energy integration,7
Development of multi-criteria optimization models for energy-efficient transportation systems,7
Assessing the role of solar energy in mitigating energy poverty in developing countries,7
Optimization of wind power generation using machine learning algorithms,7
Sustainable energy solutions for disaster-prone areas using renewable resources,7
Techno-economic analysis of hybrid solar-wind power systems for rural electrification,7
Impact of energy policy on renewable energy adoption in urban areas,7
Modeling of sustainable bioenergy production systems for electricity generation,7
Hybrid renewable energy systems for rural electrification in remote locations,7
Analysis of the impact of electric vehicles on energy consumption and grid stability,7
AI-based models for predicting energy consumption patterns in large buildings,7
Designing renewable energy solutions for sustainable mining operations,7
Development of integrated renewable energy systems for eco-friendly industrial parks,7
"Modelling and forecasting fossil fuels, CO2 and electricity prices and their volatilities",7
Study of a Nordic BWR containment and suppression pool behavior during a LOCA with GOTHIC 8.1,7
Performance model and annual yield comparison of parabolic-trough solar thermal power plants with either nitrogen or synthetic oil as heat transfer fluid,7
Design of Hybrid Wind-Solar Power Systems for Remote Off-Grid Areas,7
Energy Management Optimization in Smart Grids Using Machine Learning Algorithms,7
Impact of Solar Panel Efficiency on the Feasibility of Solar Farms,7
A Review of Geothermal Energy as a Sustainable Power Source,7
Application of Artificial Intelligence in Optimizing Energy Consumption in Buildings,7
Performance Evaluation of Combined Heat and Power Systems in Urban Areas,7
Simulation of Wind Energy Harvesting Systems Using Computational Fluid Dynamics,7
Economic Feasibility Study of Solar Energy for Residential Buildings,7
Energy Storage Systems for Integrating Renewable Energy into Power Grids,7
Techno-economic analysis of offshore wind power generation,7
Optimization of Energy Efficiency in Industrial Systems Using Data Analytics,7
Development of Cost-Effective Hydrogen Production Systems for Energy Storage,7
Biomass Energy Production from Agricultural Waste: A Sustainable Approach,7
A Comparative Study of Solar and Wind Energy Potential in Desert Regions,7
Power System Stability and Control in Renewable Energy Integrated Grids,7
Renewable Energy Forecasting Using Time Series Models,7
Impact of Energy Storage on the Stability of Power Grids with High Renewable Penetration,7
Energy Efficiency Strategies for the Building Sector Using IoT,7
Performance and Economic Analysis of Concentrated Solar Power Systems,7
Development of Smart Inverters for Better Integration of Renewable Energy Sources,7
Mathematical Modeling of Wind Turbine Efficiency and Power Output,7
Optimal Sizing of Solar Power Systems for Residential and Commercial Applications,7
Energy Harvesting Using Piezoelectric Materials for Low-Power Applications,7
Design and Simulation of Offshore Floating Wind Turbines,7
Application of Blockchain Technology for Decentralized Energy Trading,7
Artificial Intelligence for Predicting Energy Demand in Smart Cities,7
Techniques for Improving the Efficiency of Solar Panels Using Nanomaterials,7
Optimization of Energy Conversion Systems for Higher Efficiency,7
Predictive Modeling of Energy Consumption in Commercial Buildings,7
Energy Efficiency in Water Desalination Plants Using Renewable Energy Sources,7
The Role of Fuel Cells in Reducing Carbon Emissions in Transportation Systems,7
Advancements in Battery Technologies for Large-Scale Energy Storage Solutions,7
Design of Sustainable and Energy-Efficient Homes with Solar Power Integration,7
Application of Advanced Control Systems for Managing Renewable Energy Systems,7
Optimizing Wind Turbine Placement in Offshore Farms Using Geospatial Analysis,7
Energy Demand-Supply Matching in Smart Grids with Renewable Energy Integration,7
Sustainable Biomass Gasification Systems for Clean Energy Production,7
Modeling the Impact of Climate Change on Energy Systems and Demand,7
Simulation of Hybrid Power Systems for Rural Electrification in Developing Countries,7
AI-based Energy Optimization in Manufacturing Processes,7
Predictive Analytics for Energy Consumption in Smart Grid Systems,7
Thermodynamic Modeling of Geothermal Heat Pump Systems for Heating and Cooling,7
Economic Assessment of Solar and Wind Energy in Urban Environments,7
Optimization of Solar Water Heating Systems Using Genetic Algorithms,7
Assessing the Role of Hydrogen as a Clean Energy Carrier in Future Power Systems,7
Energy Performance Evaluation of Net-Zero Energy Buildings,7
Development of Autonomous Solar-Powered Vehicles: Technological Challenges and Opportunities,7
The Impact of Energy Efficiency Policies on National Energy Consumption Patterns,7
Performance Comparison of Organic Photovoltaic Cells and Traditional Solar Panels,7
Techno-economic Optimization of Wave Energy Conversion Systems,7
Integration of Wind and Solar Energy in Smart Grid Systems Using Energy Storage,7
Impact of Electric Vehicles on Power Grid Stability and Demand Response,7
Computational Fluid Dynamics for Improving the Efficiency of Solar Thermal Collectors,7
Feasibility of Using Solar-Powered Desalination Systems for Freshwater Production,7
Advanced Solar Energy Materials for High-Efficiency Photovoltaic Systems,7
Machine Learning Approaches to Predict Energy Consumption in Industrial Systems,7
Role of Energy Management Systems in Optimizing Renewable Energy Utilization,7
Technological Innovations in Energy Efficiency for the Residential Sector,7
Development of Eco-friendly Batteries for Sustainable Energy Storage,7
Energy Performance Optimization in HVAC Systems Using Machine Learning,7
Mathematical Models for Optimizing Hybrid Energy Systems for Remote Areas,7
Impact of Distributed Energy Resources on the Stability of Power Grids,7
Energy Efficiency Improvements in Commercial Refrigeration Systems,7
Design and Simulation of Solar-Powered Water Pumping Systems for Agriculture,7
Integration of Solar Power with Grid Energy Storage Systems for Improved Reliability,7
Optimizing Energy Consumption in Data Centers Using AI-Based Control Systems,7
Exploring the Feasibility of Wind-Solar Hybrid Systems for Rural Electrification,7
Performance Evaluation of Electric Heating Systems Using Renewable Energy Sources,7
Development of Low-Cost Solar Photovoltaic Systems for Rural Electrification,7
Optimization of Solar Panel Placement for Maximum Energy Yield in Urban Areas,7
Economic and Environmental Impact of Wind Energy Projects in Coastal Regions,7
Energy Harvesting Technologies for Sustainable Power Generation,7
Techniques for Improving the Performance of Organic Rankine Cycle Systems,7
Design of Smart Energy Meters for Efficient Energy Consumption Management,7
Potential of Geothermal Power in Reducing Carbon Emissions from Power Generation,7
Modeling and Simulation of Solar Radiation for Power Generation in Desert Regions,7
Optimization of Renewable Energy Use in Microgrids for Improved Sustainability,7
Hybrid Power Systems for Energy-Efficient Buildings Using Solar and Wind Energy,7
Application of IoT in Energy Management for Smart Buildings,7
Optimization of Energy Storage Systems for Efficient Use in Grid Networks,7
Advanced Materials for High-Performance Solar Energy Conversion Systems,7
Electric Grid Modernization and Renewable Energy Integration,7
Optimization of Wind Turbine Performance Using Machine Learning Techniques,7
Techno-Economic Analysis of Offshore Wind Power Farms,7
The Role of Smart Grids in Managing Energy Consumption with Renewable Integration,7
Economic Feasibility of Using Biomass Energy for Power Generation in Rural Areas,7
Forecasting Energy Demand in Smart Cities Using Predictive Modeling,7
Optimization of Thermal Energy Storage Systems for Solar Thermal Power Plants,7
Renewable Energy Integration in Power Grids: Stability and Control Challenges,7
Energy Efficiency and Sustainability in the Cement Manufacturing Industry,7
Energy Demand Prediction Using Neural Networks in Smart Grid Systems,7
Techno-Economic Feasibility of Wind Energy in Off-Grid Locations,7
Computational Optimization of Solar Concentrated Systems for Power Generation,7
Environmental Impact Assessment of Wind Energy Projects in Urban Areas,7
The Role of Energy Storage Systems in Facilitating the Integration of Renewable Energy,7
Performance Assessment of Wind Energy Conversion Systems in High Wind Areas,7
Application of Artificial Intelligence for Predicting Solar Power Generation,7
Optimization of Energy Production in Solar Thermal Power Plants Using AI,7
The Use of Smart Technologies in Managing Energy Consumption in Residential Buildings,7
Competencies for networking: theoretical model and applications to interorganizational networks,8
Lean projects' evaluation: the perceived level of success and barriers,8
Entrepreneurial intention through the lens of the Pareto rule: A cross-country study,8
Evaluation of entrepreneurship programs' effectiveness in developing economies,8
Mathematical models for evaluating the success of small business ventures,8
Impact of digital transformation on job creation and economic growth,8
Data-driven analysis of sustainable business practices in emerging markets,8
Optimizing business processes through lean management techniques,8
AI-based models for predicting the success of entrepreneurial ventures,8
Cross-country analysis of labor market dynamics and economic resilience,8
Predicting the impact of automation on global employment using machine learning,8
Entrepreneurial ecosystem development in developing countries using systemic approaches,8
Assessing the effectiveness of public policy on fostering entrepreneurship,8
AI-based decision support systems for improving business efficiency in SMEs,8
Improving supply chain efficiency in manufacturing through AI and machine learning,8
Evaluating the role of corporate social responsibility in sustainable economic growth,8
Development of sustainable business strategies for improving market competitiveness,8
Innovation management in SMEs: The role of digital tools and technologies,8
Analysis of e-commerce growth and its economic impact on developing regions,8
Using machine learning to predict economic trends and labor market shifts,8
Exploring the impact of education on entrepreneurial intentions in developing countries,8
Understanding the role of leadership in fostering innovation in organizations,8
Predicting the growth of green businesses in emerging markets using AI,8
The role of social enterprises in driving sustainable economic growth,8
Analysis of job creation in the renewable energy sector using econometric models,8
Optimizing resource allocation in large projects using mathematical modeling techniques,8
Development of smart manufacturing techniques for reducing production costs,8
Impact of digital platforms on small business growth in rural areas,8
Evaluating the potential of blockchain in transforming small and medium enterprises,8
Mathematical modeling of job market dynamics in the context of globalization,8
Exploring the role of financial technology in improving access to capital for SMEs,8
Optimization of investment strategies for economic growth in developing nations,8
Data-driven approaches for improving workforce productivity in the service sector,8
Leveraging AI and big data to optimize retail operations and customer experiences,8
Exploring the effect of tax policies on entrepreneurial success in emerging economies,8
Business incubation programs: A mathematical approach to measuring their success,8
Sustainability in supply chains: A systemic approach to long-term business growth,8
Smart city initiatives and their impact on urban economic development,8
Forecasting labor market trends in the digital economy using predictive analytics,8
Strategic business planning for sustainable growth in emerging economies,8
Using big data to assess the impact of entrepreneurship on economic growth,8
Role of government regulations in fostering sustainable business practices,8
AI-powered market analysis for improving competitive advantage in global markets,8
Quantitative assessment of the impact of education on employment rates,8
Assessing the impact of gender diversity on entrepreneurship success,8
Optimizing labor force participation in urban areas through policy interventions,8
Development of entrepreneurial ecosystems in rural economies using technology,8
Business ethics and its influence on economic performance in the digital age,8
Evaluating the success of corporate social responsibility initiatives in local economies,8
Developing metrics for measuring the impact of innovation on economic growth,8
Technological innovation and its impact on job creation in the global economy,8
AI-based decision-making for improving economic policies in developing countries,8
Optimizing manufacturing processes for sustainable development in developing countries,8
Impact of automation on global supply chains and labor markets,8
Leveraging digital tools for improving SME market access and competitiveness,8
Examining the relationship between income inequality and entrepreneurial success,8
Economic growth and the role of technology in transforming traditional industries,8
Developing sustainable tourism models for economic growth in emerging economies,8
The role of digital transformation in improving the economic resilience of SMEs,8
Impact of e-commerce on traditional brick-and-mortar businesses in urban centers,8
Business growth models for green enterprises in developing nations,8
Mathematical modeling of economic growth in emerging markets,8
Evaluating the effectiveness of vocational education in reducing unemployment rates,8
Data-driven approaches to improving manufacturing productivity in SMEs,8
Assessing the impact of entrepreneurship education on job creation in developing countries,8
The role of innovation hubs in fostering entrepreneurship in low-income economies,8
Optimization of supply chains for SMEs using machine learning algorithms,8
Evaluating the economic impact of renewable energy adoption in rural communities,8
Developing sustainable agriculture systems through innovative business models,8
Evaluating the effectiveness of microfinance in promoting entrepreneurship in rural areas,8
Mathematical models for assessing the impact of foreign direct investment on local economies,8
Optimization of entrepreneurial decision-making using machine learning models,8
Forecasting the impact of automation on employment in key industrial sectors,8
Developing sustainable business practices for the hospitality industry in developing economies,8
The role of women entrepreneurs in driving economic growth in low-income countries,8
Analyzing the relationship between entrepreneurship and income distribution,8
Predictive models for assessing the impact of international trade on SMEs,8
Economic implications of digital currencies on global financial markets,8
Evaluating the success of entrepreneurial ventures in the gig economy,8
Assessing the impact of entrepreneurship on job creation and wealth distribution,8
Optimization of resource utilization in global supply chains using data analytics,8
Entrepreneurial growth strategies in low-income countries using technological innovation,8
AI-based models for predicting startup success and scaling potential,8
Impact of education reforms on entrepreneurship and job creation in rural areas,8
Data-driven approaches for reducing unemployment through entrepreneurship programs,8
Evaluating the role of crowdfunding in supporting entrepreneurial ventures,8
Designing business models for sustainable economic development in emerging economies,8
Exploring the impact of digital marketing strategies on business success,8
Using big data for predicting and managing inflation in emerging economies,8
Role of corporate governance in driving long-term business success in SMEs,8
Developing business models for circular economy practices in emerging markets,8
Optimization of energy efficiency in SMEs through technology-driven solutions,8
Techno-economic analysis of the impact of blockchain on supply chain transparency,8
Machine learning techniques for evaluating the success of new business ventures,8
Analysis of employment trends in the gig economy using data-driven models,8
Entrepreneurship and its role in reducing regional economic disparities,8
Exploring the use of AI to improve financial forecasting in SMEs,8
Evaluating the role of multinational corporations in job creation in emerging markets,8
Understanding the economic implications of Industry 4.0 on global labor markets,8
Competencies for networking: theoretical model and applications to interorganizational networks,8
Lean projects' evaluation: the perceived level of success and barriers,8
Entrepreneurial intention through the lens of the Pareto rule: A cross-country study,8
The Role of Digital Transformation in Enhancing Economic Growth in Emerging Markets,8
Innovation and Sustainable Economic Development in Small and Medium Enterprises (SMEs),8
Impact of Technological Advancements on Job Creation in the Manufacturing Sector,8
Entrepreneurial Ecosystems: A Comparative Analysis of Developed and Developing Economies,8
Strategies for Increasing Workforce Productivity in Knowledge-Based Economies,8
Exploring the Effects of Labor Market Flexibility on Economic Growth,8
The Influence of Corporate Social Responsibility on Employee Motivation and Productivity,8
A Comparative Study of Economic Growth Models in Developed and Developing Nations,8
Financial Inclusion and Its Impact on Economic Growth in Low-Income Countries,8
Analysis of Government Policies Supporting Entrepreneurship and Economic Growth,8
The Role of Public-Private Partnerships in Driving Sustainable Economic Development,8
A Study on the Impact of Remote Work on Economic Growth and Job Satisfaction,8
Assessing the Impact of Automation on Employment Opportunities in the Manufacturing Industry,8
Entrepreneurial Finance: Risk Management and Opportunities in Startups,8
The Role of E-Commerce in Promoting Economic Growth in Developing Countries,8
Assessing the Impact of Financial Education on Entrepreneurship Success,8
Opportunities and Challenges for Green Economy Businesses in Emerging Economies,8
Exploring the Role of Digital Innovation in Promoting Economic Development in Sub-Saharan Africa,8
The Impact of Artificial Intelligence on Job Creation in the Service Sector,8
The Effects of Government Subsidies on Small Business Growth and Economic Development,8
The Role of Education in Enhancing Economic Growth and Employment Opportunities,8
Creating Competitive Advantage through Sustainable Business Practices in the Global Market,8
Assessing the Economic Impact of International Trade on Local Employment,8
Building Inclusive Economies: Policies for Supporting Women Entrepreneurs,8
Economic Growth and Employment Generation in the Age of Industry 4.0,8
Measuring the Economic Impact of Technology Startups on Regional Development,8
Barriers to Entrepreneurship in Developing Countries: A Comprehensive Study,8
Corporate Governance and Its Effect on Economic Growth in Emerging Markets,8
Digital Skills Development and Economic Growth in the Gig Economy,8
Impact of Education on Entrepreneurial Mindset: A Study on Youth Employment,8
Social Entrepreneurship and Its Contribution to Job Creation and Economic Growth,8
Exploring the Role of Microfinance in Promoting Entrepreneurship and Reducing Poverty,8
The Role of Government Support in Promoting Inclusive Economic Growth and Employment,8
Job Creation and Economic Diversification in Oil-Dependent Economies,8
The Influence of Employee Well-being Programs on Workplace Productivity and Economic Growth,8
How Employee Ownership Models Contribute to Sustainable Business Growth,8
Entrepreneurial Leadership and Its Impact on Organizational Performance and Economic Growth,8
Fostering Entrepreneurship and Innovation through Government Initiatives,8
The Role of Innovation Hubs and Incubators in Supporting Entrepreneurial Growth,8
Technological Innovation and Its Role in Job Creation in Emerging Economies,8
Impact of Artificial Intelligence and Automation on Labor Market Dynamics,8
Economic Growth and Sustainability: Balancing Growth with Environmental Protection,8
Digital Transformation and the Future of Work: Opportunities for Economic Growth,8
The Impact of Corporate Investment in Human Capital on Economic Growth,8
A Study on the Role of Venture Capital in Promoting Startups and Economic Development,8
Corporate Social Responsibility as a Driver for Economic Growth and Job Creation,8
Analyzing the Impact of Youth Employment Programs on National Economic Growth,8
Economic Impacts of the Sharing Economy on Traditional Labor Markets,8
Digital Economy and Its Role in Fostering Entrepreneurship and Innovation,8
Measuring the Impact of Entrepreneurship Education on Job Creation,8
Role of Women in Economic Growth: The Impact of Female Entrepreneurship,8
How Collaborative Workspaces Impact Startup Ecosystems and Economic Growth,8
A Comparative Study of the Economic Impact of Automation on Various Industries,8
Impact of Globalization on Job Creation in Emerging Markets,8
Economics of the Green Economy: Creating Jobs through Sustainable Business Practices,8
Technological Advancements and Their Impact on Labor Market Dynamics,8
Financial Technologies and Their Role in Supporting Entrepreneurial Ecosystems,8
Growth of Green Jobs and the Future of Sustainability in Emerging Economies,8
Impact of Innovation in Education on Job Market and Economic Development,8
Workplace Innovation and Its Effect on Employee Productivity and Economic Growth,8
The Role of Export-Oriented Entrepreneurship in Boosting Economic Growth,8
Entrepreneurial Ecosystems and Their Impact on Regional Economic Development,8
The Role of Investment in Infrastructure in Promoting Economic Growth,8
Technological Innovations in Manufacturing and Their Impact on Job Creation,8
Economic Development through Digital Platforms: Opportunities and Challenges,8
Improving Employment Outcomes through Government-Led Innovation Programs,8
Enhancing Economic Growth through Technology-Driven Entrepreneurship,8
Impact of Technology Adoption on Job Creation and Economic Development,8
Government Role in Fostering Entrepreneurship and Economic Growth in Rural Areas,8
"Innovation, Sustainability, and Economic Growth: The Role of Social Enterprises",8
The Effects of Trade Agreements on Job Creation and Economic Growth,8
Strategies for Promoting Green Entrepreneurship in Developing Economies,8
Job Creation and Economic Resilience: Lessons from the COVID-19 Pandemic,8
Empowering Entrepreneurs in Emerging Markets: The Role of Technology and Innovation,8
Exploring the Economic Impact of Circular Economy Practices on Employment,8
Public-Private Collaboration for Promoting Innovation and Economic Growth,8
Entrepreneurial Opportunities in Emerging Markets and Their Impact on Employment,8
Assessing the Role of Digital Literacy in Enhancing Economic Growth and Job Creation,8
Small Business Support Programs and Their Impact on Economic Growth,8
Creating Inclusive Economic Growth through Technology-Enabled Job Creation,8
Entrepreneurship as a Catalyst for Economic Diversification and Job Creation,8
Exploring the Role of Green Technology Startups in Sustainable Economic Development,8
Assessing the Impact of Social Media on Entrepreneurship and Economic Growth,8
The Role of Universities in Fostering Entrepreneurship and Economic Development,8
Strategies for Supporting Entrepreneurship in Low-Income Communities,8
Public Sector Innovation and Its Contribution to Economic Growth and Employment,8
How Digital Platforms are Empowering the Next Generation of Entrepreneurs,8
The Role of Technology in Enhancing Access to Jobs in Remote Areas,8
Strategies for Promoting Green Jobs and Their Impact on Economic Growth,8
The Role of Startups in Job Creation and Economic Growth in Post-Pandemic Economies,8
The Impact of Digital Platforms on Job Creation in the Gig Economy,8
Workforce Development Programs and Their Impact on Job Market Growth,8
The Role of Education in Supporting Economic Growth and Job Creation in Emerging Economies,8
Assessing the Potential of Blockchain in Fostering Entrepreneurship and Economic Growth,8
Opportunities for Job Creation through Renewable Energy Industry Development,8
The Role of Big Data in Driving Economic Growth and Job Creation,8
The Contribution of Innovation and Entrepreneurship to Sustainable Economic Growth,8
Economic Impact of the Digital Transformation on Traditional Employment Sectors,8
Interface electronic system for measuring air acidity with optical sensors,11
Shadow-based vehicle detection in urban traffic,11
Mobility Patterns of Scholar Communities in Southwestern European Countries,11
AI-Based Traffic Flow Optimization for Smart Cities,11
Predictive Modeling of Air Pollution in Urban Environments Using Machine Learning,11
Development of Smart Parking Systems Using IoT and AI,11
Impact of Public Transport Accessibility on Urban Sustainability,11
Simulation of Energy Efficiency in High-Density Urban Areas,11
Development of Real-Time Air Quality Monitoring Networks for Cities,11
Design of Smart Waste Management Systems Using IoT Technologies,11
Mathematical Models for Optimizing Bicycle Sharing Networks in Smart Cities,11
Predicting Urban Expansion Using Geospatial Analysis and AI,11
Impact of Green Roofs on Urban Microclimates: A Computational Study,11
Optimization of Pedestrian Infrastructure for Sustainable Urban Mobility,11
Traffic Congestion Prediction and Management Using AI-Based Systems,11
Design and Simulation of Energy-Efficient Public Transport Systems,11
Computational Models for Assessing Urban Flood Risks in Smart Cities,11
Development of Smart Grid Solutions for Sustainable Urban Energy Management,11
Using Big Data to Enhance Disaster Preparedness and Urban Resilience,11
Mathematical Simulation of Noise Pollution in Urban Environments,11
Development of AI-Based Urban Planning Tools for Sustainable Cities,11
Effect of Autonomous Vehicles on Traffic Flow and City Planning,11
Geospatial Modeling of Population Density and Urban Infrastructure,11
Smart Lighting Systems for Reducing Energy Consumption in Cities,11
Design of Sustainable Water Management Systems in Urban Areas,11
Airborne Particulate Matter Monitoring Using Low-Cost Sensor Networks,11
Predicting the Impact of Urban Heat Islands Using AI-Based Models,11
Development of Smart Pedestrian Crossings for Enhanced Safety,11
Modeling Sustainable Urban Growth Using Geographic Information Systems,11
Analyzing the Role of Smart Technologies in Reducing Traffic Accidents,11
Optimization of Public Transport Routes Using AI Algorithms,11
Using AI to Analyze the Effectiveness of Urban Green Spaces,11
Impact of Climate Change on City Infrastructure: A Computational Approach,11
Real-Time Monitoring of Road Safety and Traffic Incidents Using IoT,11
Development of Smart Irrigation Systems for Sustainable Urban Green Spaces,11
Using Augmented Reality for Urban Planning and Smart City Development,11
Modeling the Impact of High-Rise Buildings on Urban Wind Flow,11
Design of Low-Carbon Public Transportation Networks for Sustainable Cities,11
AI-Based Prediction of Emergency Response Times in Urban Areas,11
Mathematical Models for Evaluating the Impact of Air Pollution on Public Health,11
Optimization of Waste Collection Routes Using Machine Learning,11
Using AI to Improve the Efficiency of Urban Stormwater Drainage Systems,11
Simulation of Urban Evacuation Plans for Emergency Preparedness,11
Analysis of Urban Heat Islands and Mitigation Strategies,11
Developing Smart Traffic Signal Systems for Reducing City Congestion,11
AI-Based Predictive Models for Urban Noise Pollution Control,11
Smart Water Distribution Systems for Sustainable Cities,11
Optimization of Urban Energy Consumption Using Predictive Analytics,11
Real-Time Urban Mobility Analysis Using GPS Data,11
AI-Based Approaches for Analyzing Housing Affordability in Cities,11
Development of Sustainable Urban Agriculture Systems,11
Modeling and Simulation of Smart Building Energy Usage,11
AI-Powered Predictive Maintenance for Urban Infrastructure,11
Analyzing the Relationship Between Green Spaces and Air Quality in Cities,11
Simulation of Electric Vehicle Integration into Urban Transport Networks,11
Using AI to Monitor and Improve Public Health in Urban Areas,11
Development of Noise-Reducing Building Materials for Urban Areas,11
Mathematical Optimization of Urban Pedestrian and Cyclist Safety,11
Using AI to Optimize the Design of Public Spaces in Smart Cities,11
Predicting Future Urban Land Use Changes with AI and Remote Sensing,11
Enhancing Smart City Planning with Blockchain-Based Data Systems,11
Impact of Underground Transport Systems on Urban Sustainability,11
Development of Air Pollution Control Strategies Using Computational Models,11
Real-Time Traffic Monitoring for Intelligent Transport Systems,11
Analyzing the Effects of Smart Building Technologies on Energy Consumption,11
Simulation of Smart Grid Infrastructure in Urban Residential Areas,11
Using AI for Sustainable Waste Sorting and Recycling in Smart Cities,11
Mathematical Models for Assessing the Effectiveness of Smart City Policies,11
Development of Real-Time Noise Level Monitoring Systems in Urban Areas,11
Impact of E-Scooters on Urban Mobility and Sustainability,11
Analyzing the Social and Economic Impacts of Gentrification in Cities,11
Smart Infrastructure Design for Enhancing Urban Climate Resilience,11
Developing AI-Based Models for Reducing Traffic-Related Carbon Emissions,11
Optimization of Public Transport Networks Using Machine Learning,11
Development of AI-Based Air Traffic Management Systems for Smart Cities,11
Geospatial Analysis of Smart City Energy Consumption Patterns,11
Application of AI and IoT in Sustainable Building Design,11
Enhancing Public Safety in Cities Using AI-Based Surveillance Systems,11
Simulation-Based Analysis of Shared Mobility Solutions in Urban Environments,11
Developing AI-Enhanced Urban Flood Management Strategies,11
The Role of Digital Twins in Smart City Development,11
Analyzing the Impact of AI-Based Traffic Systems on Urban Air Quality,11
Development of Resilient Urban Transport Systems Against Natural Disasters,11
Optimization of Green Energy Solutions for Smart Cities,11
Computational Models for Predicting Smart City Energy Demand,11
Development of AI-Based Solutions for Reducing Urban Energy Consumption,11
Using Big Data to Analyze the Relationship Between Urbanization and Health,11
The Role of IoT in Reducing Water Waste in Smart Cities,11
Analyzing Smart City Policies Using Data-Driven Approaches,11
Simulation of Real-Time Air Pollution Dispersion in Urban Environments,11
AI-Based Optimization of Urban Mobility and Public Transport Networks,11
Impact of Data-Driven Governance on Sustainable Urban Development,11
Developing AI-Powered Smart Home Technologies for Energy Efficiency,11
Analyzing the Feasibility of Autonomous Public Transport in Urban Areas,11
Predictive Modeling of Smart City Infrastructure Growth Trends,11
Development of AI-Based Smart Grid Technologies for Urban Areas,11
Evaluating the Effectiveness of Urban Greening Policies Using AI,11
Smart City Solutions for Reducing Traffic Congestion and Air Pollution,11
Optimizing the production scheduling of a single machine to minimize total energy consumption costs,12
Exploring the Relationship between Sustainability Reporting and Sustainability Management Practices,12
"Integrating Technoeconomic, Environmental, and Safety Criteria in Solvent Screening for Extraction Processes: The Case of Algae Lipid Extraction",12
Modeling and Optimization of Supply Chain Processes for Sustainable Product Distribution,12
Energy-Efficient Manufacturing Systems: A Simulation-Based Approach to Process Optimization,12
Sustainable Product Design: Integrating Environmental Impact and Cost Efficiency in the Early Stages of Development,12
Circular Economy Models for Waste Reduction in Industrial Manufacturing,12
Technoeconomic Analysis of Bio-Based Materials for Sustainable Packaging Solutions,12
Reducing Carbon Footprint in Manufacturing through Lean and Green Techniques,12
Optimization of Waste Management Systems in Urban Areas Using Computational Models,12
Life Cycle Assessment (LCA) of Energy Production from Renewable Sources,12
Optimization of Resource Allocation in Green Supply Chains for Minimizing Waste,12
Development of a Sustainable Water Management Strategy for Industrial Applications,12
Environmental Impact Assessment of Wastewater Treatment Systems Using Simulation Models,12
Technoeconomic Feasibility of Solar-Powered Production Systems for Small and Medium Enterprises,12
Data-Driven Approaches to Optimizing Energy Usage in Industrial Processes,12
Quantitative Models for Waste Reduction in E-Waste Recycling Processes,12
Sustainable Industrial Systems: Optimization of Energy Use and Material Flow,12
AI-Based Models for Optimizing Waste-to-Energy Conversion Systems,12
Optimizing the Use of Renewable Resources in Industrial Production Processes,12
Circular Business Models for Recycling and Reusing Electronic Components,12
Machine Learning Algorithms for Predicting Waste Generation in Manufacturing Systems,12
Sustainable Agriculture and Resource Management: Optimization of Water Usage,12
Application of Artificial Intelligence in Reducing Material Waste in Manufacturing,12
Technoeconomic Evaluation of Renewable Energy Integration in Industrial Processes,12
Enhancing Resource Efficiency in the Construction Industry: A Systematic Approach,12
Energy Efficiency in Industrial Automation: A Mathematical Modeling Approach,12
Optimization of Water Treatment Processes Using AI and Computational Fluid Dynamics,12
Sustainability Metrics for Assessing the Environmental Impact of Manufacturing,12
Assessing the Economic Viability of Waste-to-Biofuel Conversion Technologies,12
Optimization of Green Manufacturing Processes Using Simulation and Modeling,12
Circular Supply Chains: Integrating Sustainability into Production Planning,12
AI for Sustainable Packaging: Optimization of Materials and Manufacturing Processes,12
Design of Closed-Loop Systems for Minimizing Waste in the Chemical Industry,12
The Role of Smart Grids in Enhancing Sustainable Energy Consumption in Cities,12
Technoeconomic and Environmental Evaluation of Carbon Capture and Storage Technologies,12
Simulation and Optimization of Sustainable Transportation Systems for Urban Areas,12
Analysis of Eco-Efficiency in Industrial Systems Using Life Cycle Costing Methods,12
Using Machine Learning to Optimize Production Processes for Waste Minimization,12
A Comparative Study of Sustainable Practices in the Automotive Industry,12
Optimization of Logistics and Distribution Networks for Sustainable Transportation,12
Green Chemistry Approaches in Industrial Processes: A Simulation Study,12
Optimization of Packaging Materials to Reduce Environmental Impact in Retail,12
Application of Process Systems Engineering to Sustainable Manufacturing Practices,12
Modeling the Environmental and Economic Impacts of Circular Supply Chains,12
Sustainable Product Lifecycle Management through Advanced Analytics and Optimization,12
Energy Recovery from Industrial Waste: A Technoeconomic Analysis,12
Quantitative Assessment of Sustainability Indicators in the Textile Industry,12
Predictive Models for Sustainable Consumption in Retail Markets,12
Optimization of Product Reuse and Recycling in the Consumer Electronics Industry,12
Sustainability Analysis of Biofuel Production: A Systematic Optimization Approach,12
Life Cycle Optimization of Building Materials for Energy-Efficient Construction,12
Data-Driven Approaches to Reducing Water Consumption in Food Processing,12
Sustainability and Efficiency Optimization in the Pulp and Paper Industry,12
Circular Economy Principles in the Electronics Industry: Optimization and Modeling,12
Using Artificial Intelligence to Optimize Energy Efficiency in Industrial Systems,12
The Role of Eco-Innovation in Reducing Resource Consumption in Manufacturing,12
Technoeconomic Modeling of Green Energy Solutions in Industrial Applications,12
Optimization of Sustainable Water Management Practices in Agricultural Systems,12
Applying Lean and Green Methodologies to Optimize Energy Consumption in Factories,12
Integration of Sustainability Goals in Industrial Production Scheduling,12
Reducing Industrial Energy Consumption Through Efficient Process Control Techniques,12
Technoeconomic Feasibility of Green Building Materials in Residential Construction,12
Optimization of Water Usage and Waste Reduction in Textile Manufacturing,12
Exploring the Role of Smart Technology in Sustainable Agriculture Practices,12
Designing Closed-Loop Supply Chains for Minimizing Environmental Impact in Retail,12
Computational Modeling of Resource Consumption in Circular Economy Systems,12
AI and IoT for Sustainable Resource Management in Manufacturing,12
Technoeconomic and Environmental Impacts of Sustainable Urban Agriculture,12
Optimization of Manufacturing Processes for Zero Waste Production,12
Sustainable Water Use in Industrial Cooling Systems: A Computational Study,12
AI-Based Strategies for Optimizing Waste Recycling in Urban Areas,12
Circular Manufacturing and the Role of Advanced Robotics in Waste Reduction,12
Optimizing the Use of Renewable Energy Sources in Energy-Intensive Industries,12
Technoeconomic Assessment of Sustainable Manufacturing Technologies,12
Exploring Sustainable Practices in Mining Operations through Process Optimization,12
Energy-Efficient Supply Chain Models: A Simulation Approach,12
Design and Optimization of Sustainable Packaging Solutions for Consumer Products,12
Circular Economy Strategies for Reducing Waste in the Fashion Industry,12
Simulation-Based Optimization of Green Logistics Networks,12
Optimization of Water-Energy Nexus for Sustainable Industrial Applications,12
Assessing the Environmental Impacts of Material Substitution in Manufacturing,12
Technoeconomic Analysis of Energy-Efficient Urban Transportation Systems,12
Mathematical Modeling of Sustainability Metrics in the Chemical Industry,12
Designing Smart Energy Systems for Sustainable Residential Communities,12
Using AI to Predict and Optimize Resource Use in Manufacturing Systems,12
Optimization of Resource Recovery in Municipal Solid Waste Systems,12
Technoeconomic Feasibility of Waste Heat Recovery Systems in Industry,12
AI-Based Forecasting for Sustainable Resource Allocation in Agriculture,12
Sustainable Manufacturing Through the Integration of Lean and Green Practices,12
Economic and Environmental Benefits of Sustainable Packaging Solutions,12
Developing Smart Waste Recycling Systems for Sustainable Urban Environments,12
Optimization of Renewable Energy Use in Manufacturing Systems,12
Technoeconomic and Environmental Assessment of Green Construction Materials,12
Reducing Water Consumption in Food and Beverage Processing Using AI Models,12
Technoeconomic and Sustainability Evaluation of Closed-Loop Supply Chains,12
Optimizing the Environmental and Economic Performance of Solar Energy Systems,12
Natural gas decarbonization as tool for greenhouse gases emission control,13
"Discovering the patterns of energy consumption, GDP, and CO2 emissions in China using the cluster method",13
Sustainable business model for climate finance. Key drivers for the commercial banking sector,13
AI-Based Models for Predicting Climate Change Impacts on Urban Areas,13
Decarbonizing the Energy Sector: A Simulation of Renewable Energy Integration,13
Technoeconomic Analysis of Carbon Capture and Storage Technologies,13
Predictive Models for Climate Change Risk Assessment in Coastal Areas,13
AI Solutions for Optimizing Renewable Energy Systems for Carbon Reduction,13
Optimizing Climate Finance Investments for Sustainable Development,13
Simulation of Climate Change Effects on Agricultural Systems Using AI,13
Using Machine Learning to Predict the Impact of Climate Change on Water Resources,13
Technoeconomic Evaluation of Solar Energy Systems for Mitigating CO2 Emissions,13
AI-Based Prediction of Extreme Weather Events Due to Climate Change,13
Modeling the Impact of Climate Change on Urban Air Quality,13
Carbon Pricing Models: A Data-Driven Approach to Reducing Greenhouse Gas Emissions,13
Development of Sustainable Urban Mobility Systems for Reducing Carbon Emissions,13
Energy Transition Modeling: A Case Study of Carbon-Free Energy Systems,13
Circular Economy Solutions for Reducing Carbon Footprint in Manufacturing,13
Optimizing Carbon Footprint Reduction in the Transport Sector Using AI,13
The Role of Electric Vehicles in Reducing CO2 Emissions in Urban Areas,13
Using Renewable Energy Systems to Achieve Carbon Neutrality in Industry,13
Technoeconomic Assessment of Bioenergy Solutions for Carbon Reduction,13
Predicting the Impact of Climate Change on Global Energy Systems Using Machine Learning,13
AI-Based Climate Change Mitigation Strategies for Industrial Processes,13
Optimization of Energy Use in Urban Areas for Climate Change Mitigation,13
The Role of Carbon Footprint Calculators in Corporate Sustainability Reporting,13
Renewable Energy Integration into Existing Energy Grids: Challenges and Solutions,13
Climate Change Adaptation Strategies for Coastal Communities: A Modeling Approach,13
Optimization of Building Energy Systems for Climate Change Mitigation,13
Green Finance and Its Impact on Corporate Climate Strategies,13
Development of Smart Grids for Reducing Greenhouse Gas Emissions,13
Predicting Carbon Emissions in the Industrial Sector Using Machine Learning Models,13
Technological Innovations for Reducing Carbon Emissions in the Chemical Industry,13
AI-Based Systems for Monitoring and Reporting Corporate Climate Footprints,13
Using Data Analytics for Enhancing Climate Resilience in Urban Areas,13
The Role of AI in Forecasting and Managing Climate-Related Disasters,13
Carbon-Neutral Urban Development: A Simulation-Based Approach,13
Technoeconomic Modeling of Green Building Practices for Climate Change Mitigation,13
Climate Resilience in Agriculture: AI Models for Sustainable Crop Production,13
Forecasting Energy Demands for Low Carbon Emission Strategies,13
Use of Blockchain in Sustainable Climate Finance and Carbon Credit Markets,13
Optimization of Water Use in Agriculture for Climate Change Mitigation,13
Energy Efficiency and Climate Change: A Quantitative Model for Industrial Applications,13
Application of Smart Technologies in Climate Change Mitigation for Transportation,13
Renewable Energy Solutions for Achieving Net-Zero Emissions in Manufacturing,13
Sustainable Power Generation in Urban Areas Using Hybrid Renewable Systems,13
Impact of Industrial Waste on Climate Change: A Data-Driven Approach,13
Climate Adaptation Strategies for the Energy Sector: An Optimization Study,13
Technoeconomic Evaluation of Green Hydrogen Production for Carbon Reduction,13
Data-Driven Solutions for Climate Change Risk Management in Agriculture,13
Developing Low-Carbon Transportation Infrastructure in Urban Areas,13
Impact of Climate Change on Global Water Resources: A Predictive Modeling Approach,13
Smart Technologies for Climate Adaptation and Resilience in Coastal Cities,13
AI and Machine Learning for Climate Change Mitigation in the Energy Sector,13
Carbon Offsetting in the Aviation Industry: Modeling Emission Reduction Strategies,13
Renewable Energy Policies for Sustainable Development and Climate Change Mitigation,13
Data-Driven Climate Forecasting for Renewable Energy Integration into Grids,13
Using AI to Enhance the Effectiveness of Climate Change Education Programs,13
Integration of Sustainable Practices in the Construction Sector for Climate Mitigation,13
AI and Machine Learning for Optimizing Energy Use in Manufacturing Processes,13
Predictive Analytics for Reducing Carbon Footprint in the Automotive Industry,13
AI-Based Approaches for Optimizing Resource Utilization in Urban Areas,13
Climate-Smart Agriculture: Modeling Sustainable Farming Practices for Carbon Reduction,13
Sustainable Manufacturing Solutions for Minimizing Greenhouse Gas Emissions,13
Technoeconomic Assessment of Wind Energy Systems for Climate Change Mitigation,13
AI and IoT for Reducing Energy Consumption in Smart Homes,13
Optimization of Public Transport Systems for Reducing CO2 Emissions in Cities,13
Sustainable Practices for Reducing Plastic Waste in the Textile Industry,13
Forecasting Carbon Emissions in the Energy Sector Using Data Analytics,13
Technoeconomic Modeling of Carbon Capture Utilization and Storage in Industrial Processes,13
Optimization of Supply Chains for Minimizing Carbon Footprints,13
AI for Predicting and Mitigating the Effects of Climate Change on Public Health,13
Data-Driven Decision Making for Reducing Environmental Impact in Corporate Operations,13
Modeling the Relationship Between Urbanization and Climate Change Mitigation,13
Development of Sustainable Carbon Trading Systems for Climate Action,13
Simulation of Renewable Energy Systems for Climate Change Mitigation in Developing Countries,13
The Role of Artificial Intelligence in Enhancing Climate Change Mitigation Strategies,13
Integrating AI and IoT for Climate Change Adaptation in Agriculture,13
Technoeconomic Models for Renewable Energy Solutions in Emerging Economies,13
AI-Based Modeling for Climate Change Impact on the Coastal Ecosystem,13
Assessing the Effectiveness of Climate Change Policies Using Data Analytics,13
Optimizing the Use of Renewable Energy in the Transportation Sector,13
Developing Climate Resilience Plans for Urban Areas Using Predictive Analytics,13
Predicting Greenhouse Gas Emissions in Developing Countries Using Machine Learning Models,13
AI-Based Solutions for Enhancing Climate Change Adaptation in Low-Income Countries,13
Technoeconomic Assessment of Ocean Energy Systems for Climate Change Mitigation,13
Smart Grid Solutions for Reducing Carbon Emissions in Urban Areas,13
Predictive Modeling of Climate Change Effects on Forest Ecosystems,13
Renewable Energy Investment Strategies for Climate Action,13
Climate Change Risk Assessment for Coastal Cities: A Simulation Study,13
Leveraging Artificial Intelligence for Climate-Smart Water Management,13
Green Technology Solutions for Reducing the Environmental Impact of Industrial Systems,13
Blood clot simulation model by using the bond-graph technique,3
Tissue Engineering Scaffolds for 3D Cell Culture,3
An Emotional Model Based on Fuzzy Logic and Social Psychology for a Personal Assistant Robot,3
Application of Deep Learning in Cancer Detection from Medical Imaging,3
Modeling the Spread of Infectious Diseases Using Agent-Based Simulation,3
AI-based Decision Support Systems for Heart Disease Diagnosis,3
Simulation of Hemorrhage Dynamics in Human Arteries Using Computational Fluid Dynamics,3
Finite Element Modeling of Bone Fracture Healing Process,3
Optimization of Drug Delivery Systems Using Mathematical Models,3
Mathematical Modeling of the Human Respiratory System for Disease Diagnosis,3
Nanoparticles in Medicine: A Simulation Study for Targeted Drug Delivery,3
Development of a Smart Wearable Device for Real-Time Monitoring of Heart Rate Variability,3
3D-Printed Tissue Scaffolds for Regenerative Medicine Applications,3
Biomechanical Modeling of Joint Prostheses for Improved Surgical Outcomes,3
Predictive Modeling of Epidemic Spread Using Differential Equations,3
Quantum Dots for Cancer Imaging and Targeted Drug Delivery: A Computational Approach,3
Robotic Surgery Systems: Enhancing Precision and Minimizing Risk,3
Mathematical Modeling of Antibody-Antigen Interactions in Immune Response,3
Simulation of Fluid Flow in Human Airways Using Computational Fluid Dynamics,3
A Model for Personalized Cancer Treatment Using Genetic Algorithms,3
Data-Driven Approaches to Predicting Alzheimer’s Disease Progression,3
Optimization of Radiotherapy Treatment Plans Using Mathematical Algorithms,3
Biomechanics of Bone Healing: A Finite Element Analysis Approach,3
Predicting the Impact of Pollution on Human Health Using Geospatial Models,3
Artificial Intelligence for Early Detection of Diabetic Retinopathy,3
Mathematical Models in Tumor Growth Prediction and Treatment Optimization,3
Development of a Computational Model for Understanding Human Metabolism,3
AI in Predicting and Managing Cardiovascular Disease Risk Factors,3
Energy Harvesting from Human Motion for Healthcare Monitoring Systems,3
Robust Optimization of Medical Imaging Systems for Accurate Diagnosis,3
Thermodynamic Models for Understanding the Effect of Temperature on Cellular Processes,3
Predicting the Impact of Climate Change on Public Health Using Mathematical Models,3
Modeling the Effect of Nanoparticles on Cell Membrane Interactions,3
Design of Smart Prosthetic Limbs Using Mechatronics and Control Theory,3
Biomechanical Simulation of Human Gait for Prosthetic Limb Design,3
Modeling and Simulation of Drug Reactions Using Molecular Dynamics,3
Mathematical Modeling of Infection Spread in Hospital Settings,3
Smart Fabrics for Health Monitoring: A Computational Study,3
Using Artificial Neural Networks to Predict Heart Attack Risk,3
Computational Fluid Dynamics in the Design of Ventilator Systems,3
Modeling the Impact of Air Pollution on Lung Function Using Physics-Based Simulations,3
Simulating Human Body’s Response to External Shocks in Trauma Cases,3
Mathematical Modeling of Neurodegenerative Diseases for Drug Development,3
Development of Real-Time Monitoring Systems for Elderly Health Using IoT,3
Designing Bio-Inspired Prostheses for Enhanced Mobility,3
AI-Driven Personalized Medicine for Cancer Treatment Optimization,3
Simulation of Biomechanical Stress on Organs During Physical Activity,3
Quantum Computing in Medical Diagnostics: A Theoretical Study,3
Physics-Based Modeling of the Human Cardiovascular System,3
Computational Models for Studying the Impact of Drugs on Protein Structures,3
Fuzzy Logic in Modeling the Effectiveness of Vaccination Programs,3
Using Machine Learning to Predict and Manage Diabetes,3
Simulation of the Effect of Environmental Factors on Human Health,3
Modeling the Response of Immune Cells to Viral Infections Using Differential Equations,3
Improvement of Health Monitoring Systems with Machine Learning Algorithms,3
Mathematical Simulation of Tumor Growth and Response to Chemotherapy,3
Simulating the Spread of Contaminants in the Human Body Using Physics Models,3
Design of an AI-Based System for Early Detection of Stroke,3
Predicting the Impact of Nutritional Interventions on Public Health Using Statistical Models,3
Quantum Simulation of Drug Interactions in the Human Body,3
Simulation of Brain-Computer Interface for Medical Applications,3
Design of Optimal Surgical Robots for Minimizing Human Error,3
Mathematical Model for Optimizing the Delivery of Medical Resources During Pandemics,3
Development of a Wearable Device for Monitoring Blood Pressure Using Sensor Networks,3
Computational Fluid Dynamics for Understanding Pulmonary Drug Delivery Systems,3
Optimizing Emergency Medical Response Systems with Machine Learning Models,3
Simulation of Human Skin for the Design of Medical Wound Healing Products,3
Physics-Based Modeling of Radiation Therapy for Cancer Treatment,3
Simulation of Bioelectric Signals for Personalized Health Care Solutions,3
Machine Learning for Predicting the Spread of Infectious Diseases,3
Simulation of Immune System Response to Vaccines Using Computational Models,3
Designing Wearable Health Devices with Embedded IoT Technology,3
Predicting Mental Health Trends Using Big Data and Machine Learning Models,3
Smart Biosensors for Monitoring Chronic Health Conditions,3
Modeling the Effects of Air Quality on Respiratory Health Using Physics-Based Models,3
Simulation of Blood Flow for Cardiac Risk Assessment,3
AI for Optimizing Drug Formulation in Pharmaceutical Engineering,3
Mathematical Models for Predicting Public Health Outcomes During Pandemics,3
Optimization of Health Care Delivery with Artificial Intelligence,3
Using Physics Simulations to Improve the Efficiency of Medical Imaging Techniques,3
Design of Artificial Organs Using Computational Models,3
Simulation of Human Metabolic Pathways for Drug Discovery,3
AI-Driven Systems for Predicting the Progression of Mental Health Disorders,3
Simulation of Electrocardiogram (ECG) Signals for Cardiac Diagnosis,3
Physics-Based Models for Understanding the Dynamics of Human Blood Flow,3
Mathematical Models for Personalizing Cancer Treatment Protocols,3
Bio-Inspired Algorithms for Improving Prosthetic Limb Design,3
Modeling the Interaction of Antibiotics with Bacterial Cells Using Computational Models,3
Development of Computational Models for Personalized Rehabilitation Therapy,3
The Role of Mathematical Modeling in the Development of Vaccines,3
Physics of Biological Cells: A Computational Modeling Approach,3
AI and IoT Integration for Real-Time Health Monitoring Systems,3
Towards Successful Project-Based Teaching-Learning Experiences in Engineering Education,4
Strategies for Teaching Professional Ethics to IT Engineering Degree Students and Evaluating the Result,4
Student academic performance stochastic simulator based on the Monte Carlo method,4
Development of a Data-Driven Approach for Predicting Student Success in STEM Programs,4
Designing Online Learning Environments Using Human-Computer Interaction Principles,4
Artificial Intelligence in Personalized Learning for Engineering Students,4
Implementing Virtual Reality in Engineering Education for Enhanced Student Engagement,4
Mathematical Modeling of Learning Outcomes in Higher Education Systems,4
Evaluating the Impact of Project-Based Learning on Engineering Student Motivation,4
Design of Interactive Learning Systems for Enhancing Engineering Problem-Solving Skills,4
Use of Computational Tools for Teaching Computational Fluid Dynamics to Engineering Students,4
Simulation-Based Learning: Enhancing Engineering Education with Practical Applications,4
AI-Driven Personalized Educational Pathways for STEM Students,4
Evaluation of E-Learning Platforms in Engineering Education: A Comparative Study,4
Mathematical Models for Measuring Student Engagement in Online Learning Environments,4
Improving Educational Outcomes in Engineering Through Adaptive Learning Systems,4
Optimization of Blended Learning Strategies in Engineering Education,4
Impact of Social Media on Student Learning in Higher Education,4
Robotics in Engineering Education: Teaching Automation through Hands-On Learning,4
Use of Augmented Reality to Enhance Learning Experiences in Engineering Courses,4
Assessing the Effectiveness of Gamification in Engineering Education,4
Statistical Analysis of Student Performance in Project-Based Learning Environments,4
Mathematical Models for Enhancing Teacher-Student Interactions in Classrooms,4
Innovative Methods for Teaching Computational Mathematics in Engineering,4
Use of Simulation Tools in Teaching Advanced Engineering Concepts,4
Exploring the Impact of Flipped Classrooms on Engineering Student Performance,4
Blockchain Technology for Enhancing Educational Credentialing in Engineering,4
Application of Data Science for Analyzing Trends in Engineering Education,4
AI-Based Methods for Predicting Student Retention in Engineering Courses,4
Design of Data-Driven Frameworks for Optimizing Learning Pathways in Engineering Education,4
Physics Simulations for Teaching Advanced Engineering Mechanics,4
Evaluation of Online vs. Traditional Learning for Engineering Students,4
Development of Interactive Educational Software for Engineering Mathematics,4
Use of Data Analytics to Improve Student Performance in Engineering Degrees,4
Implementing Collaborative Learning Approaches in Engineering Education,4
Simulation of Engineering Design Processes for Educational Purposes,4
Machine Learning Algorithms for Analyzing Educational Outcomes in Engineering,4
Enhancing Critical Thinking in Engineering Students Using Computational Models,4
Towards the Integration of Big Data and AI in Engineering Education,4
Using Robotics for STEM Education: A Methodology for Project-Based Learning,4
Mathematical Models for Assessing the Impact of Teaching Methodologies on Student Outcomes,4
Using Artificial Intelligence to Predict Student Success in Engineering Programs,4
Integration of Environmental Sustainability into Engineering Education,4
Designing Engineering Curriculum to Promote Interdisciplinary Learning,4
Impact of Virtual Laboratories on Engineering Students' Conceptual Understanding,4
Predictive Models for Tracking Engineering Students' Academic Performance,4
Mathematical Techniques for Designing Educational Assessment Systems in Engineering,4
The Role of Online Assessments in Engineering Education: A Computational Approach,4
Using Data-Driven Strategies to Enhance Student Learning in Engineering,4
Design of Smart Classrooms for Enhanced Student Interaction in Engineering,4
Using Game Theory to Model Student Interactions in Collaborative Learning Environments,4
Designing Engineering Courses for Maximizing Student Learning Outcomes,4
Application of Knowledge Management Systems in Engineering Education,4
Virtual Reality Applications for Teaching Advanced Engineering Topics,4
Improving Communication Skills of Engineering Students Using Simulation Tools,4
Predicting Student Dropout Rates in Engineering Programs Using Statistical Models,4
Mathematical Optimization Techniques for Educational Resource Allocation,4
AI-Enhanced Classroom Environments for Maximizing Student Engagement,4
Interactive Learning Systems for Enhancing Problem-Solving Skills in Engineering,4
Using Big Data to Analyze Educational Trends in Engineering Schools,4
Evaluation of Peer-Reviewed Learning Models for Engineering Education,4
Teaching Sustainability through Engineering Education: A Simulation-Based Approach,4
Physics-Based Simulations for Teaching Renewable Energy Systems in Engineering,4
Optimizing Educational Software for Teaching Complex Engineering Concepts,4
Impact of Collaborative Online Tools on Engineering Student Learning,4
Data Science for Education: Analyzing Student Learning Outcomes in Engineering,4
Designing the Future of Education: Using AI to Enhance Engineering Courses,4
Engineering Education for Sustainable Development: A Computational Approach,4
Computational Approaches to Enhancing Teacher-Student Interaction in Online Education,4
Data-Driven Educational Systems: Personalized Learning for Engineering Students,4
Physics Simulations for Engineering Education: Bridging Theory and Practice,4
Integrating Artificial Intelligence into Engineering Curriculum Design,4
Big Data for Education: Modeling Learning Pathways for Engineering Students,4
Collaborative Learning in Engineering: A Statistical Approach to Measuring Effectiveness,4
Using Quantum Computing to Enhance Educational Platforms for Engineering Students,4
Mathematical Models for Designing Effective Educational Environments for Engineers,4
Evaluating the Role of Digital Learning Tools in Enhancing Engineering Education,4
Enhancing the Teaching of Complex Systems through Simulation-Based Learning,4
Computational Tools for Teaching Renewable Energy Systems in Engineering Programs,4
Winery wastewater treatment by sulphate radical based-advanced oxidation processes (SR-AOP): Thermally vs UV-assisted persulphate activation,6
Solar-assisted bacterial disinfection and removal of contaminants of emerging concern by Fe2+-activated HSO5- vs. S2O82- in drinking water,6
Water consumption range prediction in Huelva’s households using classification and regression trees,6
Modeling the Removal of Heavy Metals from Industrial Wastewater Using Electrocoagulation Techniques,6
Optimization of Membrane Filtration for the Removal of Organic Contaminants from Water,6
Development of a Low-Cost Photocatalytic System for Water Purification,6
Simulating Water Quality in Urban Runoff Using Computational Fluid Dynamics,6
Advanced Oxidation Processes for Degradation of Pharmaceuticals in Wastewater,6
Application of Electrochemical Technologies for Wastewater Treatment and Reuse,6
Mathematical Models for Predicting Water Demand in Arid Regions,6
Impact of Climate Change on Water Quality and Availability: A Simulation Study,6
Nano-adsorbents for Removal of Contaminants from Water: A Computational Approach,6
Sustainable Desalination Techniques for Providing Clean Water in Coastal Regions,6
Predictive Modeling of Water Pollution in River Systems Using Machine Learning Algorithms,6
Optimization of Green Infrastructure for Urban Stormwater Management,6
Hydrodynamic Modeling of Contaminant Transport in Aquatic Systems,6
Development of a Smart Water Quality Monitoring System Using IoT,6
Wastewater Reuse for Irrigation: A Simulation Study on Nutrient Recovery,6
Design of Solar-Powered Water Purification Systems for Rural Communities,6
Effectiveness of Constructed Wetlands for Treating Agricultural Runoff,6
AI-Based Models for Monitoring and Managing Groundwater Resources,6
Physicochemical Treatment of Industrial Effluents for Water Reuse,6
Removal of Pharmaceuticals and Personal Care Products from Wastewater Using Adsorption,6
Water-Saving Irrigation Systems for Sustainable Agriculture: A Computational Approach,6
Simulation of Reverse Osmosis Membranes for Desalination Applications,6
Design of Smart Water Distribution Networks Using Machine Learning Algorithms,6
Bioremediation of Contaminated Water Using Bacterial and Fungal Strains,6
Mathematical Modeling of Eutrophication in Freshwater Ecosystems,6
Application of Solar Energy in the Treatment of Contaminated Water Sources,6
Optimization of Water Treatment Processes for Minimizing Energy Consumption,6
Development of Advanced Sensor Networks for Real-Time Water Quality Monitoring,6
Hydrological Modeling for Sustainable Water Resource Management,6
Use of Carbon Nanomaterials for Water Purification and Contaminant Removal,6
Biofilm-Based Systems for the Removal of Organic Pollutants from Water,6
Predicting Water Contamination Events in Urban Areas Using Data Analytics,6
Development of Eco-Friendly Water Treatment Solutions for Sustainable Development,6
Role of Artificial Intelligence in Predicting and Managing Water Quality,6
Simulation of Integrated Water Resources Management Models for Sustainable Use,6
Use of Advanced Oxidation Processes for the Removal of Cyanide from Industrial Wastewater,6
Water Conservation Technologies for Urban Households: A Simulation Study,6
Design of Low-Cost Water Filtration Systems for Rural Communities,6
Geospatial Analysis of Groundwater Contamination in Agricultural Areas,6
Designing Efficient Water Supply Systems for Rapidly Growing Urban Areas,6
Mathematical Models for Assessing the Impact of Climate Change on Water Availability,6
Development of Water Purification Systems Based on Solar and Wind Power,6
AI-Based Solutions for Detecting Water Leakage in Distribution Networks,6
Optimization of Wastewater Treatment Plants Using Computational Fluid Dynamics,6
Modeling the Impact of Agriculture on Water Quality in Watersheds,6
Treatment of Industrial Effluents Using Membrane Bioreactors,6
Desalination Technologies: A Mathematical Modeling Approach,6
Assessment of Water Pollutants in Aquatic Ecosystems Using Computational Tools,6
Monitoring of Waterborne Diseases Using Real-Time Data and Machine Learning,6
Optimization of Water-Energy Nexus in Urban Water Management Systems,6
Application of Machine Learning Algorithms in Forecasting Water Quality Parameters,6
Solar-Powered Desalination Systems for Remote Communities,6
Development of Cost-Effective Water Treatment Systems Using Natural Materials,6
Numerical Simulation of Water Flow and Contaminant Transport in Aquifers,6
Mathematical Models for Assessing Water Pollution Risks in Coastal Zones,6
Biodegradation of Organic Pollutants in Wastewater Using Microbial Communities,6
Design of Integrated Water Treatment Systems for Rural Areas Using Low-Cost Materials,6
Wastewater Treatment Using Phytoremediation: A Computational Approach,6
Effectiveness of Constructed Wetlands in Removing Heavy Metals from Water,6
Advanced Filtration Techniques for Removing Pharmaceuticals from Drinking Water,6
Development of a Smart Water Management System Using IoT and Machine Learning,6
Analysis of the Effects of Climate Change on River Water Quality and Flow,6
Optimizing the Use of Recycled Water in Industrial Applications,6
Enhancing Water Purification Technologies with Nanotechnology Solutions,6
Impact of Water Conservation Policies on Urban Water Supply Systems,6
Design of Water Treatment Systems for Mitigating the Effects of Industrial Pollution,6
Mathematical Models for Forecasting Water Demand in Urban Areas,6
Sustainable Treatment of Mining Effluents Using Bioengineering Solutions,6
Mathematical Models for Simulating the Behavior of Contaminants in River Water,6
Use of Remote Sensing and GIS for Water Resource Management,6
Advanced Water Purification Systems Using Bio-inspired Membranes,6
Impact of Agricultural Practices on Water Quality: A Computational Study,6
Optimization of Water Purification Processes Using Computational Fluid Dynamics,6
Design of Smart Irrigation Systems for Efficient Water Use in Agriculture,6
Desalination and Water Reuse Technologies for Sustainable Urban Development,6
"Modelling and forecasting fossil fuels, CO2 and electricity prices and their volatilities",7
Study of a Nordic BWR containment and suppression pool behavior during a LOCA with GOTHIC 8.1,7
Performance model and annual yield comparison of parabolic-trough solar thermal power plants with either nitrogen or synthetic oil as heat transfer fluid,7
Optimization of Wind Turbine Performance Using Computational Fluid Dynamics,7
Solar Power Generation Efficiency: A Comparative Study of Photovoltaic and Concentrated Solar Systems,7
Modeling and Analysis of Hybrid Renewable Energy Systems for Remote Areas,7
Geothermal Energy Extraction and Modeling for Sustainable Power Generation,7
Development of Energy Storage Systems for Efficient Use of Renewable Energy,7
Forecasting Wind Energy Potential Using Machine Learning Algorithms,7
Modeling of Heat Transfer Systems for Enhanced Efficiency in Solar Thermal Power Plants,7
Analysis of Energy Consumption in Smart Cities Using IoT-based Data Analytics,7
Optimizing the Efficiency of Gas Turbines in Combined Cycle Power Plants,7
Thermodynamic Models for Improved Performance of Heat Exchanger Systems,7
Mathematical Optimization of Microgrid Operation for Renewable Energy Integration,7
Modeling and Simulation of Energy Demand in Industrial Systems,7
Performance Analysis of Hybrid Solar-Wind Energy Systems for Residential Power Generation,7
Development of Smart Grid Systems Using Distributed Energy Resources,7
Thermal Storage Systems for Solar Energy: A Simulation Study,7
Optimization of Renewable Energy Integration into National Power Grids,7
Energy Harvesting Techniques for Sustainable Power Generation,7
Computational Fluid Dynamics in the Design of Offshore Wind Turbines,7
Study of Biomass Energy Production and Its Environmental Impact,7
Energy Management and Optimization in Electric Vehicle Charging Stations,7
Advances in Nuclear Fusion Energy: A Modeling Approach,7
Comparative Analysis of Solar Panel Efficiency under Different Climatic Conditions,7
Modeling of Battery Storage Systems for Peak Load Shaving in Power Grids,7
Performance Analysis of Microturbines in Combined Heat and Power Systems,7
Optimization of Photovoltaic System Sizing Using Genetic Algorithms,7
Artificial Intelligence for Predicting Energy Consumption in Buildings,7
Development of Low-Cost Wind Turbine Designs for Off-Grid Power Generation,7
Energy Demand Forecasting Using Time Series Models,7
Advanced Energy Storage Systems for Electric Vehicles: A Computational Approach,7
Modeling and Simulation of Hydrogen Fuel Cells for Power Generation,7
Efficiency Improvement of Combined Heat and Power Systems Using AI Algorithms,7
Investigation of Superconducting Magnetic Energy Storage for Renewable Integration,7
Optimization of Solar Power Plant Operation Using Predictive Models,7
AI-Driven Optimization for Demand Response in Smart Grids,7
Performance Modeling of Biogas Power Plants Using Computational Fluid Dynamics,7
Thermodynamic Modeling of Ocean Thermal Energy Conversion Systems,7
Development of Green Hydrogen Production Technologies Using Renewable Energy,7
Forecasting Energy Prices Using Machine Learning Models for Power Trading,7
Design of Energy-Efficient Buildings Using Passive Solar Heating Models,7
Optimization of Wind Farm Layouts for Maximum Energy Generation,7
Mathematical Simulation of Carbon Capture and Storage Systems in Power Plants,7
Impact of Solar Radiation on the Performance of Concentrated Solar Power Plants,7
Energy Efficiency Models for Industrial HVAC Systems,7
Optimization of Hybrid Solar-Wind Power Systems for Rural Electrification,7
AI-Based Solutions for Predicting and Reducing Energy Consumption in Buildings,7
Energy Efficiency in Desalination Systems Using Renewable Energy,7
Simulation of Energy Consumption in Transportation Systems Using AI Models,7
Design of Sustainable Energy Solutions for Urban Areas Using Solar and Wind,7
Development of Smart Metering Systems for Energy Management in Households,7
Thermal Energy Storage in Molten Salt Systems for Solar Power Plants,7
Optimization of Electricity Generation in Hydroelectric Plants Using Computational Models,7
Computational Models for Energy-Efficient Manufacturing Systems,7
Study of Energy Efficiency in Electric Motors: A Simulation Approach,7
Energy Analysis of Vertical Axis Wind Turbines for Urban Environments,7
Simulation and Optimization of Wind-Solar Hybrid Systems for Rural Electrification,7
Mathematical Modeling of Energy Storage Systems for Peak Load Shaving,7
Modeling and Simulation of Geothermal Energy Systems for Residential Use,7
Performance Optimization of Combined Heat and Power Systems in Industrial Applications,7
Data-Driven Approaches for Optimizing Renewable Energy Systems,7
Design of Energy-Efficient Smart Lighting Systems for Urban Areas,7
Artificial Intelligence for Optimal Operation of Hybrid Renewable Energy Systems,7
Geospatial Modeling for Identifying Potential Sites for Wind Energy Generation,7
Thermal and Electrical Energy Optimization in Buildings Using Smart Sensors,7
Simulation of Biomass Gasification Systems for Efficient Power Generation,7
Modeling and Optimization of Energy Storage Systems Using Lithium-Ion Batteries,7
Modeling Energy Production from Floating Solar Farms: A Simulation Study,7
Design of Autonomous Energy Management Systems for Smart Homes,7
Impact of Energy Efficiency Policies on Industrial Energy Consumption: A Simulation Study,7
Mathematical Models for Assessing the Efficiency of Energy Conversion Systems,7
Energy Demand Response Optimization in Smart Grids Using AI,7
Simulation of Smart Grid Technologies for Improved Energy Distribution,7
Optimization of Energy-Efficient Water Heating Systems in Residential Buildings,7
Renewable Energy Forecasting and Storage Optimization Using Machine Learning Models,7
Modeling the Efficiency of Hydrogen Production through Electrolysis,7
AI-Based Modeling of Thermal Power Plant Efficiency,7
Development of Renewable Energy-Powered Desalination Plants for Water Scarcity Areas,7
Designing and Optimizing Low-Carbon District Heating Systems,7
Smart Water and Energy Management Systems for Sustainable Cities,7
Thermodynamic Modeling of Stirling Engines for Solar Power Generation,7
Artificial Intelligence in Optimizing Wind Power Generation Forecasting Models,7
Design of Biogas Power Plants for Sustainable Energy Production,7
Optimizing Solar Cell Performance Using Machine Learning Techniques,7
Impact of Urbanization on Renewable Energy Consumption Patterns,7
Modeling the Impact of Solar Energy Adoption on National Power Grids,7
AI-Based Solutions for Load Forecasting in Smart Grids,7
Energy Optimization of Power Grids Using Demand-Side Management Techniques,7
Improvement of Photovoltaic System Performance Using Machine Learning Algorithms,7
Sustainable Energy Systems: A Hybrid Approach for Renewable Energy Integration,7
Computational Fluid Dynamics in the Design of Offshore Renewable Energy Systems,7
Data-Driven Forecasting of Electricity Demand and Supply for Smart Grids,7
Optimization of Bioenergy Production from Agricultural Waste Using AI Algorithms,7
Thermal Modeling of Solar Energy Systems for High Efficiency,7
Design and Optimization of Microgrid Systems Using Renewable Energy Resources,7
Computational Models for Assessing the Feasibility of Wind Energy Projects,7
Performance Analysis of Hydrogen-Based Fuel Cells for Sustainable Power Generation,7
AI-Powered Optimization of Energy-Efficient Data Centers,7
Development of AI-Powered Smart Home Energy Management Systems,7
Optimization of Geothermal Power Plant Operations Using Predictive Models,7
Modeling and Simulation of Solar-Powered Water Heating Systems for Residential Use,7
Competencies for networking: theoretical model and applications to interorganizational networks,8
Lean projects' evaluation: the perceived level of success and barriers,8
Entrepreneurial intention through the lens of the Pareto rule: A cross-country study,8
The Role of Artificial Intelligence in Enhancing Business Process Efficiency,8
Mathematical Models for Evaluating the Impact of Digital Transformation on Economic Growth,8
Assessing the Financial Sustainability of Startups Using Machine Learning Models,8
Optimization of Supply Chain Networks for Improved Operational Efficiency,8
Application of Lean Six Sigma in Small and Medium Enterprises for Process Optimization,8
Analysis of Corporate Social Responsibility Strategies for Economic Growth,8
Predictive Models for Forecasting Economic Growth in Emerging Markets,8
Impact of E-commerce on Traditional Retail Business Models: A Simulation Study,8
Business Model Innovation in the Digital Age: A Data-Driven Approach,8
Evaluating the Success Factors of Entrepreneurship in Developing Economies,8
Artificial Intelligence in Human Resource Management: A Strategic Approach,8
Financial Risk Management in SMEs: A Machine Learning Approach,8
Globalization and Its Impact on Local Economies: A Quantitative Study,8
Optimization of Financial Resource Allocation in Public and Private Sectors,8
Role of Green Technologies in Sustainable Economic Growth,8
Simulation of Market Trends and Consumer Behavior Using Big Data Analytics,8
Impact of Remote Work on Organizational Productivity and Economic Performance,8
Entrepreneurial Ecosystems: A Comparative Study of Developing and Developed Nations,8
Data-Driven Decision Making in Business: A Case Study Approach,8
The Role of Innovation in Economic Growth: A Quantitative Model,8
Impact of International Trade Agreements on Small Business Performance,8
AI-Based Approaches for Enhancing Operational Efficiency in Manufacturing,8
Designing Smart Cities to Promote Sustainable Economic Growth,8
The Role of Digital Marketing in Business Expansion and Economic Growth,8
Optimization of Labor Market Policies for Boosting Economic Development,8
Understanding the Impact of Microfinance on Entrepreneurship and Economic Growth,8
Analysis of Economic Inequality Using Computational Economic Models,8
Leveraging Blockchain Technology to Improve Business Transparency and Growth,8
Predictive Analytics for Understanding Consumer Behavior in Digital Markets,8
Economic Impacts of Cybersecurity on Small and Medium Enterprises,8
Big Data Analytics for Economic Forecasting in Global Markets,8
Exploring the Link Between Financial Literacy and Entrepreneurial Success,8
Social Media Marketing Strategies and Their Impact on Business Growth,8
The Role of Higher Education in Driving Entrepreneurial Growth in Emerging Economies,8
Optimization of Business Processes Using Simulation and Modeling Techniques,8
Impact of Government Regulations on the Growth of Small Businesses,8
Modeling the Relationship Between Innovation and Economic Growth,8
Supply Chain Management Optimization for Improved Business Performance,8
Artificial Intelligence in Business: A Revolution in Human Resource Management,8
Business Sustainability Practices and Their Impact on Corporate Performance,8
Predicting Business Success Using Machine Learning Algorithms,8
Microeconomic Analysis of Business Strategies for Startups,8
Economic Models for Evaluating the Impact of Technology on Job Creation,8
Exploring the Role of Corporate Governance in Business Performance,8
Mathematical Models for Analyzing Investment Opportunities in Emerging Markets,8
Artificial Intelligence and Automation in the Future of Work,8
Quantitative Methods for Assessing the Impact of Labor Market Policies on Employment,8
Big Data and Artificial Intelligence in Strategic Business Decision Making,8
The Role of Entrepreneurship in Job Creation: A Global Perspective,8
Optimizing Productivity in Manufacturing: A Lean Six Sigma Approach,8
Machine Learning Models for Predicting Business Failures in Startups,8
Economic Impact of Environmental Sustainability Practices on Corporate Profits,8
Entrepreneurial Challenges and Opportunities in the Digital Economy,8
Impact of Artificial Intelligence on Job Displacement and Workforce Transformation,8
Optimizing Business Strategies for the Gig Economy: A Case Study Approach,8
Simulation Models for Understanding Market Dynamics and Economic Growth,8
Business Innovation in the Age of Disruption: The Role of Technology,8
Predictive Models for Assessing the Impact of Global Economic Crises,8
Optimization of Manufacturing Systems for Cost Reduction and Increased Productivity,8
Impact of Workforce Automation on Economic Development in Emerging Markets,8
Financial Modeling for Business Valuation and Investment Decisions,8
Supply Chain Risk Management Strategies for Enhancing Business Resilience,8
Simulation of Economic Models for Understanding Business Cycles,8
Role of Government Policy in Stimulating Business Innovation and Economic Growth,8
Sustainable Business Models in the Circular Economy: A Quantitative Approach,8
Economic Impacts of Digital Currency and Cryptocurrencies on the Global Economy,8
Optimization of Business Operations Through Artificial Intelligence and Data Analytics,8
Enhancing Operational Efficiency Through Machine Learning Algorithms in Retail,8
Entrepreneurial Development and its Role in Economic Diversification in Emerging Economies,8
Comparative Analysis of Traditional vs. Agile Project Management in Business,8
Effectiveness of Business Incubators in Promoting Entrepreneurship and Economic Growth,8
Using Financial Analytics to Assess Risk and Return in Business Investment,8
The Role of Venture Capital in Supporting Startups and Economic Growth,8
Impact of Automation on the Manufacturing Sector: A Quantitative Model,8
Data Analytics in Predicting Stock Market Trends and Business Performance,8
Developing Business Models for the Sharing Economy: A Data-Driven Approach,8
Optimizing Corporate Strategies for Sustainable Economic Growth,8
Innovation and Economic Growth in Technology-Driven Startups,8
Evaluating the Impact of Entrepreneurship on Job Creation in the Developing World,8
Machine Learning Applications for Predicting Consumer Preferences and Market Trends,8
Econometric Models for Assessing the Impact of International Business on Local Economies,8
Assessing the Role of Technological Innovation in Economic Development,8
The Relationship Between Economic Development and Access to Technology,8
Optimizing Workforce Training Programs for Sustainable Employment Growth,8
Business Strategy Simulation Models for Enhancing Competitive Advantage,8
Role of Digitalization in Transforming the Manufacturing Sector,8
Forecasting Economic Growth Using Artificial Intelligence and Machine Learning,8
Entrepreneurial Finance: A Quantitative Approach to Business Investment and Growth,8
Developing Sustainable Business Strategies Using Systems Thinking,8
Impact of Emerging Technologies on Global Business and Economic Systems,8
Statistical Modeling for Predicting Job Market Trends and Employment Growth,8
Evaluating the Role of Corporate Social Responsibility in Economic Growth,8
Optimization of Workflows in Knowledge-Based Organizations for Improved Productivity,8
The Role of Business Analytics in Driving Strategic Decision Making,8
Impact of International Trade Policies on Local Business Competitiveness,8
Smart Business Strategies for Promoting Inclusive Economic Growth,8
Developing Business Models for Social Enterprises in Emerging Economies,8
