Title,my_label
A methodology to compute emission projections from road transport (EmiTRANS),13
"Matrix Product States, Random Matrix Theory and the Principle of Maximum Entropy",9
Real-time speed profile calculation for fuel saving considering unforeseen situations and travel time,13
Methodology for kinematic cycle characterization of vehicles with fixed routes in urban areas,11
A Hierarchical Tracking Strategy for Vision-Based Applications On-Board UAVs,9
A vision-based strategy for autonomous aerial refueling tasks,9
Analysis of the operator action and the single failure criteria in a SGTR sequence using best estimate assumptions with TRACE 5.0,7
Fungal biodeterioration of color cinematographic films of the cultural heritage of Cuba,9
"Direct and Inverse Results on Row Sequences of Hermite-Pad, Approximants",9
Tactile-Sight: A Sensory Substitution Device Based on Distance-Related Vibrotactile Flow Regular Paper,3
Improved variability classification of CoRoT targets with Giraffe spectra,9
Transformer-Coupled Converter for Voltage Modulation Techniques,9
Critical radius for hot-jet ignition of hydrogen-air mixtures,9
Meromorphic continuation of functions and arbitrary distribution of interpolation points,9
SVD Applied to Voltage Sag State Estimation,9
A proposal for improving safety in construction projects by strengthening coordinators' competencies in health and safety issues,3
Description of an advantageous optical label-free biosensing interferometric read-out method to measure biological species,13
Optimal integration of a solid-oxide electrolyser cell into a direct steam generation solar tower plant for zero-emission hydrogen production,7
Mechanical response to swift ion irradiation-induced nano-tracks in silica,9
"Composite scaffolds for osteochondral repair obtained by combination of additive manufacturing, leaching processes and hMSC-CM functionalization",3
Multi-channeled polymeric microsystem for studying the impact of surface topography on cell adhesion and motility,9
Air quality modeling and mortality impact of fine particles reduction policies in Spain,3
In situ monitoring the optical properties of dielectric materials during ion irradiation,9
Development and Testing of a New Instrument for Researching on Cancer Treatment Technologies Based on Magnetic Hyperthermia,3
Validation of the Hirst-type spore trap for simultaneous monitoring of prokaryotic and eukaryotic biodiversity in urban air samples by NGS.,11
Understanding the ion-induced elongation of silver nanoparticles embedded in silica,9
On the thermal stability of the nanostructured tungsten coatings,9
Effect of organic stabilizers on silver nanoparticles fabricated by femtosecond pulsed laser ablation,9
Non-ideal behavior of ionic liquid mixtures to enhance CO2 capture,13
Permanent modifications in silica produced by ion-induced high electronic excitation: experiments and atomistic simulations.,9
Random Quantum Correlations are Generically Non-classical,9
3D printed structures filled with carbon fibers and functionalized with mesenchymal stem cell conditioned media as in vitro cell niches for promoting chondrogenesis,3
Responses when the earth trembles: The impact of community awareness campaigns on protective behavior,11
Enterprise Ionic Liquids Database (ILUAM) for Use in Aspen ONE Programs Suite with COSMO-Based Property Methods,9
Molecular and Thermodynamic Properties of Zwitterions versus Ionic Liquids: A Comprehensive Computational Analysis to Develop Advanced Separation Processes,9
"Phase boundaries, nucleation rates and speed of crystal growth of the water-to-ice transition under an electric field: a simulation study.",9
Development towards Compact Nitrocellulose-Based Interferometric Biochips for Dry Eye MMP9 Label-Free In-Situ Diagnosis.,3
Conceptual design of the beryllium rotating target for the ESS-Bilbao facility,9
Assessing the potential of hybrid fossil-solar thermal plants for energy policy making: Brayton cycles,7
Hydrogen production via methane pyrolysis in a liquid metal bubble column reactor with a packed bed,12
Methane cracking as a bridge technology to the hydrogen economy,7
Modeling and model performance evaluation of sewage sludge gasification in fluidized-bed gasifiers using Aspen Plus,12
Analytic optical design of linear Fresnel collectors with variable widths and shifts of mirrors,7
Fresnel-based modular solar fields for performance/cost optimization in solar thermal power plants: A comparison with parabolic trough collectors,7
Comparison of different technologies for integrated solar combined cycles: Analysis of concentrating technology and solar integration,7
Reynolds-number-dependent efficiency characterization of a micro-scale centrifugal compressor using non-conventional working fluids,9
Antigen-Antibody Affinity for Dry Eye Biomarkers by Label Free Biosensing,3
A New Putative Caulimoviridae Genus Discovered through Air Metagenomics,13
Research on the methods for the mass production of multi-scale organs-on-chips,3
Assessment of full-scale tertiary wastewater treatment by UV-C based-AOPs: Removal or persistence of antibiotics and antibiotic resistance genes?,6
Evaluation of photoassisted treatments for norfloxacin removal in water using mesoporous Fe 2 O 3 -TiO 2 materials,6
Impedance-based stability and transient-performance assessment applying maximum peak criteria,9
Effect of control method on impedance-based interactions in a buck converter,9
Modeling electronic power converters in smart dc microgrids - An overview,9
Blackbox Large-Signal Modeling of Grid-Connected DC-AC Electronic Power Converters,9
Discrete-time systems sliding mode switching hyperplane design: A survey,9
Ultraefficient Voltage Doubler Based on a GaN Resonant Switched-Capacitor Converter,9
A training system for Industry 4.0 operators in complex assemblies based on virtual reality and process mining,9
Multi-Output Conditional Inference Trees Applied to the Electricity Market: Variable Importance Analysis,7
APPLICATION OF AN ACTIVE RECTIFIER USED TO MITIGATE CURRENTS DISTORTION IN 6-10 KV DISTRIBUTION GRIDS,7
Comprehensive analysis of different adhesives in aerobiological sampling using optical microscopy and high-throughput DNA sequencing,13
Ultrasonic Pulse-Echo Signal Analysis for Damage Evaluation of Metallic Slit-Plate Hysteretic Dampers,9
Sensitive thermal transitions of nanoscale polymer samples using the bimetallic effect: Application to ultra-thin polythiophene,9
Creep behavior study at 500 degrees C of laser nitrided Ti-6Al-4V alloy,9
Numerical model of the hysteretic behavior of connections between waffle slabs and facade supports,9
Reduction of Discrete Dynamical Systems with Applications to Dynamics Population Models,9
A SEMI-LAGRANGIAN PARTICLE LEVEL SET FINITE ELEMENT METHOD FOR INTERFACE PROBLEMS,9
Efficient design and optimization of bio-photonic sensing cells (BICELLs) for label free biosensing,3
Development of a versatile biotinylated material based on SU-8,3
Propagation of Cross-Section Uncertainties in Criticality Calculations in the Framework of UAM-Phase I Using MCNPX-2.7e and SCALE-6.1,7
The interurban DRAG-Spain model: The main factors of influence on road accidents in Spain,3
"Presentation and Discussion of the UAM/Exercise I-1b: ""Pin-Cell Burn-Up Benchmark"" with the Hybrid Method",9
Vulnerability analysis of RC buildings with wide beams located in moderate seismicity regions,9
Social identity changes in networked organizations,8
Variable Structure Control with Chattering Reduction of a Generalized T-S Model,9
An Aerial-Ground Robotic System for Navigation and Obstacle Mapping in Large Outdoor Areas,9
Silica final lens performance in laser fusion facilities: HiPER and LIFE,7
Cross-Entropy Optimization for Scaling Factors of a Fuzzy Controller: A See-and-Avoid Approach for Unmanned Aerial Systems,9
Analysis of the influence of the plasma thermodynamic regime in the spectrally resolved and mean radiative opacity calculations of carbon plasmas in a wide range of density and temperature,7
Analysis of the traded volume drivers of the Iberian power futures market,7
A Survey of Collective Movement of Mobile Robots,9
A New Simple Method for Estimating Exergy Destruction in Heat Exchangers,9
Evaluation of the Magnetic Field Generated by the Inverter of an Electric Vehicle,9
Near-optimal coverage trajectories for image mosaicing using a mini quad-rotor over irregular-shaped fields,9
Influence of the track quality and of the properties of the wheel-rail rolling contact on vehicle dynamics,9
Sensitivity analysis to assess the influence of the inertial properties of railway vehicle bodies on the vehicle's dynamic behaviour,9
"Assessment of the influence of the elastic properties of rail vehicle suspensions on safety, ride quality and track fatigue",9
Remote Laboratories for Education and Research Purposes in Automatic Control Systems,4
Determination of Tube Theory Parameters Using a Simple Grid Model as an Example,9
Assessment of interatomic potentials for atomistic analysis of static and dynamic properties of screw dislocations in W,9
Approach to integrate product conceptual design information into a computer-aided design system,9
An investigation into the performance of a new mechanical thrombectomy device using bond graph modeling: application to the extraction of blood clots in the middle cerebral artery,3
Analysis of dynamic behavior and safety of baby carriages in public transportation buses,11
Relativistic shock waves in the laboratory,9
An improved bit parallel exact maximum clique algorithm,9
Relativistic screened hydrogenic radial integrals,9
The new challenges of end-of-life tyres management systems: A Spanish case study,12
Game Theory Models for Multi-Robot Patrolling of Infrastructures,9
Shear strengthening of reinforced concrete members with CFRP sheets,9
Moment transfer and influence of transverse beams in interior waffle flat plate-column connections under lateral loading,9
Comparison of Boost-Based MPPT Topologies for Space Applications,9
Advanced Control for Very Fast DC-DC Converters Based on Hysteresis of the C-out Current,9
Monte Carlo uncertainty propagation approaches in ADS burn-up calculations,9
Daily and hourly sourcing of metallic and mineral dust in urban air contaminated by traffic and coal-burning emissions,13
Offline GA-Based Optimization for Heterogeneous Modular Multiconfigurable Chained Microrobots,9
Characterization of direct- and back-scribing laser patterning of SnO2:F for a-Si:H PV module fabrication,9
Carbon dioxide adsorption in chemically activated carbon from sewage sludge,12
Design and kinematic analysis of 3PSS-1S wrist for needle insertion guidance,3
Modelling Saharan dust transport into the Mediterranean basin with CMAQ,13
Stability of vacancy clusters in FeCr alloys: A study of the Cr concentration dependence,9
Identification and cascade control by nonlinearities reversion of a quadrotor for the Control Engineering Competition CEA IFAC 2012,9
A comparative study of Monte Carlo-coupled depletion codes applied to a Sodium Fast Reactor design loaded with minor actinides,7
Methodologies for an improved prediction of the isotopic content in high burnup samples. Application to Vandellos-II reactor core,7
Modal contribution and state space order selection in operational modal analysis,9
Inorganic Nanoparticle-Modified Poly(Phenylene Sulphide)/Carbon Fiber Laminates: Thermomechanical Behaviour,9
Analysis of the Iberian Power Forward Price Formation,7
An Inexpensive Method for Kinematic Calibration of a Parallel Robot by Using One Hand-Held Camera as Main Sensor,9
Design energy input spectra for high seismicity regions based on Turkish registers,9
Analysis of microscopic magnitudes of radiative blast waves launched in xenon clusters with collisional-radiative steady-state simulations,9
Parametrization of the average ionization and radiative cooling rates of carbon plasmas in a wide range of density and temperature,7
Sensorized robotic sphere for large exterior critical infrastructures supervision,9
X-ray Chirped Pulse Amplification: towards GW Soft X-ray Lasers,9
Non-Maxwellian electron distributions in time-dependent simulations of low-Z materials illuminated by a high-intensity X-ray laser,7
Distributed Pedestrian Detection Alerts Based on Data Fusion with Accurate Localization,11
Human Detection from a Mobile Robot Using Fusion of Laser and Vision Information,9
Wireless sensor networks for planetary exploration: Experimental assessment of communication and deployment,9
A cooperative multi-agent robotics system: Design and modelling,9
Mechanical and thermal behaviour of isotactic polypropylene reinforced with inorganic fullerene-like WS2 nanoparticles: Effect of filler loading and temperature,9
The integration of the prevention through design. Role of the designer in Spain and the countries within Europe's 15,3
Neutronics and activation of the preliminary reaction chamber of HiPER reactor based in a SCLL blanket,7
"Review of the C-nat(n,gamma) cross section and criticality calculations of the graphite moderated reactor BR1",7
An Overview of Fast DC-DC Converters for Envelope Amplifier in RF Transmitters,9
"Renyi entropies, L-q norms and linearization of powers of hypergeometric orthogonal polynomials by means of multivariate special functions",9
Experimental Investigation of Radio Signal Propagation in Scientific Facilities for Telerobotic Applications,9
A Taxonomy Heavy-Duty Telemanipulation Tasks using Elemental Actions Using Elemental Actions,9
Analysis of a Spanish energy scenario with Generation IV nuclear reactors,7
Enhancing the thermomechanical behaviour of poly(phenylene sulphide) based composites via incorporation of covalently grafted carbon nanotubes,9
Modular Robot System for Maintenance Tasks in Large Scientific Facilities,9
Towards Low-Cost Effective and Homogeneous Thermal Activation of Shape Memory Polymers,12
Strategic rigidity and foresight for technology adoption among electric utilities,9
A Characterization of Conserved Quantities in Non-Equilibrium Thermodynamics,9
Variable Structure Control with chattering elimination and guaranteed stability for a generalized T-S model,9
Linear Bayes policy for learning in contextual-bandits,9
A Multiatlas Segmentation Using Graph Cuts with Applications to Liver Segmentation in CT Scans,3
Insights into the Prevalence of Software Project Defects,9
Nanocomposite biomaterials based on poly(ether-ether-ketone) (PEEK) and WS2 inorganic nanotubes,9
Development of novel melt-processable biopolymer nanocomposites based on poly(L-lactic acid) and WS2 inorganic nanotubes,9
Evaluation of the seat fastening in the frame of a road bus submitted to frontal impact,3
"Behavior, for the Lorca earthquake on 11-05-2011, of wide beam building designed without seismic considerations",9
A remote handling rate-position controller for telemanipulating in a large workspace,9
"Code assessment and modelling for Design Basis Accident Analysis of the European sodium fast reactor design. Part I: System description, modelling and benchmarking",7
Effect of Temperature on the Evolution of Colour during the Maceration of Fruits in Liquor,9
Viability of the ESS-Bilbao neutron source for irradiation of nuclear fusion materials,7
Health monitoring of web plastifying dampers subjected to cyclic loading through vibration tests,9
Uncertainty in ellipse fitting using a flatbed scanner: development and experimental verification,9
Emission inventories and modeling requirements for the development of air quality plans. Application to Madrid (Spain),11
Detection and Tracking of Dynamic Objects by Using a Multirobot System: Application to Critical Infrastructures Surveillance,9
Optical properties of Au-Ag alloys: An ellipsometric study,9
Minimum Time Control for Multiphase Buck Converter: Analysis and Application,9
Estimating the modal parameters from multiple measurement setups using a joint state space model,9
DIMETER: A Haptic Master Device for Tremor Diagnosis in Neurodegenerative Diseases,3
Clay-Induced Degradation During the Melt Reprocessing of Waste Polycarbonate,12
External Force Estimation for Teleoperation Based on Proprioceptive Sensors,9
"Processing and Validation of JEFF-3.1.2 Cross-section Library into Various Formats: ACE, PENDF, GENDF, MATXSR and BOXER",7
Impact of Nuclear Data Uncertainties on Advanced Fuel Cycles and their Irradiated Fuel - a Comparison between Libraries,7
Analysis of Pu-238 and Fe-56 Evaluated Data for Use in MYRRHA,7
Nuclear Data Uncertainty Propagation to Reactivity Coefficients of a Sodium Fast Reactor,7
"Propagation of Neutron Cross Section, Fission Yield, and Decay Data Uncertainties in Depletion Calculations",7
Testing JEFF-3.1.1 and ENDF/B-VII.1 Decay and Fission Yield Nuclear Data Libraries with Fission Pulse Neutron Emission and Decay Heat Experiments,7
Study of PM10 and PM2.5 levels in three European cities: Analysis of intra and inter urban variations,11
A real time rescheduling algorithm based in Lyapunov stability's index for metro lines,11
Road Dust Emission Sources and Assessment of Street Washing Effect,11
Optimization of Dengue Immunoassay by Label-Free Interferometric Optical Detection Method,3
On the improvement of annual performance of solar thermal power plants through exergy management,7
Interatomic potential for the compound-forming Li-Pb liquid alloy,9
Shake-table tests of a reinforced concrete frame designed following modern codes: seismic performance and damage evaluation,9
Relativistic shock waves induced by ultra-high laser pressure,9
Double layer acceleration by laser radiation,9
System for Road Vehicle Energy Optimization Using Real Time Road and Traffic Information,12
Preliminary Evaluation of a Personal Healthcare System Prototype for Cognitive eRehabilitation in a Living Assistance Domain,3
The Ripple Cancellation Technique Applied to a Synchronous Buck Converter to Achieve a Very High Bandwidth and Very High Efficiency Envelope Amplifier,9
UNIVERSAL DEVICE FOR AUTOMATIC CONTROL OF A VEHICLE STEERING SYSTEM,9
Red Electrica de Espana Uses Integer Programming for Annual Salary Revisions,8
Bus line classification using neural networks,11
Silicon nanopillar arrays with SiO2 overlayer for biosensing application,3
Genetically aerodynamic optimization of the nose shape of a high-speed train entering a tunnel,9
Advancements in the design and validation of an air pollution integrated assessment model for Spain,13
Thermoeconomic Evaluation of Integrated Solar Combined Cycle Systems (ISCCS),7
Deep reactive ion etching of auxetic structures: present capabilities and challenges,9
Potential issues related to emergency core cooling system strainers performance at boiling water reactors: Application to Cofrentes NPP (Spain),7
Energy-consistent time integration for nonlinear viscoelasticity,9
Rapid prototyping of multi-scale biomedical microdevices by combining additive manufacturing technologies,9
Twinning of Polymer Crystals Suppressed by Entropy,9
"Experimental characterization of the probability density function of the operating loads supported by urban buses in Madrid, Spain",9
Embedded silver nanoparticle multilayers fabricated by femtosecond pulsed laser deposition,9
Robust fabrication of electrospun-like polymer mats to direct cell behaviour,3
"Novel poly(3-hydroxybutyrate) nanocomposites containing WS2 inorganic nanotubes with improved thermal, mechanical and tribological properties",9
Control of a Delayed Teleoperation System Applying State Convergence Approach,9
Passive neutron area monitor with pairs of TLDs as neutron detector,7
Code assessment and modelling for Design Basis Accident analysis of the European Sodium Fast Reactor design. Part II: Optimised core and representative transients analysis,7
Performance of buildings with masonry infill walls during the 2011 Lorca earthquake,9
Experimental tests in human-robot collision evaluation and characterization of a new safety index for robot operation,9
Multivariate Exponential Smoothing and Dynamic Factor Model Applied to Hourly Electricity Price Analysis,7
Morphological and microstructural characterization of nanostructured pure alpha-phase W coatings on a wide thickness range,9
Wave reflection at a stent,9
On-board wet road surface identification using tyre/road noise and Support Vector Machines,11
Difference equation matrix model (DEMM) for the control of wind turbines,7
INTEGRATION AND VALIDATION OF A DISRUPTION PREDICTOR SIMULATOR IN JET,9
"Impact of Spanish electricity mix, over the period 2008-2030, on the Life Cycle energy consumption and GHG emissions of Electric, Hybrid Diesel-Electric, Fuel Cell Hybrid and Diesel Bus of the Madrid Transportation System",7
Electrocatalytic Properties of Carbosilane-Based Hyperbranched Polymers Functionalized with Interacting Ferrocenyl Units,9
Power system observability via optimization,9
Synthesis and Electrochemistry of ((Diferrocenylsilyl)propyl)- and ((Triferrocenylsilyl)propyl)triethoxysilanes,9
Towards a safety index for assessing head injury potential in service robotics,9
Tribological behavior of plasma-polymerized aminopropyltriethoxysilane films deposited on thermoplastic elastomers substrates,9
An intelligent supervision system for open loop controlled processes,9
Label-free biosensing by means of BICELLs for dry eye,3
Searching for the Most Creative Engineer,4
Aspen Plus supported conceptual design of the aromatic-aliphatic separation from low aromatic content naphtha using 4-methyl-N-butylpyridinium tetrafluoroborate ionic liquid,9
Overview of Microsystems for Studying Cell Behavior Under Culture,3
"Microstructured Devices for Studying Cell Adhesion, Dynamics and Overall Mechanobiology",3
Tissue Engineering Scaffolds for Repairing Soft Tissues,3
Fluidic Microsystems: From Labs-on-Chips to Microfluidic Cell Culture,9
Monitoring of airborne biological particles in outdoor atmosphere. Part 2: Metagenomics applied to urban environments,11
"Ionic liquids for post-combustion CO2 capture by physical absorption: Thermodynamic, kinetic and process analysis",13
PC-SAFT thermodynamics of EVA copolymer – Solvent systems,9
Monolithic 3D labs- and organs-on-chips obtained by lithography-based ceramic manufacture,3
Choline Chloride-Based Deep Eutectic Solvents in the Dearomatization of Gasolines,7
Biomechanical assays for the study of the effects of hip prostheses: application to the reconstruction of bone defects with femoral allografts.,3
Present state and perspectives of variable renewable energies in Spain,7
A simple means of producing highly transparent graphene on sapphire using chemical vapor deposition on a copper catalyst,12
Advances in the conceptual design of a gas-cooled Accelerator Driven System (ADS) transmutation device for a sustainable nuclear energy development,7
Estimation of radiation coupling factors in film boiling around spheres by mean of Computational Fluid Dynamics (CFD) tools,7
Conceptual design of a gas-cooled accelerator-driven reactor with very fast spectrum,9
Monte Carlo analysis of the long-lived fission product neutron capture rates at the Transmutation by Adiabatic Resonance Crossing (TARC) experiment,7
Thermal cracking of methane in a liquid metal bubble column reactor: Experiments and kinetic analysis,7
Experimental investigation and thermo-chemical modeling of methane pyrolysis in a liquid metal bubble column reactor with a packed bed,7
A review on the application of liquid metals as heat transfer fluid in Concentrated Solar Power technologies,7
Numerical Research of Film Boiling Heat Transfer Around a Vertical Short Cylinder with Flat or Hemispherical Ends,7
Numerical prediction of the mean temperature of the vapor film in film boiling heat transfer,7
Life cycle assessment of hydrogen production by thermal cracking of methane based on liquid-metal technology,7
High concentration linear Fresnel reflectors,7
A comparative analysis of configurations of linear fresnel collectors for concentrating solar power,7
A coherent integration of design choices for advancing in solar thermal power,7
Analysis and comparison of Integrated Solar Combined Cycles using parabolic troughs and linear Fresnel reflectors as concentrating systems,7
Parabolic trough collector or linear Fresnel collector? A comparison of optical features including thermal quality based on commercial solutions,7
"Thermal efficiency of direct, inverse and sCO2gas turbine cycles intended for small power plants",7
Performance model and thermal comparison of different alternatives for the Fresnel single-tube receiver,7
A comprehensive optical characterization of linear Fresnel collectors by means of an analytic study,7
Design of an innovative linear Fresnel collector by means of optical performance optimization: A comparison with parabolic trough collectors for different latitudes,7
Advances in the linear Fresnel single-tube receivers: Hybrid loops with non-evacuated and evacuated receivers,9
Innovative thermal storage strategies for Fresnel-based concentrating solar plants with East-West orientation,7
Optical features of linear Fresnel collectors with different secondary reflector technologies,7
Resonant nanopillars arrays for label-free biosensing,3
Arrays of resonant nanopillars for biochemical sensing,3
Current state and optimal development of the renewable electricity generation mix in Spain,7
An Innovative Energy Harvesting Shock Absorber System Using Cable Transmission,7
Universidad Politecnica de Madrid Uses Integer Programming for Scheduling Weekly Assessment Activities,4
Characterization of Parkinson's disease dysarthria in terms of speech articulation kinematics,3
"Highly Efficient, Full ZVS, Hybrid, Multilevel DC/DC Topology for Two-Stage Grid-Connected 1500-V PV System with Employed 900-V SiC Devices",9
Energy capacity and seismic performance of RC waffle-flat plate structures under two components of far-field ground motions: Shake table tests,9
Vortex Matter in a Superconducting Square Under 2D Thermal Gradient,9
Diagnosis of hysteretic dampers used for seismic protection of structures by means ultrasonic measurements,9
Loose Coupling Based Reference Scheme for Shop Floor-Control System/Production-Equipment Integration,9
Biomedical Engineering Project Based Learning: Euro-African Design School Focused on Medical Devices,4
Effect of Binaural Stimulation on Attention and EEG,3
Implementation of a Building Automation System Based on Semantic Modeling,9
Engineering Education for Sustainability: A Multistakeholder Case Study on ICT and Transportation,4
Study of Collaboration Activities between Academia and Industry for Improving the Teaching-Learning Process,4
Industrial Methanol from Syngas: Kinetic Study and Process Simulation,9
"ANISOTROPIC ""GOAL-ORIENTED"" MESH ADAPTIVITY FOR ELLIPTIC PROBLEMS",9
Effects of laser shock processing on 316L stainless steel welds,9
Evaluating alternative industrial network organizations and information systems,9
"Hopf bifurcation via the Poincar, procedure in delay-differential equations with two delays",9
Comparison between three predictive methods for the calculation of polymer solubility parameters,9
Bilateral control by state convergence based on transparency for systems with time delay,9
Changes in the Mechanical Properties of Chemically Treated Bovine Pericardium After a Short Uniaxial Cyclic Test,9
Quantitative analysis of potential power production and environmental benefits of Biomass Integrated Gasification Combined Cycles in the European Union,7
Comblike Ionic Complexes of Poly(gamma-glutamic acid) and Alkanoylcholines Derived from Fatty Acids,9
ENVIROMENTAL MANAGEMENT IN INDUSTRIAL SMEs,13
Implementation of a thrust reverse noise detection system for airports,9
Optimizing Electric Rail Energy Consumption Using the Lagrange Multiplier Technique,9
An improved methodology for the experimental evaluation of tool runout in peripheral milling,9
Assessing the benefit of the brake assist system for pedestrian injury mitigation through real-world accident investigations,3
Static-dynamic multi-scale structural damage identification in a multi-objective framework,9
Design and application oilfield pipelines inspection prototype robot (progressive cavity pumps and electric submersible pumps),9
A methodology for schedule-based paths recommendation in multimodal public transportation networks,11
Comparison of sulphide corrosivity of sulphate- and non-sulphate-reducing prokaryotes isolated from oilfield injection water,6
Competency Training for Managing International Cooperation Engineering Projects,8
"Analysis of energetic and exergetic efficiency, and environmental benefits of biomass integrated gasification combined cycle technology",7
A methodology for the geometric design of heat recovery steam generators applying genetic algorithms,9
Thermodynamic Interactions of EVA Copolymer-Solvent Systems by Inverse Gas Chromatography Measurements,9
"Dosimetric assessment and characterisation of the neutron field around a Howitzer container using a Bonner sphere spectrometer, Monte Carlo simulations and the NSDann and NSDUAZ unfolding codes",3
Shock mechanisms by ultrahigh laser accelerated plasma blocks in solid density targets for fusion,7
Polymer degradation during the melt processing of clay reinforced polycarbonate nanocomposites,12
Microstructural characterization and friction coefficient after the laser shock processing treatment on AISI 316 L stainless steel welds,9
Evaluation and implementation of social responsibility,8
A process-oriented approach to modeling the conceptual design of aircraft assembly lines,9
Synchronous Buck Converter With Output Impedance Correction Circuit,9
Simple model for chain packing and crystallization of soft colloidal polymers,9
KNOWLEDGE SHARING IN THE COMPANY. LEARNING FROM EXPERIENCE,8
Asplund Operators and p-Integral Polynomials,9
Energy for Sustainable Development: A systematic approach for a badly defined challenge,7
Analysis of wavelength influence on a-Si crystallization processes with nanosecond laser sources,7
Self-Reconfigurable Evolvable Hardware System for Adaptive Image Processing,9
Creep behavior and surface characterization of a laser surface nitrided Ti-6Al-4V alloy,9
A full-scale simulation model to reproduce urban traffic in real conditions in driving simulators,11
Ends of sandwich beams subjected to pure bending. Analysis and design,9
The structure of poly(gamma-glutamic acid)/nanoclay hybrids compatibilized by alkylammonium surfactants,9
Atomistic molecular point of view for liquid lead and lithium in Nuclear Fusion technology,7
Picosecond-laser structuring of amorphous-silicon thin-film solar modules,8
On the use of variable bending stiffness clothoidal strips for the analysis and synthesis of low variability torque-angle turned curves in spiral torsion springs,9
Analysis of out-of-plane stresses in sandwich beams subjected to pure bending with large deflections,9
Polypropylene/Glass Fiber Hierarchical Composites Incorporating Inorganic Fullerene-like Nanoparticles for Advanced Technological Applications,9
Evaluating the Reinforcement of Inorganic Fullerene-like Nanoparticles in Thermoplastic Matrices by Depth-Sensing Indentation,9
QUALITY MANAGEMENT SYSTEM AND ORGANIZATIONAL PERFORMANCE IN THE OIL INDUSTRY,8
DETECTION OF OPERATIONAL RISKS IN ENTERPRISES OF THE ELECTRICITY SECTOR APPLYING THE RECOMENDATIONS OF THE BASEL COMMITTEE,3
Optimising lubricated friction coefficient by surface texturing,9
An enhanced method for cutting force estimation in peripheral milling,9
Comparative study of potential pentamodal metamaterials inspired by Bravais lattices,9
Robust WLS estimator using reweighting techniques for electric energy systems,7
Three dimensional nonlinear model of beam tests for bond of near-surface mounted FRP rods in concrete,9
Jamming and crystallization in athermal polymer packings,9
EVALUATION OF THE OPERATIONAL RISKS IN ENTERPRISES OF THE ELECTRIC SECTOR APPLYING SUGGESTIONS FROM THE BASEL COMMITTEE,3
Single-Carrier and Multicarrier Transceivers Based on Discrete Cosine Transform Type-IV,9
Study of the bending response of metal foam-filled beams applied to enhance the rollover behaviour of coach structures,9
Thermal Degradation Kinetics of Insulating/Conducting Epoxy/Zn Composites Under Nonisothermal Conditions,9
Comparative Study of CAD-CAE Programs Taking Account of the Opinions of Students and Teachers,4
Macroscopic attraction-based simulation of pedestrian mobility: A dynamic individual route-choice approach,11
Emotion as Morphofunctionality,3
Impacts of Electric Mobility on the Electric Grid,7
The Evolution from Electric Grid to Smart Grid,7
Performance and Professional Skills in an Online Java Programming Course for Engineering Students,4
Do Classes in Cooperative Classrooms Have a Positive Influence on Creativity and Teamwork Skills for Engineering Students?,4
Integral Framework to Drive Engineering Education beyond Technical Skills,4
Promotion of Professional Skills in Engineering Education: Strategies and Challenges,4
An Active Project Management Framework for Professional Skills Development,8
Analysis of different multiaxial fatigue criteria in the prediction of pitting failure in spur gears,9
Filter Design Methodology and Application of GaN HEMTs in High-Frequency DC/DC Converter,9
Wave Content of Wooden Floors,9
Inorganic WS2 nanotubes that improve the crystallization behavior of poly(3-hydroxybutyrate),9
A torsion-free non-linear beam model,9
Impact of Transformer Correlations in State Estimation Using the Unscented Transformation,7
Turbidimetric and intrinsic viscosity study of EVA copolymer-solvent systems,9
Vortex-Induced Vibrations on Cross Sections in Tandem Arrangement,9
Best estimation of spectrum profiles for diagnosing femoral prostheses loosening,3
EIS monitoring study of the early microbiologically influenced corrosion of AISI 304L stainless steel condenser tubes in freshwater,6
Theoretical Efficiency Limits of a Serial and Parallel Linear-Assisted Switching Converter as an Envelope Amplifier,9
Explanatory and prediction power of two macro models. An application to van-involved accidents in Spain,11
Life cycle assessment as a policy-support tool: The case of taxis in the city of Madrid,11
"Novel polypropylene/inorganic fullerene-like WS2 nanocomposites containing a beta-nucleating agent: Mechanical, tribological and rheological properties",9
Thermodynamic cycles optimised for medium enthalpy units of concentrating solar power,7
Implementation of the Disruption Predictor APODIS in JET's Real-Time Network Using the MARTe Framework,9
Artificial neural network approach to predict the lubricated friction coefficient,9
Soft real-time EPICS extensions for fast control: A case study applied to a TCV equilibrium algorithm,9
Advanced predictive system using artificial intelligence for cleaning of steel coils,9
A FIRST SIMULATION STUDY OF HYDROGEN ISOTOPE ACCUMULATION AND DIFFUSION IN TUNGSTEN FIRST WALL OF HiPER INERTIAL FUSION FACILITY,7
"An anisotropic, fully adaptive algorithm for the solution of convection-dominated equations with semi-Lagrangian schemes",9
A general methodology for online TS fuzzy modeling by the extended Kalman filter,9
Selective Smooth Fictitious Play: An approach based on game theory for patrolling infrastructures with a multi-robot system,9
The Activities of the European Consortium on Nuclear Data Development and Analysis for Fusion,7
PROPAGATION OF NUCLEAR DATA UNCERTAINTIES FOR PWR CORE ANALYSIS,7
Mechanical characterisation of virgin and recovered polycarbonate based nanocomposites by means of Depth Sensing Indentation measurements,9
Calculation of radiative opacity of plasma mixtures using a relativistic screened hydrogenic model,9
A metric to gauge local distortion in metallic glasses and supercooled liquids,9
Fission yield covariance generation and uncertainty propagation through fission pulse decay heat calculation,7
A thermodynamically consistent numerical method for a phase field model of solidification,9
A method to determine the economic cost of fouling of gas turbine compressors,7
Direct laser writing of auxetic structures: present capabilities and challenges,9
Theoretical and experimental evaluation of the flow behavior of a magnetorheological damper using an extremely bimodal magnetic fluid,9
A neutron production target for ESS based upon the Canned-rods concept,9
Modeling the Driving Behavior of Electric Vehicles Using Smartphones and Neural Networks,11
Parametrization of Mean Radiative Properties of Optically Thin Steady-State Plasmas and Applications,9
"Combining smart materials for enhancing intelligent systems: initial studies, success cases and research trends",9
Radio propagation modeling and real test of ZigBee based indoor wireless sensor networks,9
Ab initio molecular dynamics: Relationship between structural phases and the sound velocity in dense hydrogen,9
Hydrogen accumulation in nanostructured as compared to the coarse-grained tungsten,9
Assessment of expected damage on buildings subjected to Lorca earthquake through an energy-based seismic index method and nonlinear dynamic response analyses,9
Evaluation of modular robot system for maintenance tasks in hot cell,9
Citizens' perception of the efficacy of airport noise insulation programmes in Spain,11
Managing daily surgery schedules in a teaching hospital: a mixed-integer optimization approach,3
"NEW ""HIGH SPEED DE-EXCITATION SYSTEM FOR BRUSHLESS SYNCRHONOUS MACHINES"" IN A 15 MVA GENERATOR",7
Telerobotics and Systems Engineering for Scientific Facilities Editorial,4
Characterization of laser peening-induced effects on a biomedical Ti6Al4V alloy by thermoelectric means,9
A Multi-Sensor RSS Spatial Sensing-Based Robust Stochastic Optimization Algorithm for Enhanced Wireless Tethering,9
Inelastic torsional seismic response of nominally symmetric reinforced concrete frame structures: Shaking table tests,9
Seismic performance and damage evaluation of a reinforced concrete frame with hysteretic dampers through shake-table tests,9
Multi-robot data mapping simulation by using microsoft robotics developer studio,9
Vehicle Tracking for an Evasive Manoeuvres Assistant Using Low-Cost Ultrasonic Sensors,9
Transmission final lenses in the HiPER laser fusion power plant: system design for temperature control,7
Modified Gutenberg-Richter Coefficient for Damage Evaluation in Reinforced Concrete Structures Subjected to Seismic Simulations on a Shaking Table,9
Atomistic long-term simulation of heat and mass transport,9
Consumers' responses to CSR in a cross-cultural setting,12
Implementation of road dust resuspension in air quality simulations of particulate matter in Madrid (Spain),11
Induction of through-thickness compressive residual stress fields in thin Al2024-T351 plates by laser shock processing,9
Towards efficient flight: insights on proper morphing-wing modulation in a bat-like robot,9
Systematic Process for Building a Fault Diagnoser Based on Petri Nets Applied to a Helicopter,9
Generic Mathematical Model for Efficient Milling Process Simulation,9
Bio-based polymer nanocomposites based on nylon 11 and WS2 inorganic nanotubes,9
Monte Carlo simulations of densely-packed athermal polymers in the bulk and under confinement,9
A Novel Ground Fault Non-Directional Selective Protection Method for Ungrounded Distribution Networks,9
Toward mass production of microtextured microdevices: linking rapid prototyping with microinjection molding,9
Autonomous collision avoidance system based on accurate knowledge of the vehicle surroundings,9
Accurate Analysis of Subharmonic Oscillations of V-2 and (VIc)-I-2 Controls Applied to Buck Converter,9
Comparison of nuclear data uncertainty propagation methodologies for PWR burn-up simulations,7
New Fault-Resistance Estimation Algorithm for Rotor-Winding Ground-Fault Online Location in Synchronous Machines With Static Excitation,9
Hydrogen diffusion and trapping in nanocrystalline tungsten,9
Improved Transient Response of Controllers by Synchronizing the Modulator With the Load Step: Application to (VIc)-I-2,9
Simultaneous Task Subdivision and Allocation using Negotiations in Multi-Robot Systems,9
A methodology to estimate uncertainty for emission projections through sensitivity analysis,13
Modelling and planning reliable wireless sensor networks based on multi-objective optimization genetic algorithm with changeable length,9
State convergence theory applied to a nonlinear and delayed telerobotic system,9
Electricity price forecasting accounting for renewable energies: optimal combined forecasts,7
Sub-micrometric reflectometry for localized label-free biosensing,3
Microscopic properties of xenon plasmas for density and temperature regimes of laboratory astrophysics experiments on radiative shocks,7
Tribological and thermal stability study of nanoporous amorphous boron carbide films prepared by pulsed plasma chemical vapor deposition,9
Aerodynamic Optimization of the Nose Shape of a Train Using the Adjoint Method,9
A Novel Ground Fault Identification Method for 2 x 5 kV Railway Power Supply Systems,9
Influence of skin wrinkles and resin insertions in maximum stress of transitions of pure bending sandwich beams,9
Improved high-speed de-excitation system for brushless synchronous machines tested on a 20 MVA hydro-generator,7
Evaluation of Project Duration Uncertainty using the Dependency Structure Matrix and Monte Carlo Simulations,9
Induced radioisotopes in a linac treatment hall,9
Piezoelectric sensing and non-parametric statistical signal processing for health monitoring of hysteretic dampers used in seismic-resistant structures,9
Introducing a two temperature plasma ignition in inertial confined targets under the effect of relativistic shock waves: The case of DT and pB(11),7
Multiphase Current-Controlled Buck Converter With Energy Recycling Output Impedance Correction Circuit (OICC),9
Grid-Connected Forward Microinverter With Primary-Parallel Secondary-Series Transformer,9
"An integrated assessment of two decades of air pollution policy making in Spain: Impacts, costs and improvements",13
Design Parameters Analysis of Point Absorber WEC via an Evolutionary-Algorithm-Based Dimensioning Tool,9
Formal methodology for analyzing the dynamic behavior of nonlinear systems using fuzzy logic,9
Emulation of an OWC Ocean Energy Plant With PMSG and Irregular Wave Model,7
upsilon(1) Concept: Designing a Voltage-Mode Control as Current Mode With Near Time-Optimal Response for Buck-Type Converters,9
Effect of chain stiffness on the competition between crystallization and glass-formation in model unentangled polymers,9
Performance evaluation of an AODV-based routing protocol implementation by using a novel in-field WSN diagnosis tool,9
Non-Isothermal Cold-Crystallization Behavior and Kinetics of Poly(L-Lactic Acid)/WS2 Inorganic Nanotube Nanocomposites,9
Multiple feature points representation in target localization of wireless visual sensor networks,9
Self-Learning Embedded System for Object Identification in Intelligent Infrastructure Sensors,9
Evolutionary Computing and Particle Filtering: A Hardware-Based Motion Estimation System,9
Activation of visible up-conversion luminescence in transparent and conducting ZnO:Er:Yb films by laser annealing,9
H trapping and mobility in nanostructured tungsten grain boundaries: a combined experimental and theoretical approach,9
Time-dependent and radiation field effects on collisional-radiative simulations of radiative properties of blast waves launched in clusters of xenon,9
Field-winding fault detection in synchronous machines with static excitation through frequency response analysis,9
Meso-scale characterization of lithium distribution in lithium-ion batteries using ion beam analysis techniques,9
Improving the Lane Reference Detection for Autonomous Road Vehicle Control,9
Strategic Lean Organizational Design: Towards Lean World-Small World Configurations through Discrete Dynamic Organizational Motifs,8
"Polymer blend nanocomposites based on poly(L-lactic acid), polypropylene and WS2 inorganic nanotubes",9
"Intravehicular, Short- and Long-Range Communication Information Fusion for Providing Safe Speed Warnings",11
A Resistance Emulation Approach to Optimize the Wave Energy Harvesting for a Direct Drive Point Absorber,7
Definition of an Enhanced Map-Matching Algorithm for Urban Environments with Poor GNSS Signal Quality,11
Would RC wide-beam buildings in Spain have survived Lorca earthquake (11-05-2011)?,9
Shaking table tests of a reinforced concrete waffle-flat plate structure designed following modern codes: seismic performance and damage evaluation,9
A local anisotropic adaptive algorithm for the solution of low-Mach transient combustion problems,9
Morphology and thermal properties of biodegradable poly(hydroxybutyrate-co-hydroxyvalerate)/tungsten disulphide inorganic nanotube nanocomposites,12
"Vision-Based Steering Control, Speed Assistance and Localization for Inner-City Vehicles",11
Correlation of Plastic Strain Energy and Acoustic Emission Energy in Reinforced Concrete Structures,9
Unraveling the temperature dependence of the yield strength in single-crystal tungsten using atomistically-informed crystal plasticity calculations,9
The BEST PATHS Project on MgB2 Superconducting Cables for Very High Power Transmission,9
A multi-statistical approach for estimating the total output of CO2 from diffuse soil degassing by the accumulation chamber method,13
Innovation projects performance: Analyzing the impact of organizational characteristics,8
Avalanche proton-boron fusion based on elastic nuclear collisions,7
"Great tits, Parus major, increase vigilance time and reduce feeding effort during peaks of aircraft noise",13
Sampling Quantum Nonlocal Correlations with High Probability,9
Lithography-based ceramic manufacture (LCM) of auxetic structures: present capabilities and challenges,9
Ab initio study of tungsten defects near the surface,9
Analytical model for predicting friction in line contacts,9
"Integrated Toolset for WSN Application Planning, Development, Commissioning and Maintenance: The WSN-DPCM ARTEMIS-JU Project",9
Methodology for instantaneous average exhaust gas mass flow rate measurement,9
Micro-vascular shape-memory polymer actuators with complex geometries obtained by laser stereolithography,9
Evaluation of noise environments during daily activities of university students,4
"Measurement of plasma electron density generated in an experiment of Laser Shock Processing, utilizing the H alpha-line",7
The Design of a Multilevel Envelope Tracking Amplifier Based on a Multiphase Buck Converter,9
Dye-based photonic sensing systems,9
Diffusion-flame flickering as a hydrodynamic global mode,9
Thermoeconomic Coherence: A Methodology for the Analysis and Optimisation of Thermal Systems,7
Evaluation of different stenting techniques in coronary bifurcations,3
Bulk sensing performance comparison between silicon dioxide and resonant high aspect ratio nanopillars arrays fabricated by means of interference lithography,9
Electricity Price Forecasting by Averaging Dynamic Factor Models,7
A Multi-Robot Sense-Act Approach to Lead to a Proper Acting in Environmental Incidents,9
Quantum interference of high-order harmonics from mixed gases,9
Physics and applications with laser-induced relativistic shock waves,9
Exergy Analysis of a Syngas-Fueled Combined Cycle with Chemical-Looping Combustion and CO2 Sequestration,7
Improving PWR core simulations by Monte Carlo uncertainty analysis and Bayesian inference,9
Avalanche boron fusion by laser picosecond block ignition with magnetic trapping for clean and economic reactor,7
The Gaia mission,9
"Gaia Data Release 1 Summary of the astrometric, photometric, and survey properties",9
Novel Auto-Reclosing Blocking Method for Combined Overhead-Cable Lines in Power Networks,9
Short-term effects of impurities in the CO2 stream injected into fractured carbonates,13
Literature and critical literacy pedagogy in the EFL classroom: Towards a model of teaching critical thinking skills,4
A Reliable Open-Source System Architecture for the Fast Designing and Prototyping of Autonomous Multi-UAV Systems: Simulation and Experimentation,9
A Vision-based Quadrotor Multi-robot Solution for the Indoor Autonomy Challenge of the 2013 International Micro Air Vehicle Competition,9
Nuclear Data Uncertainties for Typical LWR Fuel Assemblies and a Simple Reactor Core,7
Critical slot size for deflagration initiation by hot products discharge into hydrogen air-atmospheres,9
Determination of the total acid number (TAN) of used mineral oils in aviation engines by FTIR using regression models,9
Lithography-based additive manufacture of ceramic biodevices with design-controlled surface topographies,9
Assessing soundscape: Comparison between in situ and laboratory methodologies,11
A NOVEL METHOD FOR THE DESIGN OF SWITCHING SURFACES FOR DISCRETIZED MIMO NONLINEAR SYSTEMS,9
A New Method of Ground Fault Location in 2 x 25 kV Railway Power Supply Systems,9
Aerodynamics of axisymmetric counterflowing jets,9
NEURAL NETWORK AND TRAINING STRATEGY DESIGN FOR TRAIN DRIVERS' VIBRATION DOSE SIMULATION,4
Detection of Stationary Foreground Objects Using Multiple Nonparametric Background-Foreground Models on a Finite State Machine,9
Nuclear data sensitivity and uncertainty analysis of effective neutron multiplication factor in various MYRRHA core configurations,7
Information system for image classification based on frequency curve proximity,9
Continuous Monitoring of Essential Tremor Using a Portable System Based on Smartwatch,3
Optimising the design of textured surfaces for reducing lubricated friction coefficient,9
"Unexpected increase in the oxidation capacity of the urban atmosphere of Madrid, Spain",11
Reference element guidance of autonomous vehicles using 3D laser scanner,9
Investigation on the structural changes of ZnO:Er:Yb thin film during laser annealing to fabricate a transparent conducting upconverter,9
Perpendicular ultrasonic joining of steel to aluminium alloy plates,9
Experimental study of the interaction of two laser-driven radiative shocks at the PALS laser,9
Counter-propagating radiative shock experiments on the Orion laser and the formation of radiative precursors,9
Entropy Analysis for Damage Quantification of Hysteretic Dampers Used as Seismic Protection of Buildings,9
Heating in ultraintense laser-induced shock waves,9
The history effect on bubble growth and dissolution. Part 2. Experiments and simulations of a spherical bubble attached to a horizontal flat plate,9
"European Blackbirds Exposed to Aircraft Noise Advance Their Chorus, Modify Their Song and Spend More Time Singing",13
Temperature dependence of underdense nanostructure formation in tungsten under helium irradiation,9
Dual Loop line-focusing solar power plants with supercritical Brayton power cycles,7
Friction coefficient in mixed lubrication: A simplified analytical approach for highly loaded non-conformal contacts,9
Multi-Robot Interfaces and Operator Situational Awareness: Study of the Impact of Immersion and Prediction,9
Counterpropagating Radiative Shock Experiments on the Orion Laser,9
Testing parallaxes with local Cepheids and RR Lyrae stars,9
"Experimental characterization of nanoparticles emissions during Laser Shock Processing of AA6061, AISI304 and Ti6Al4V",9
Voltage Impact of a Wave Energy Converter on an Unbalanced Distribution Grid and Corrective Actions,9
Application of Support Vector Machines (SVM) for clinical diagnosis of Parkinson's Disease and Essential Tremor,3
A new response matrix for a (LiI)-Li-6 scintillator BSS system,9
Thermodynamic analysis of a dual power-hydrogen production system based on chemical-looping combustion,9
Hydrogen distribution and Passive Autocatalytic Recombiner (PAR) mitigation in a PWR-KWU containment type,8
Development and testing of a tuned mass damper for overhead contact rail systems,9
Approach to Hybrid Energy Storage Systems Dimensioning for Urban Electric Buses Regarding Efficiency and Battery Aging,9
Design and Performance Assessment of Innovative Eco-Efficient Support Structures for Additive Manufacturing by Photopolymerization,9
Analysis of the equipment and instrumentation qualification criteria using 3D containment models,9
Femtosecond laser reshaping yields gold nanorods with ultranarrow surface plasmon resonances,9
Performance of B-10 + ZnS(Ag) neutron detectors in RPM for the detection of special nuclear materials,7
Road map to clean energy using laser beam ignition of boron-hydrogen fusion,7
Study of hydrogen risk in a PWR-W containment during a SBO scenario; Tau parameter definition and application on venting strategy analysis,7
Sensor Fusion for Tour-Guide Robot Localization,9
A CORPUS-BASED STUDY OF ADVERBS OF FREQUENCY IN A GOAL-ORIENTED DISTANCE LEARNING FORUM,4
"Hyper-Redundant Robots: Classification, State-of-the-Art and Issues",9
Modeling of Reinforced Concrete Beams Exposed to Fire by Using a Spectral Approach,9
Hobbit: Providing Fall Detection and Prevention for the Elderly in the Real World,3
CERNTAURO: A Modular Architecture for Robotic Inspection and Telemanipulation in Harsh and Semi-Structured Environments,9
Parameter Identification of Composite Materials Based on Spectral Model by Using Model Updating Method,9
EXPERT SYSTEM USING MULTI-OBJECTIVE OPTIMIZATION OF THE DIRECT CURRENT RAILWAY POWER SUPPLY SYSTEM,9
Evaluation of Presence in Virtual Environments: Haptic Vest and User's Haptic Skills,3
Impact on Congestion and Fuel Consumption of a Cooperative Adaptive Cruise Control System with Lane-Level Position Estimation,9
Flexible Job Shop Scheduling With Operators in Aeronautical Manufacturing: A Case Study,8
Energetic analysis of a syngas-fueled chemical-looping combustion combined cycle with integration of carbon dioxide sequestration,7
Atmospheric plasma-polymerization of hydrophobic and wear-resistant coatings on glass substrates,9
Synthesis and Evaluation of Fast Onload Multitap Changers for Flicker Compensation in AC Arc Furnaces,9
Theoretical basis and experimental facility for parabolic trough collectors at high temperature using gas as heat transfer fluid,7
Tribology: A Historical Overview of the Relation Between Theory and Application,9
"Tracking and following pedestrian trajectories, an approach for autonomous surveillance of critical infrastructures",11
The Role of Computer-Assisted Self-Assessment in Courses with a Large Enrollment,4
WS2 inorganic nanotubes reinforced poly(L-lactic acid)/hydroxyapatite hybrid composite biomaterials,3
"Organizational learning, knowledge management practices and firm's performance An empirical study of a heavy engineering firm in India",4
Assessing Creativity in Engineering Students: A Comparative Between Degrees and Students in First and Last Year,4
Improving Engineering Students' Communication Competence: Designing Innovative Learning Strategies,4
Educational Initiatives to Develop Transversal Skills in the Nuclear Engineering Subjects at Universidad Politecnica de Madrid,4
The role of bond tangency and bond gap in hard sphere crystallization of chains,9
Nuclear Data Uncertainty Propagation in Depletion Calculations Using Cross Section Uncertainties in One-group or Multi-group,7
Reducing the CO2 emissions and the energy dependence of a large city area with zero-emission vehicles and nuclear energy,13
Influence of pulse sequence and edge material effect on fatigue life of Al2024-T351 specimens treated by laser shock processing,9
Analysis of the effect of different types of additives added to a low viscosity polyalphaolefin base on micropitting,9
Direct Laser Writing of Fractal Surfaces: Strategy to Design and Manufacture Textured Materials,9
Implementation of a virtual laboratory for training on sound insulation testing and uncertainty calculations in acoustic tests,4
The influence of high grain boundary density on helium retention in tungsten,9
Film thickness predictions for line contact using a new Reynolds-Carreau equation,9
External flooding event analysis in a PWR-W with MAAP5,7
CALCULATION OF THE STRUCTURE OF THE STAFF TO COVER A VARIABLE TEMPORARY WORK LOAD,8
Health monitoring of a new hysteretic damper subjected to earthquakes on a shaking table,9
Collisional radiative average atom code based on a relativistic Screened Hydrogenic Model,9
Performance study of solar power plants with CO2 as working fluid. A promising design window,7
Multicriteria optimization of the investment in the auxiliary services of thermal power plants: A case study,7
Modular robot systems towards the execution of cooperative tasks in large facilities,9
Vehicle to Vehicle GeoNetworking using Wireless Sensor Networks,9
ELECTRIC VEHICLE AUTONOMY ESTIMATION CONSIDERING DRIVING STYLE,9
Influence of the softening curve in the fracture patterns of concrete slabs subjected to blast,9
Fuzzy optimal control using generalized Takagi-Sugeno model for multivariable nonlinear systems,9
A label fusion method using conditional random fields with higher-order potentials: Application to hippocampal segmentation,3
Femtosecond laser irradiation induced-high electronic excitation in band gap materials: A quantum-kinetic model based on Boltzmann equation,9
A multiscale approach to defect evolution in tungsten under helium irradiation,9
Identifying key organizational elements in the performance of social enterprises. The case of telecentres in Latin America,8
The deferral option in the collective dismissal procedure,8
Numerical study of the influence of synthetic turbulent inflow conditions on the aerodynamics of a train,9
Fourier transform holography with high harmonic spectra for attosecond imaging applications,9
Feasibility study of in-process compensation of deformations in flexible milling,9
Influences of parental occupation on occupational choices and professional values,9
Double-stage soft x-ray laser pumped by multiple pulses applied in grazing incidence,9
"REAL OPTIONS IN THE ASSESSMENT OF COLLECTIVE DISMISSAL PROCEDURE, FOCUSED ON THE COLLECTIVE DISMISSAL PROCEDURES OF SPAIN",8
Improving Manufacturing Performance by Standardization of Interprocess Communication,9
New connection between reinforced concrete building frames and concentric braces: Shaking table tests,9
On-line stator ground-fault location method for synchronous generators based on 100% stator low-frequency injection protection,7
Damage assessed by wavelet scale bands and b-value in dynamical tests of a reinforced concrete slab monitored with acoustic emission,9
Eigenstrain simulation of residual stresses induced by laser shock processing in a Ti6Al4V hip replacement,9
Edge detection based on Krawtchouk polynomials,9
Demonstration of a Circularly Polarized Plasma-Based Soft-X-Ray Laser,9
Self-regulated propagation of intense infrared pulses in elongated soft-x-ray plasma amplifiers,9
Proposal and study of a balanced hybrid Rankine-Brayton cycle for low-to-moderate temperature solar power plants,7
A model to transform a commercial flatbed scanner into a two-coordinates measuring machine,9
Isothermal crystallization kinetics and melting behavior of poly (L-lactic acid)/WS2 inorganic nanotube nanocomposites,9
Inventory calculation and nuclear data uncertainty propagation on light water reactor fuel using ALEPH-2 and SCALE 6.2,7
Laser Shock Processing of thin Al2024-T351 plates for induction of through-thickness compressive residual stresses fields,9
Virtual Laboratories and Teaching of Automatic Control in Basic Technology Education of Students of High School,4
A high throughput data acquisition and processing model for applications based on GPUs,9
New incremental Takagi-Sugeno state model for optimal control of multivariable nonlinear time delay systems,7
Random-type scanning patterns in laser shock peening without absorbing coating in 2024-T351 Al alloy: A solution to reduce residual stress anisotropy,9
Boron dilution transient simulation analyses in a PWR with neutronics/thermal-hydraulics coupled codes in the NURISP project,7
Effect of advancing direction on fatigue life of 316L stainless steel specimens treated by double-sided laser shock peening,9
Intensity measures for the seismic response prediction of mid-rise buildings with hysteretic dampers,9
Simulation of an integrated gasification combined cycle with chemical-looping combustion and carbon dioxide sequestration,7
Development of a Godunov method for Maxwell's equations with Adaptive Mesh Refinement,9
BWR Mark III containment analyses using a GOTHIC 8.0 3D model,9
AP1000 (R) Large-Break LOCA BEPU analysis with TRACE code,7
Integration between direct steam generation in linear solar collectors and supercritical carbon dioxide Brayton power cycles,7
Stochastic particle level set simulations of buoyancy-driven droplets in non-Newtonian fluids,9
Structure of a laser-driven radiative shock,9
Simulation of radiative shock waves in Xe of last PALS experiments,9
Collisional-radiative simulations of a supersonic and radiatively cooled aluminum plasma jet,9
Table-top femtosecond soft X-ray laser by collisional ionization gating,9
Defining a new Project-Based Learning model: Challenges in a New Economic and Social Context,4
Engineering Education for All: Strategies and Challenges,4
Requirements for building an ontology for autonomous robots,9
Towards Effective and Efficient Biofabrication Technologies,3
Towards Reliable Organs-on-Chips and Humans-on-Chips,3
Project-Based Learning in the Field of Biomedical Microdevices: The CDIO Approach,4
Cell-Based Sensors and Cell-Based Actuators,9
Tissue Engineering Scaffolds for Bone Repair: Application to Dental Repair,3
Tissue Engineering Scaffolds for Bone Repair: General Aspects,3
Rapid Prototyping of Biomedical Microsystems for Interacting at a Cellular Level,9
Nanomanufacturing Technologies for Biomedical Microsystems Interacting at a Molecular Scale,9
Addressing the Complexity of Biomaterials by Means of Biomimetic Computer Aided Design,9
Issues Linked to the Mass-Production of Biomedical Microsystems,3
State-of-the-Art Bioengineering Resources for Interacting with Cells,3
Biomedical Microsystems for Disease Management,3
Multi-scale and Multi-physical/Biochemical Modeling in Bio-MEMS,9
Systematic Methodologies for the Development of Biomedical Microdevices,3
Learning Project Management Skills in Engineering through a Transversal Coordination Model,4
"An RBF-reconstructed, polymer stress tensor for stochastic, particle-based simulations of non-Newtonian, multiphase flows",9
Urban bus fleet-to-route assignment for pollutant emissions minimization,11
Development of a PWR-W GOTHIC 3D model for containment accident analysis,9
Entrepreneurial intention of engineering students and associated influence of contextual factors,4
Design of switching hyperplanes for multi-inputs multi-outputs discrete-time linear systems,9
Analysis of a gas stratification break-up by a vertical jet using the GOTHIC code,9
Concrete-Galvanized Steel Pull-Out Bond Assessed by Acoustic Emission,9
Chattering-free fuzzy variable structure control for multivariable nonlinear systems,9
S-Ethane Brayton Power Conversion Systems for Concentrated Solar Power Plant,7
First principles study of the behavior of hydrogen atoms in a W monovacancy,9
Evaluation of the offsite dose contribution to the global risk in a Steam Generator Tube Rupture scenario,7
Reengineering the Avionics of an Unmanned Aerial Vehicle,9
Analysis of concrete targets with different kinds of reinforcements subjected to blast loading,9
Novel Rotor Ground-Fault Detection Algorithm for Synchronous Machines With Static Excitation Based on Third-Harmonic Voltage-Phasor Comparison,9
Performance and value creation at United Kingdom's airports using fsQCA,9
Sensitive metal layer-assisted guided-mode resonance SU8 nanopillar array for label-free optical biosensing,3
Design of Energy Control Method for Three-Phase Buck-Type Rectifier With Very Demanding Load Steps to Achieve Smooth Input Currents,9
SrMnO3 Thermochromic Behavior Governed by Size-Dependent Structural Distortions,9
Methodological development for selection of significant predictors explaining fatal road accidents,3
Ziphius cavirostris bio inspired acoustic antenna. Finite element analysis and experimental validation,9
Computing the modal mass from the state space model in combined experimental-operational modal analysis,9
A scalable H.264/AVC deblocking filter architecture,9
Method and software application to assist in the conceptual design of aircraft final assembly lines,9
25 years of reengineering process: a retrospective vision,9
Toward a measurement of alpha-decay lifetime change at high pressure: The case of Am-241,9
Uncertainty analysis of power system state estimates and reference bus selection,9
Isolated Swiss-Forward Three-Phase Rectifier With Resonant Reset,9
Analysis of the recent evolution of commercial air traffic CO2 emissions and fleet utilization in the six largest national markets of the European Union,13
"SLEIPNNIR: A multiscale, particle level set method for Newtonian and non-Newtonian interface flows",9
Proposed methodology for Passive Autocatalytic Recombiner sizing and location for a BWR Mark-III reactor containment building,7
A systematic and integral hazards analysis technique applied to the process industry,9
Assessment of microscale spatio-temporal variation of air pollution at an urban hotspot in Madrid (Spain) through an extensive field campaign,11
A fast approach for hippocampal segmentation from T1-MRI for predicting progression in Alzheimer's disease from elderly controls,3
"Characterisation of tar from sewage sludge gasification. Influence of gasifying conditions: Temperature, throughput, steam and use of primary catalysts",6
A comparative study of pure ionic liquids and their mixtures as potential mass agents in the separation of hydrocarbons,9
Prediction of daily maximum ozone threshold exceedances by preprocessing and ensemble artificial intelligence techniques: Case study of Hong Kong,13
An Empirical Study on the Antecedents of Knowledge Intensive Entrepreneurship,8
Microscale traffic simulation and emission estimation in a heavily trafficked roundabout in Madrid (Spain),11
"Soundscape quality analysis by fuzzy logic: A field study in Cordoba, Argentina",11
Lasing dynamics of neutral nitrogen molecules in femtosecond filaments,9
A comprehensive approach for the evaluation and comparison of emission inventories in Madrid,11
Student evaluation of a virtual experience for project management learning: An empirical study for learning improvement,4
Detection of stationary foreground objects: A survey,11
Assessment of a high resolution annual WRF-BEP/CMAQ simulation for the urban area of Madrid (Spain),11
A new hybrid method for demoldability analysis of discrete geometries,9
Detection and location of a ground-fault in the excitation circuit of a 106 MVA synchronous generator by a new on-line method,9
An agent-based support system for railway station dispatching,9
Experimental demonstration of a collinear triple pulse grazing-incidence pumping scheme for a transient collisional pumped x-ray laser,9
3D virtual world remote laboratory to assist in designing advanced user defined DAQ systems based on FlexRIO and EPICS,9
High performance image acquisition and processing architecture for fast plant system controllers based on FPGA and GPU,9
Towards reliable optical label-free point-of-care (PoC) biosensing devices,3
Verification of SAMGs in SBO sequences with Seal LOCA. Multiple damage domains,7
Modelling the thermomechanical behaviour of the tungsten first wall in HiPER laser fusion scenarios,7
A Multirobot System for Distributed Area Coverage and Signal Searching in Large Outdoor Scenarios,9
Towards Global Engineers: Challenges and Strategies for Promoting International Mobility in Engineering Education,4
Experimental study of the effect of microspheres and milled glass in the adhesive on the mechanical adhesion of single lap joints,9
TML: a language to specify aerial robotic missions for the framework Aerostack,9
Using Process Mining to Model Multi-UAV Missions through the Experience,9
Application of vehicle to another entity (V2X) communications for motorcycle crash avoidance,3
Neural based contingent valuation of road traffic noise,11
Assessment of mechanical behavior of PLA composites reinforced with Mg micro-particles through depth-sensing indentations analysis,12
An analytical optimization of thermal energy storage for electricity cost reduction in solar thermal electric plants,7
Influence of grain boundaries on the radiation-induced defects and hydrogen in nanostructured and coarse-grained tungsten,9
Managing turnaround performance through Collaborative Decision Making,8
Evaluation of a CFD-based approach to estimate pollutant distribution within a real urban canopy by means of passive samplers,11
Multi-level awareness of energy used in production processes,7
Mutual Solubility of Aromatic Hydrocarbons in Pyrrolidinium and Ammonium-Based Ionic Liquids and Its Modeling Using the Cubic-Plus-Association (CPA) Equation of State,9
Uncertainty analysis for non-uniform residual stresses determined by the hole drilling strain gauge method,9
Assessment of a non linear current control technique applied to MMC-HVDC during grid disturbances,9
A Simulation Tool as a Support for Teaching the Concepts of Urban Traffic Flow,11
"A dynamic simulation model for assessing the overall impact of incentive policies on power system reliability, costs and environment",7
A control strategy for extractive and reactive dividing wall columns,9
Annularly grooved membrane combined with rood beam piezoresistive pressure sensor for low pressure applications,9
Evaluation of data compression techniques for the inference of stellar atmospheric parameters from high-resolution spectra,13
"Physics-Based Analytical Model for Input, Output, and Reverse Capacitance of a GaN HEMT With the Field-Plate Structure",9
Effects of bifurcation-specific and conventional stents on coronary bifurcation flow. An experimental and numerical study,3
Combining a Patch-based Approach with a Non-rigid Registration-based Label Fusion Method for the Hippocampal Segmentation in Alzheimer's Disease,3
Internal sudden short-circuit response of a new HSBDS for brushless synchronous machines tested on a 15 MVA generator,7
Estimation of Voltage Sags From a Limited Set of Monitors in Power Systems,9
A new approach for the solution of the neighborhood problem in meshfree methods,9
Earthquake retrofitting of R/C frames with soft first story using hysteretic dampers: Energy-based design method and evaluation,9
A Monitoring System for Diesel Engine Driven Generators Based on Electric Power Output Oscillation Assessment,7
A methodology for estimating the carbon footprint of waste collection vehicles under different scenarios: Application to Madrid,11
Modelling the fuel consumption and pollutant emissions of the urban bus fleet of the city of Madrid,11
Methodology to evaluate the environmental impact of urban solid waste containerization system: A case study,11
A method for estimating the influence of advanced manufacturing tools on the manufacturing competitiveness of Maquiladoras in the apparel industry in Central America,8
Numerical Study of Blood Clots Influence on the Flow Pattern and Platelet Activation on a Stented Bifurcation Model,9
Effect of the structural reinforcement of composite adherends on the mechanical strength of adhesive joints,9
Optical sensor based on periodic array of resonant nanopillars for real time monitoring,9
Hansen solubility parameter: from polyethylene and poly(vinyl acetate) homopolymers to ethylene-vinyl acetate copolymers,9
Dynamic analysis of a piezoelectric system to compensate for workpiece deformations in flexible milling,9
"New text comparison between CO2 and other supercritical working fluids (ethane, Xe, CH4 and N-2) in line-focusing solar power plants coupled to supercritical Brayton power cycles",7
Modelling NOx concentrations through CFD-RANS in an urban hot spot using high resolution traffic emissions and meteorology from a mesoscale model,11
Minimization of the thermal material effects on pulsed dynamic laser welding,9
A new procedure for the automated design of ejection systems in injection molds,9
Fluorescence labeling of high density polyethylene for identification and separation of selected containers in plastics waste streams. Comparison of thermal and photochemical stability of different fluorescent tracers,12
Influence of Background Noise Produced in University Facilities on the Brain Waves Associated With Attention of Students and Employees,4
Optimized Design of GaN Switched-Capacitor-Converter-Based Envelope Tracker for Satellite Application,9
Nonadiabaticity of cavity-free neutral nitrogen lasing,9
"Numerical study of the aerodynamics of a full scale train under turbulent wind conditions, including surface roughness effects",9
Design and optimization of a novel structural MEMS piezoresistive pressure sensor,9
Reconfiguring existing pollutant monitoring stations by increasing the value of the gathered information,13
Measured strains correction for eccentric holes in the determination of non-uniform residual stresses by the hole drilling strain gauge method,9
Nanocrystalline cubic ruthenium carbide formation in the synthesis of graphene on ruthenium ultrathin films,9
Implementing a Neutron-Diagnostic advanced DAQ system use case on a PXIe platform through a 3D remote laboratory,9
Electroencephalographic evaluation of acoustic therapies for the treatment of chronic and refractory tinnitus,3
Design and Validation of a Simulator Tool Useful for Designers and Policy Makers in Urban Sound Planning,11
"Evaluation of RANS, SAS and IDDES models for the simulation of the flow around a high-speed train subjected to crosswind",9
Micron-scale wedge thin films prepared by plasma enhanced chemical vapor deposition,9
"Contingent valuation of road traffic noise: A case study in the urban area of Quito, Ecuador",11
The design and analysis of a novel structural piezoresistive pressure sensor for low pressure measurement,9
Thermodynamic Optimization of Supercritical CO2 Brayton Power Cycles Coupled to Line-Focusing Solar Fields,7
Lotus-on-chip: computer-aided design and 3D direct laser writing of bioinspired surfaces for controlling the wettability of materials and devices,9
A Multi-Layered Component-Based Approach for the Development of Aerial Robotic Systems: The Aerostack Framework,9
Laser-Induced Forward Transfer Techniques and Applications,9
The moderating effects of corporate and national factors on lean projects barriers: a cross-national study,8
A routine-based framework implementing workload control to address recurring disturbances,8
MICROSCOPIC TECHNIQUES IN THE DETERMINATION OF THE BIODETERIORATION IN CINEMATOGRAPHIC FILMS,9
"High-order recurrence relations, Hermite-Pade approximation and Nikishin systems",9
Analysis of PWR SBO sequences with RCP passive thermal shutdown seals,7
Bias correction for time series factor models,9
Dependence of the subharmonic signal from contrast agent microbubbles on ambient pressure: A theoretical analysis,9
Automated Driving,9
Design optimization and fabrication of a novel structural piezoresistive pressure sensor for micro-pressure measurement,9
The influence of ocean halogen and sulfur emissions in the air quality of a coastal megacity: The case of Los Angeles,11
Analysis of the effects of uneven sound coverage over a facade during a sound insulation test according to the international standard ISO 16283-3,9
Implementing city-level carbon accounting: A comparison between Madrid and London,11
Effect of WS2 Inorganic Nanotubes on Isothermal Crystallization Behavior and Kinetics of Poly(3-Hydroxybutyrate-co-3-hydroxyvalerate),9
Clocking Femtosecond Collisional Dynamics via Resonant X-Ray Spectroscopy,9
Design Optimization and Fabrication of a Novel Structural SOI Piezoresistive Pressure Sensor with High Accuracy,9
Wavelet energy ratio index for health monitoring of hysteretic dampers,9
Tracking the ultrafast XUV optical properties of x-ray free-electron-laser heated matter with high-order harmonics,9
Evaluation of Psychoacoustic Annoyance and Perception of Noise Annoyance Inside University Facilities,4
Performance Comparison of Geobroadcast Strategies for Winding Roads,9
Film Thickness Formula for Thermal EHL Line Contact Considering a New Reynolds-Carreau Equation,9
Euclidean Distance Between Haar Orthogonal and Gaussian Matrices,9
Indoor Dust Metal Loadings: A Human Health Risk Assessment,3
Patrimonial assesment model of a singular element: the dome of the Higher Technical School of Industrial Engineers,4
Fabrication of Si3N4/SiO2 tiered resonant nanopillars with nickel caps arrays: application for optochemical sensing,9
A Control Strategy for Multiterminal DC Grids With Renewable Production and Storage Devices,7
Developing a national programme for textiles and clothing recovery,12
How the surrounding environment affects the biosensing performance of resonant nanopillars arrays: Under dry conditions or immersed in fluid,9
Self-modulation and anomalous collective scattering of laser produced intense ion beam in plasmas,9
Comparison of Heuristic Algorithms in Discrete Search and Surveillance Tasks Using Aerial Swarms,9
Accurate and Detailed Transversal Road Section Characteristics Extraction Using Laser Scanner,9
The Power Line Inspection Software (PoLIS): A versatile system for automating power line inspection,9
Effects of Aging and Different Mechanical Recycling Processes on the Structure and Properties of Poly(lactic acid)-clay Nanocomposites,12
Estimates of the atmospheric parameters of M-type stars: a machine-learning perspective,9
Application of massive laser shock processing for improvement of mechanical and tribological properties,9
Influence of High-Speed Train Power Consumption and Arc Fault Resistances on a Novel Ground Fault Location Method for 2 x 25 kV Railway Power Supply Systems,9
Electricity Price Forecasting with Dynamic Trees: A Benchmark Against the Random Forest Approach,7
FPGA-Based High-Performance Embedded Systems for Adaptive Edge Computing in Cyber-Physical Systems: The ARTICo(3) Framework,9
Safe innovation: On medical device legislation in Europe and Africa,3
Evaluation of the Continuous Wavelet Transform for Detection of Single-Point Rub in Aeroderivative Gas Turbines with Accelerometers,9
On the critical conditions for pool-fire puffing,9
A thermal resistances-based approach for thermal-elastohydrodynamic calculations in point contacts,9
Effect of simulated mechanical recycling processes on the structure and properties of poly(lactic acid),12
Conceptualizing the Sharing Economy through Presenting a Comprehensive Framework,8
Design and Simulation of a Powertrain System for a Fuel Cell Extended Range Electric Golf Car,9
Haptic Augmentation for Teleoperation through Virtual Grasping Points,9
Comparison of Data Preprocessing Approaches for Applying Deep Learning to Human Activity Recognition in the Context of Industry 4.0,9
i-Rheo GT: Transforming from Time to Frequency Domain without Artifacts,9
Minimization of the Thermal Impact in the Laser Welding of Dissimilar Stainless Steels,9
Numerical-Experimental Study of the Consolidation Phenomenon in the Selective Laser Melting Process with a Thermo-Fluidic Coupled Model,9
Thermodynamic insights on the viscometric and volumetric properties of binary mixtures of ketals and polyols,9
Steam condensation simulation in a scaled IRWST-ADS simulator with GOTHIC 8.1,9
Analyzing and improving multi-robot missions by using process mining,9
Fast and Robust Flight Altitude Estimation of Multirotor UAVs in Dynamic Unstructured Environments Using 3D Point Cloud Sensors,9
General Analysis of Switching Modes in a Dual Active Bridge with Triple Phase Shift Modulation,9
Design and Implementation of a Stereo Vision System on an Innovative 6DOF Single-Edge Machining Device for Tool Tip Localization and Path Correction,9
A Sensor Based on a Spherical Parallel Mechanism for the Measurement of Fluid Velocity: Physical Modelling and Computational Analysis,9
Cable-Driven Parallel Robot with Reconfigurable End Effector Controlled with a Compliant Actuator,9
Communications and Driver Monitoring Aids for Fostering SAE Level-4 Road Vehicles Automation,9
Amino-Modified Halloysite Nanotubes to Reduce Polymer Degradation and Improve the Performance of Mechanically Recycled Poly(lactic acid),12
Analysis of the effect of manufacturing imperfections in the elastic properties of platelet nanocomposites,9
Wind Turbine Multivariable Optimal Control Based on Incremental State Model,7
A Runtime-Scalable and Hardware-Accelerated Approach to On-Board Linear Unmixing of Hyperspectral Images,9
Dual Frequency Regulation in Pumping Mode in a Wind-Hydro Isolated System,9
Comparison of Cohesive Models in EDEM and LIGGGHTS for Simulating Powder Compaction,9
Occupational Risk Prevention through Smartwatches: Precision and Uncertainty Effects of the Built-In Accelerometer,3
Smoothed Particle Hydrodynamics Method for Three-Dimensional Open Channel Flow Simulations,9
Edge and Fog Computing Platform for Data Fusion of Complex Heterogeneous Sensors,9
Extraction of polyphenolic antioxidants from orange peel waste using deep eutectic solvents,12
New Differential Protection Method for Multiterminal HVDC Cable Networks,9
Assessment of Residents' Exposure to Leisure Noise in Malaga (Spain),11
Confined Polymers as Self-Avoiding Random Walks on Restricted Lattices,9
Manufacturing of Polymeric Substrates with Copper Nanofillers through Laser Stereolithography Technique,9
LEAN DENDROCHRONOLOGY: COMPLEXITY REDUCTION BY REPRESENTATION OF KPI DYNAMICS LOOKING AT STRATEGIC ORGANIZATIONAL DESIGN,8
Attitude estimation using horizon detection in thermal images,9
Dynamic Assessment of COTS Converters-Based DC Integrated Power Systems in Electric Ships,9
Effect of transverse strains and angular distortions on the nanoscale elastic behavior of platelet nanocomposites,9
Superhydrophobicity on hierarchical periodic surface structures fabricated via direct laser writing and direct laser interference patterning on an aluminium alloy,9
A Sensor Based on a Spherical Parallel Mechanism for the Measurement of Fluid Velocity: Experimental Development,9
Effects of Elastic Hinges on Input Torque Requirements for a Motorized Indirect-Driven Flapping-Wing Compliant Transmission Mechanism,9
Scalable Hardware-Based On-Board Processing for Run-Time Adaptive Lossless Hyperspectral Compression,9
Modal identification of structures from input/output data using the expectation-maximization algorithm and uncertainty quantification by mean of the bootstrap,9
Wettability modification of laser-fabricated hierarchical surface structures in Ti-6Al-4V titanium alloy,9
Artemisia pollen is the main vector for airborne endotoxin,3
Photocatalytic Mechanisms for Peroxymonosulfate Activation through the Removal of Methylene Blue: A Case Study,7
"A-SLEIPNNIR: A multiscale, anisotropic adaptive, particle level set framework for moving interfaces. Transport equation applications",9
A numerical scheme for the thermodynamic analysis of gas turbines,7
Analysis of the Reduction of CO2 Emissions in Urban Environments by Replacing Conventional City Buses by Electric Bus Fleets: Spain Case Study,11
Comparison of Transcritical CO2 and Conventional Refrigerant Heat Pump Water Heaters for Domestic Applications,9
Vehicle fleet characterization study in the city of Madrid and its application as a support tool in urban transport and air quality policy development,11
Interaction of Hemispherical Blast Waves with Inhomogeneous Spheres: Probing the Collision of a Supernova Ejecta with a Nearby Companion Star in the Laboratory,7
A Deep Reinforcement Learning Strategy for UAV Autonomous Landing on a Moving Platform,9
Conception and design of a cooling system for the LHC injection kicker magnets,7
Multidimensional membership functions in T-S fuzzy models for modelling and identification of nonlinear multivariable systems using genetic algorithms,9
Automated Chemical Sensing Unit Integration for Parallel Optical Interrogation,9
On the Person-Place Interaction and Its Relationship with the Responses/Outcomes of Listeners of Urban Soundscape (Compared Cases of Lisbon and Bogota): Contextual and Semiotic Aspects,11
Reduced graphene oxide/polyaniline electrochemical supercapacitors fabricated by laser,9
Distributed Reprogramming on the Edge: A New Collaborative Code Dissemination Strategy for IoT,9
Life Cycle Assessment Comparison of Two Refractory Brick Product Systems for Ladle Lining in Secondary Steelmaking,12
Design space exploration of heterogeneous MPSoCs with variable number of hardware accelerators,9
VHDL vs. SystemC: Design of Highly Parameterizable Artificial Neural Networks,9
Population dynamics based on mobile phone data to improve air pollution exposure assessments,11
Polyol-Based Deep Eutectic Solvents for Extraction of Natural Polyphenolic Antioxidants from Chlorella vulgaris,12
Comparison of modeling with empirical calculation of diffuse and fugitive methane emissions in a Spanish landfill,13
Strategies Comparison for Voltage Unbalance Mitigation in LV Distribution Networks Using EV Chargers,9
Reducing Unnecessary Alerts in Pedestrian Protection Systems Based on P2V Communications,11
A sample-based approach to estimate the dynamic loads of components with nonlinear uncertain interfaces,9
Reducing the conservatism of the time domain passivity approach through consideration of energy reflection in delayed coupled network systems,9
The potential of chemical looping combustion using the gas switching concept to eliminate the energy penalty of CO2 capture,7
Preventing legionellosis outbreaks by a quick detection of airborne Legionella pneumophila,3
Discriminating Alzheimer's disease progression using a new hippocampal marker from T1-weighted MRI: The local surface roughness,3
Monitoring traffic in future cities with aerial swarms: Developing and optimizing a behavior-based surveillance algorithm,11
Mechanical recycling of poly(lactic acid): Evaluation of a chain extender and a peroxide as additives for upgrading the recycled plastic,12
Assessment of different iron species as activators of S2O82- and HSO5- for inactivation of wild bacteria strains,3
Evaluation of transformation products from chemical oxidation of micropollutants in wastewater by photoassisted generation of sulfate radicals,6
Hydropower plants frequency regulation depending on upper reservoir water level,7
3D containment modeling of PWR-KWU Trillo NPP with the GOTHIC code,7
An Improved Method to Calculate the Time-to-Collision of Two Vehicles,3
Neutronic design for ESS-Bilbao neutron source,7
Lugol reactive: History of discovery and teaching applications,4
Atomic physics modeling and applications for ICF plasmas,7
"Ultraintense lasers as a promising research tool for fusion material testing: Production of ions, X-rays and neutrons",7
Neutronic analysis of the bi-spectral moderator such as that proposed for ESS,7
MAVwork: A framework for unified interfacing between micro aerial vehicles and visual controllers,9
Image analysis by moment invariants using a set of step-like basis functions,9
Solar cybertech: A competition of digitally controlled vehicles poweredby solar panels,7
Uncertainty in optical bio-sensors due to the spectral displacement of the interference modes of the transduction signal,3
An intelligent thrust reverse noise detector,9
Dynamics of gas bubbles encapsulated by a viscoelastic fluid shell under acoustic fields,9
Influence of silicon on wear behaviour of “Silal” cast irons,9
Optimal control using feedback linearization for a generalized T-S model,9
Thermoplastic polymer nanocomposites based on inorganic fullerene-like nanoparticles and inorganic nanotubes,9
Calnexin is essential for survival under nitrogen starvation and stationary phase in Schizosaccharomyces pombe,3
Incorporation of Fractal Textures to 3D CAD: Towards an Enhanced Control of Surface Topography,9
The Impact of Executive Coaching on Project Managers' Personal Competencies,4
On the Darboux transform and the solutions of some integrable systems,9
High-Efficiency High-Bandwidth Four-Quadrant Fully Digitally Controlled GaN-Based Tracking Power Supply System for Linear Power Amplifiers,9
"Linking atomistic, kinetic Monte Carlo and crystal plasticity simulations of single-crystal tungsten strength",9
A novel intelligent instrument for the detection and monitoring of thrust reverse noise at airports,9
A novel geo-broadcast algorithm for V2V communications over WSN,9
Analysis and modelling of the structural components of the elbow joint,3
System theory based hazard analysis applied to the process industry,9
Finite element code-based modeling of a multi-feature isolation system and passive alleviation of possible inner pounding,9
The history effect in bubble growth and dissolution. Part 1. Theory,9
"Modelling, simulation and control of pedestrian avoidance maneuver for an urban electric vehicle",9
Influence of the temperature on the fracture energy of a methacrylate adhesive for mining applications,9
Method for estimating manufacturing competitiveness: The case of the apparel maquiladora industry in central America,8
High-Value Propylene Glycol from Low-Value Biodiesel Glycerol: A Techno-Economic and Environmental Assessment under Uncertainty,9
Decreasing incidence and mortality among hospitalized patients suffering a ventilatorassociated pneumonia: Analysis of the Spanish national hospital discharge database from 2010 to 2014,3
Obstacle recognition based on machine learning for on-chip lidar sensors in a cyber-physical system,9
Diffusion of dissolved CO2 in water propagating from a cylindrical bubble in a horizontal Hele-Shaw cell,13
Enhanced microalgal lipid extraction using bio-based solvents for sustainable biofuel production,12
Design by Monte Carlo method of a thermal neutron device using a 241Am/9Be source and high-density polyethylene moderator,7
Analysis by Monte Carlo of thermal neutron flux from a 241Am/9Be source for a system of trace analysis in materials,7
ZVS auxiliary circuit for a 10 kW unregulated LLC full-bridge operating at resonant frequency for aircraft application,9
Huge Photostability Enhancement in Bismuth-Doped Methylammonium Lead Iodide Hybrid Perovskites by Light-Induced Transformation,9
Intensification of UV-C tertiary treatment: Disinfection and removal of micropollutants by sulfate radical based Advanced Oxidation Processes,6
Deterpenation of Citrus Essential Oils Using Glycerol-Based Deep Eutectic Solvents,12
A Fully-Autonomous Aerial Robot for Search and Rescue Applications in Indoor Environments using Learning-Based Techniques,3
Flowsheet Simulation of Cobalt-Nickel Separation by Solvent Extraction with Trihexyl(tetradecyl)phosphonium Chloride,9
Nonlinear Control for DC MicroGrids enabling Efficient Renewable Power Integration and Ancillary Services for AC grids,9
Behind the runway: Extending sustainability in luxury fashion supply chains,9
A methodology for the development of urban energy balances: Ten years of application to the city of Madrid,11
A New Device Based on Interferometric Optical Detection Method for Label-Free Screening of C-Reactive Protein,9
Methodology for Remote Handling Operations in IFMIF-DONES,9
The effect of material cyclic deformation properties on residual stress generation by laser shock processing,9
Holistic valorization of rapeseed meal utilizing green solvents extraction and biopolymer production with Pseudomonas putida,12
Detection and localization of defects in cable sheath of cross-bonding configuration by sheath currents,9
Three-phase four-switch converter for SPMS Generators based on Model Predictive Current Control for Wave Energy Applications,9
Proximity Metrics for Selecting R&D Partners in International Open Innovation Processes,9
Accelerating Health Data Sharing: A Solution Based on the Internet of Things and Distributed Ledger Technologies,3
Alkanediol-based deep eutectic solvents for isolation of terpenoids from citrus essential oil: Experimental evaluation and COSMO-RS studies,12
Monte Carlo characterization and benchmarking of extended range REM meters for its application in shielding and radiation area monitoring in Compact Proton Therapy Centers (CPTC),3
Use of discharge resistor to improve transient de-excitation in brushless synchronous machines,9
Diagnosis of static eccentricity in 3-phase synchronous machines using a pseudo zero-sequence current,9
Thermal and exergy efficiency analysis of a solar-driven closed brayton power plant with helium & s-co2 as working fluids,7
Identification and mapping of asphalt surface deterioration by tyre-pavement interaction noise measurement,11
Bringing Adaptive and Immersive Interfaces to Real-World Multi-Robot Scenarios: Application to Surveillance and Intervention in Infrastructures,9
"Robust visual-aided autonomous takeoff, tracking, and landing of a small UAV on a moving landing platform for life-long operation",9
Deep Learning-Based System for Automatic Recognition and Diagnosis of Electrical Insulator Strings,9
Orange peel waste valorisation through limonene extraction using bio-based solvents,12
On the adaptability of ensemble methods for distributed classification systems: A comparative analysis,9
Non-Invasive Ambient Intelligence in Real Life: Dealing with Noisy Patterns to Help Older People,11
Monocular Robust Depth Estimation Vision System for Robotic Tasks Interventions in Metallic Targets,9
Grasping objects from the floor in assistive robotics: real world implications and lessons learned,9
New Concepts for Production of Scalable Single Layer Oxidized Regions by Local Anodic Oxidation of Graphene,9
Anticipating Stock Market of the Renowned Companies: A Knowledge Graph Approach,8
Potential Energy Distribution of Redundant Cable-Driven Robot Applied to Compliant Grippers: Method and Computational Analysis,9
Uncertainty and sensitivity analysis of a PWR LOCA sequence using parametric and non-parametric methods,7
Double sweep tracer for I-V curves characterization and continuous monitoring of photovoltaic facilities,7
Implementation of a Potential Field-Based Decision-Making Algorithm on Autonomous Vehicles for Driving in Complex Environments,9
Multi-Mode Modulation with ZVS for a Single-Phase Single-Stage Inverter,9
Temporal acoustic emission index for damage monitoring of RC structures subjected to bidirectional seismic loadings,9
Temporal patterns of variability for prokaryotic and eukaryotic diversity in the urban air of Madrid (Spain),11
Fuzzy Adaptive-Equivalent Consumption Minimization Strategy for a Parallel Hybrid Electric Vehicle,9
Deep Learning for Industrial Computer Vision Quality Control in the Printing Industry 4.0,9
Thermal effects in the ablation of bovine cortical bone with pulsed laser sources,9
Indoor Air-Quality Data-Monitoring System: Long-Term Monitoring Benefits,3
Press start to play: Classifying multi-robot operators and predicting their strategies through a videogame,9
The Use of the Internet of Things for Estimating Personal Pollution Exposure,3
Experimental and Computational Methodology for the Determination of Hydrodynamic Coefficients Based on Free Decay Test: Application to Conception and Control of Underwater Robots,9
An EMI-Based Clustering for Structural Health Monitoring of NSM FRP Strengthening Systems,3
Metallic Slit-Plate Dampers: Damage Evaluation with Metal Magnetic Memory Technique and Application to Structures with Rocking Columns,9
Modeling Living Cells Within Microfluidic Systems Using Cellular Automata Models,3
Constitutive Model for Rubberized Concrete Passively Confined with FRP Laminates,9
Equivalent Conductor Layer for Fast 3D Finite Element Simulations of Inductive Power Transfer Coils,9
Blackbox Polytopic Model with Dynamic Weighting Functions for DC-DC Converters,9
Behavior-Based Control for an Aerial Robotic Swarm in Surveillance Missions,9
Hysteretic Behavior and Ultimate Energy Dissipation Capacity of Large Diameter Bars Made of Shape Memory Alloys under Seismic Loadings,9
Vision-Based Multirotor Following Using Synthetic Learning Techniques,9
Epoxy toughening through high pressure and shear rate preprocessing,9
To greener pastures An action research study on the environmental sustainability of humanitarian supply chains,12
Analysis of summer O-3 in the Madrid air basin with the LOTOS-EUROS chemical transport model,13
Embedding Sustainability Competences into Engineering Education. The Case of Informatics Engineering and Industrial Engineering Degree Programs at Spanish Universities,4
Application of immersive technologies and natural language to hyper-redundant robot teleoperation,9
Competitive implications of quality assurance processes in higher education. The case of higher education in engineering in France,4
Macroscopic Modelling of Magnetic Micro-wires for Finite Element Simulations of Inductive Components,9
Geronimus transformations for sequences of d-orthogonal polynomials,9
DynamFluid: Development and Validation of a New GUI-Based CFD Tool for the Analysis of Incompressible Non-Isothermal Flows,9
Impact of halogen chemistry on summertime air quality in coastal and continental Europe: application of the CMAQ model and implications for regulation,13
Numerical Study of Particle Dispersion in the Turbulent Recirculation Zone of a Sudden Expansion Pipe using Stokes Numbers and Mean Drift Parameter,9
Formation Dynamics of Excited Neutral Nitrogen Molecules inside Femtosecond Laser Filaments,9
Performance evaluation of a multiscale modelling system applied to particulate matter dispersion in a real traffic hot spot in Madrid (Spain),13
Efficient Multiaxial Shoulder-Motion Tracking Based on Flexible Resistive Sensors Applied to Exosuits,3
Fatigue Properties of Maraging Steel after Laser Peening,9
Industrial Calibration Procedure for Confocal Microscopes,9
Design scheme of discrete time variable structure controllers applied to multi-input-multi-output linear systems with chattering elimination,9
Effect of solid-state polymerization on the structure and properties of mechanically recycled poly(lactic acid),12
A Kinematic Controller for Liquid Pouring between Vessels Modelled with Smoothed Particle Hydrodynamics,9
Tribomechanical properties of hard Cr-doped DLC coatings deposited by low-frequency HiPIMS,9
Predictive control of a permanent magnet synchronous generator connected to an MMC converter in an oscillating water column based power plant,7
Structural models based on 3D constitutive laws: Variational structure and numerical solution,9
Stray flux sensor core impact on the condition monitoring of electrical machines,9
Geometric deep lean learning: Deep learning in industry 4.0 cyber–physical complex networks,9
Health impact assessment by the implementation of Madrid City air-quality plan in 2020,11
Integrated numerical-experimental assessment of the effect of the az31b anisotropic behaviour in extended-surface treatments by laser shock processing,9
Supercritical CO2 mixtures for advanced brayton power cycles in line-focusing solar power plants,7
Numerical modeling for simulation of compaction of refractory materials for secondary steelmaking,9
Influence of addition of organic fillers on the properties of mechanically recycled PLA,12
Engineering vertically interrogated interferometric sensors for optical label-free biosensing,3
Evaluation of the Operating Efficiency of a Hybrid Wind-Hydro Powerplant,7
"Biodegradable Nanocomposites Developed from PLA/PCL Blends and Silk Fibroin Nanoparticles: Study on the Microstructure, Thermal Behavior, Crystallinity and Performance",12
Annual performance of subcritical Rankine cycle coupled to an innovative particle receiver solar power plant,7
Control of multivariable delayed systems with colored noise using incremental state formulation,9
New Methodology for Profiling and Comparison of Open Innovation Models to Conduct R&D Activities,4
Fluorescence enhanced BA-LIFT for single cell detection and isolation,3
A digital signal processor based acoustic sensor for outdoor noise monitoring in smart cities,11
Optimum Strength Distribution for Structures with Metallic Dampers Subjected to Seismic Loading,9
Rapid prototyping of personalized articular orthoses by lamination of composite fibers upon 3D-printed molds,3
Environmental Perception for Intelligent Vehicles,9
Driver Assistance Systems and Safety Systems,3
Positioning and Digital Maps,9
Strategy for required data reduction in the practical implementation in a low-cost electronic platform of an index for damage assessment of seismic dampers,9
Toward compact and ultra-intense laser-based soft x-ray lasers,9
The opportunity to improve psychological competences of project managers in international businesses,8
Hydrodynamic evolution of plasma waveguides for soft-x-ray amplifiers,7
Acoustic emission energy b-value for local damage evaluation in reinforced concrete structures subjected to seismic loadings,9
"The Natural-CCD Algorithm, a Novel Method to Solve the Inverse Kinematics of Hyper-redundant and Soft Robots",9
Segregation in the tank of a rotary tablet press machine using experimental and discrete element methods,9
Fukushima Unit 2 Accident Simulation With MELCOR 2.1,7
"Impact of the homogenization level, nodal or pin-by-pin, on the uncertainty quantification with core simulators",7
Seismic performance and damage evaluation of a waffle-flat plate structure with hysteretic dampers through shake-table tests,9
Methodology for the implementation of real-time image processing systems using FPGAs and GPUs and their integration in EPICS using Nominal Device Support,9
Influence of dissimilar composite adherends on the mechanical adhesion of bonded joints for small blade wind turbine applications,9
Generalized spiral torsion spring energetic model,9
"Short-Term Effects of Binaural Beats on EEG Power, Functional Connectivity, Cognition, Gait and Anxiety in Parkinson's Disease",3
"Numerical investigation of the effects of compressibility on the flutter of a cantilevered plate in an inviscid, subsonic, open flow",9
Seismic strengthening of low-rise reinforced concrete frame structures with masonry infill walls: Shaking-table test,9
Motivational active learning: An integrated approach to teaching and learning process control,4
Modelling the human lane-change execution behaviour through Multilayer Perceptrons and Convolutional Neural Networks,11
"Spatio-temporal patterns of high summer ozone events in the Madrid Basin, Central Spain",13
Development System for Wireless Control Applied to Renewable Power Plants,7
Analysis of Inertization Strategies for the Filtered Containment Venting System in Cofrentes Nuclear Power Plant,7
Micropollutants removal by full-scale UV-C/sulfate radical based Advanced Oxidation Processes,6
Numerical simulation of fracture of concrete at different loading rates by using the cohesive crack model,9
Decision making algorithm for an autonomous guide-robot using fuzzy logic,9
Identification of the Actual Process Parameters for Finishing Operations in Peripheral Milling,9
Spectral composition of thermonuclear particle and recoil nuclear emissions from laser fusion targets intended for modern ignition experiments,7
On the behavior of imidazolium versus pyrrolidinium ionic liquids as extractants of phenolic compounds from water: Experimental and computational analysis,12
"Design, fabrication and characterization of an annularly grooved membrane combined with rood beam piezoresistive pressure sensor for low pressure measurements",9
Application of a short term air quality action plan in Madrid (Spain) under a high-pollution episode - Part II: Assessment from multi-scale modelling,11
Application of a short term air quality action plan in Madrid (Spain) under a high-pollution episode - Part I: Diagnostic and analysis from observations,11
Benchmark for Numerical Models of Stented Coronary Bifurcation Flow,3
"Study of the rust penetration and circumferential stresses in reinforced concrete at early stages of an accelerated corrosion test by means of combined SEM, EDS and strain gauges",9
Supply chain environmental R&D cooperation and product performance: Exploring the network dynamics of positional embeddedness,9
Control optimization of an aerial robotic swarm in a search task and its adaptation to different scenarios,9
Effect of the natural aging process on the shear strength of FRP composite single lap joints,9
A new method for the automated design of cooling systems in injection molds,9
Accuracy of a new online method for measuring machining parameters in milling,9
Multilayered neural architectures evolution for computing sequences of orthogonal polynomials,9
Calculation of the number of modules and the switching frequency of a modular multilevel converter using near level control,9
Off-lattice simulation algorithms for athermal chain molecules under extreme confinement,9
Shape optimization of a long-tapered R134a ejector mixing chamber,9
Evaluating carbon footprint of municipal solid waste treatment: Methodological proposal and application to a case study,11
"Motivational active learning: teaching and learning process control (Reprint of, vol 24, pg 17, 2018)",4
An execution control method for the Aerostack aerial robotics framework,9
Aerodynamic surrogate-based optimization of the nose shape of a high-speed train for crosswind and passing-by scenarios,9
Customized laser beam intensity distribution for the laser surface treatment of geometrically convoluted components,9
Activity-aware essential tremor evaluation using deep learning method based on acceleration data,3
The sustainability report as an essential tool for the holistic and strategic vision of higher education institutions,4
A simple and reliable procedure to accurately estimate NRTL interaction parameters from liquid-liquid equilibrium data,9
Analysis of a single-edge micro cutting process in a hybrid parallel-serial machine tool,9
Neutron spectra from Neutron Standards Laboratory (LPN/CIEMAT) sources with two Bonner sphere spectrometers,7
Spatial aspects in urban soundscapes: Binaural parameters application in the study of soundscapes from Bogota-Colombia and Brasilia-Brazil,11
Valorization of poly(lactic acid) wastes via mechanical recycling: Improvement of the properties of the recycled polymer,12
Integrating COSMO-Based sigma-Profiles with Molecular and Thermodynamic Attributes to Predict the Life Cycle Environmental Impact of Chemicals,12
Experimental Evaluation of Sodium-Water Reaction (SWR) as Propellant,7
"A cost-effective approach to the evaluation of traffic noise exposure in the city of Quito, Ecuador",11
Vowel Articulation Dynamic Stability Related to Parkinson's Disease Rating Features: Male Dataset,3
Ice Ih vs. ice III along the homogeneous nucleation line,13
"An anisotropic adaptive, Lagrange-Galerkin numerical method for spray combustion",9
Beyond sound level monitoring: Exploitation of social media to gather citizens subjective response to noise,11
Corrosion protective action of different coatings for the helium cooled pebble bed breeder concept,9
Using FRPs in elastic regime for the storage and handling of mechanical energy and power: Application in spiral springs,9
Robot Navigation in Domestic Environments: Experiences Using RGB-D Sensors in Real Homes,11
Simultaneous versus incremental learning of multiple skills by modular robots,9
Optimized methods for multi-projector display correction,9
Optimization of prediction methods for patents and trademarks in Spain through the use of exogenous variables,9
Optimization of Brayton cycles for low-to-moderate grade thermal energy sources,7
Automatic correction method for panoramic multi-projector displays,9
High-level power analysis for intellectual property-based digital systems,9
STATCOM control strategies,9
Prediction models for ozone in metropolitan area of Mexico City based on artificial intelligence techniques,13
Multi-objective optimization of a multi-step solar-driven Brayton plant,7
Part load operation of a solid oxide electrolysis system for integration with renewable energy sources,7
A new approach for the prediction of thermal efficiency in solar receivers,7
On uncertainty and sensitivity analyses in project duration based on dependency information,8
Design specification for the European Spallation Source neutron generating target element,7
Improving the Management of Projects through Hoshin Kanri,8
A method for identification of critical scheduling decisions,8
Effect of Type 2 Diabetes on In-Hospital Postoperative Complications and Mortality After Primary Total Hip and Knee Arthroplasty,3
Predicting the cradle-to-gate environmental impact of chemicals from molecular descriptors and thermodynamic properties via mixed-integer programming,12
An evaluation of activation and radiation damage effects for the European Spallation Source Target,7
Resilience for lean organisational network,8
Using statistical methods to carry out in field calibrations of low cost air quality sensors,13
"Analysis of the event data recorder system regarding criteria of safety, operation and consumption in a Brazilian trucking company",8
Dimensioning of Point Absorbers for Wave Energy Conversion by means of Differential Evolutionary Algorithms,9
Hybrid UV-C/microfiltration process in membrane photoreactor for wastewater disinfection,6
Simulation of blood clot removal by aspiration thrombectomy in cerebral vessels using geometry optimization of the aspiration device,3
Four-Switch Three Phase Operation of Grid Side Converter of Doubly Fed Induction Generator with Three Vectors Predictive Direct Power Control Strategy,9
An implicit-explicit Runge-Kutta-Chebyshev finite element method for the nonlinear Lithium-ion battery equations,9
MMC as nonlinear vector current source for grid connection of wave energy generation,7
Health monitoring of reinforced concrete structures with hysteretic dampers subjected to dynamical loads by means of the acoustic emission energy,9
The remote handling system of IFMIF-DONES,9
Hysteresis in the Vaporization-Controlled Inertial Regime of Nonpremixed Counterflow Spray Combustion,9
Analysis of the high instantaneous NO x emissions from Euro 6 diesel passenger cars under real driving conditions,13
The influence of cultural dimensions on lean projects success and barriers,8
On the role of regional hubs in the environmental sustainability of humanitarian supply chains,12
Improvement of surface and mechanical properties of high strength metallic alloys by laser shock processing,9
Thermodynamic mapping of power cycles working around the critical point,9
Construction of elastic spectra for high damping,9
Methodology for thermal analysis of spent nuclear fuel dry cask using CFD codes,7
Fast and Accurate Thermal Modeling of Magnetic Components by FEA-Based Homogenization,9
Design Methodology for Three-phase Buck-Type and Boost-Type Rectifiers to Comply With the DO-160G Current Distortion Test,9
Sustainability and the Sharing Economy: Modelling the Interconnections,8
Study of the adsorption capacity of graphene oxide under gamma radiation in different media,9
Experimental and computational studies of the influence of grain boundaries and temperature on the radiation-induced damage and hydrogen behavior in tungsten,9
"Phosphorylcholine-based hydrogel for immobilization of biomolecules. Application to fluorometric microarrays for use in hybridization assays and immunoassays, and nanophotonic biosensing",3
A machine learning approach for traffic-noise annoyance assessment,11
Deterministically generated negative selection algorithm for damage detection in civil engineering systems,9
Effect of Three Different Finishing Processes on the Surface Morphology and Fatigue Life of A357.0 Parts Produced by Laser-Based Powder Bed Fusion,9
Periodically correlated models for short-term electricity load forecasting,7
Non-linear vector current source for the control of permanent magnet synchronous generators in wave energy applications,7
DAMHSE: Programming heterogeneous MPSoCs with hardware acceleration using dataflow-based design space exploration and automated rapid prototyping,9
"Urban distribution centre in historical cities from the perspective of residents, retailers and carriers",11
"Public-private partnership as an innovative approach for sustainable tourism in Guanacaste, Costa Rica",12
Modelling of a Nordic BWR containment and suppression pool behavior during a LOCA with GOTHIC 8.1,7
Numerical modelling of blood clot extraction by aspiration thrombectomy. Evaluation of aspiration catheter geometry,3
The project managers' challenges in a projectification environment,8
How does urban wastewater treatment affect the microbial quality of treated wastewater?,6
Protic Ionic Liquids as Cell-Disrupting Agents for the Recovery of Intracellular Carotenoids from Yeast Rhodotorula glutinis CCT-2186,9
Spectroscopic study of acetohydroxamic acid (AHA) hydrolysis in the presence of europium. Implications in the extraction system studies for lanthanide and actinide separation,7
Predictive Direct Control of SPMS Generators applied to the Machine Side Converter of an OWC power plant,7
A novel pruning algorithm for mining long and maximum length frequent itemsets,9
Anisotropic meta-models for computationally expensive simulations in nonlinear mechanics,9
Reptation of Active Entangled Polymers,9
The oxygen production pre-combustion (OPPC) IGCC plant for efficient power production with CO2 capture,7
Understanding sustainability and the circular economy through flipped classroom and challenge-based learning: an innovative experience in engineering education in Spain,4
Design Guidelines of Inductive Coils Using A Polymer Bonded Magnetic Composite for Inductive Power Transfer Systems in Electric Vehicles,9
Exploring the emergence of lock-in in large-scale projects: A process view,9
Phase behaviour and dynamical features of a two-dimensional binary mixture of active/passive spherical particles,9
New rocking column with control of negative stiffness displacement range and its application to RC frames,9
"Design Considerations for Hybrid, Energy-Efficient, and Fast Industrial Power Amplifiers With Supply Modulation",9
Civil structure condition assessment by a two-stage FE model update based on neural network enhanced power mode shapes and an adaptive roaming damage method,9
Value creation in listed companies: A bibliometric approach,8
Role of the cation on the liquid extraction of levulinic acid from water using NTf2-based ionic liquids: Experimental data and computational analysis,12
Efficacy of laser shock processing of biodegradable Mg and Mg-1Zn alloy on their in vitro corrosion and bacterial response,3
Remote Handling in the Accelerator Systems of DONES,9
Advanced direct method to quantify the kinetics of acetohydroxamic acid (AHA) by Raman spectroscopy,3
Improving the management of international development projects,8
Real-world fuel efficiency and emissions from an urban diesel bus engine under transient operating conditions,7
The uncertainty and limit of detection in biosensors from immunoassays,3
"Order point optimization: Realistic solution to an extensively studied problem, but poorly resolved",9
Laser shock processing: An emerging technique for the improvement of fatigue life and surface properties of high reliability metallic components,9
Technology and Motivation: Are we able to measure its interaction?,4
Electric motors in explosive atmospheres: Practical guidelines for selection,9
Residual stress distributions in ferritic to austenitic steel joints made by laser welding,9
Kinetics of the thermal decomposition mechanisms of conducting and non-conducting epoxy/Al composites,9
Assessment of professional competencies promoted by SAE formula project: The UPMRacing case,4
Van accidents and mobility. Comparative analysis of risk indicators,3
Energy storage systems for electric vehicles: Performance comparison based on a simple equivalent circuit and experimental tests,9
Analysis of project duration: Uncertainty using global sensitivity analysis,8
Taking advantage of an existing indoor climate monitorization for measuring occupancy,11
Necessary technological changes in the vehicle and the infrastructure for the introduction of the autonomous car,9
Technological challenges in the development and implementation of the autonomous and connected vehicle,9
Special applications of autonomous driving,9
"Towards Open-Source and Collaborative Project-Based Learning in Engineering Education: Situation, Resources and Challenges",4
Using Smartphones Physical Interfaces in Engineering Education: Experiences in Promoting Student Motivation and Learning,4
Advanced predictive quality control strategy involving different facilities.,9
"Reaction pathways, kinetics and toxicity assessment during the photocatalytic degradation of glyphosate and myclobutanil pesticides: Influence of the aqueous matrix",6
Ti-substituted LaFeO3 perovskite as photoassisted CWPO catalyst for water treatment,6
Ferrite Materials for Photoassisted Environmental and Solar Fuels Applications,7
Heterogeneous photodegradation of Pyrimethanil and its commercial formulation with TiO2 immobilized on SiC foams,9
Run-Time Reconfigurable MPSoC-Based On-Board Processor for Vision-Based Space Navigation,9
Influence of high-speed train power consumption on a novel ground fault identification method for 2 × 25 kV railway power supply systems,9
Proposal and analysis of an integrated solar combined cycle with partial recuperation,7
VPS-SLAM: Visual Planar Semantic SLAM for Aerial Robotic Systems,9
Scheme for synchronous machine stator turn-to-turn protection,9
Exergy Analysis of Gas Switching Chemical Looping IGCC Plants,7
Microarchitectured Carbon Structures as Innovative Tissue-Engineering Scaffolds,3
Influential Factors on Injury Severity for Drivers of Light Trucks and Vans with Machine Learning Methods,3
Highly robust La1-xTixFeO3 dual catalyst with combined photocatalytic and photo-CWPO activity under visible light for 4-chlorophenol removal in water,6
Coating-free TiO2@β-SiC alveolar foams as a ready-to-use composite photocatalyst with tunable adsorption properties for water treatment,6
Surgical planning of sacral nerve stimulation procedure in presence of sacral anomalies by using personalized polymeric prototypes obtained with additive manufacturing techniques,3
Synergies between surface microstructuring and molecular nanopatterning for controlling cell populations on polymeric biointerfaces,3
A modular iot hardware platform for distributed and secured extreme edge computing,9
Deep Learning Approaches for Detecting Freezing of Gait in Parkinson's Disease Patients through On-Body Acceleration Sensors,3
Healthy Operator 4.0: A Human Cyber-Physical System Architecture for Smart Workplaces,8
Raman amplification in the ultra-small limit of Ag nanoparticles on SiO2 and graphene: Size and inter-particle distance effects,9
Au@Ag Core–Shell Nanorods Support Plasmonic Fano Resonances,9
A novel fusion reactor with chain reactions for proton-boron11,7
Design of a hyper-redundant robot and teleoperation using mixed reality for inspection tasks,9
Analysis and Optimization of the Chemostat Model with a Lateral Diffusive Compartment,9
A New Stainless-Steel Tube-in-Tube Damper for Seismic Protection of Structures,9
Electronic word-of-mouth effects on studio performance leveraging attention-based model,9
Asymptotic behavior of solutions of nonautonomous neutral dynamical systems,9
Integration of gas switching combustion in a humid air turbine cycle for flexible power production from solid fuels with near-zero emissions of CO2 and other pollutants,7
An open source medical passport based on an Android mobile application and near-field communication,3
Soft-Lithography of Polyacrylamide Hydrogels Using Microstructured Templates: Towards Controlled Cell Populations on Biointerfaces,3
Understanding the molecular origin of shear thinning in associative polymers through quantification of bond dissociation under shear,9
Modification of Ti6Al4V surface properties by combined DLW-DLIP hierarchical micro-nano structuring,9
Analysis of an integrated solar combined cycle with recuperative gas turbine and double recuperative and double expansion propane cycle,7
On the Darboux transformations and sequences of p-orthogonal polynomials,9
A MHz-repetition-rate hard X-ray free-electron laser driven by a superconducting linear accelerator,9
A dynamically reconfigurable BBNN architecture for scalable neuroevolution in hardware,9
Energy capacity of waffle-flat-plate structures with hysteretic dampers subjected to bidirectional seismic loadings,9
Industry 4.0 lean shopfloor management characterization using EEG sensors and deep learning,9
Tube shelters from agricultural plastic waste: An example of circular economy,12
Performance problems of non-toroidal shaped current transformers,9
New electrical parameters extraction method based on simplified 3D model using finite element analysis,9
Modelling the Soft Robot Kyma Based on Real-Time Finite Element Method,9
REPTATE rheology software: Toolkit for the analysis of theories and experiments,9
Self-Avoiding Random Walks as a Model to Study Athermal Linear Polymers under Extreme Plate Confinement,9
Economic analysis of renewable energy regulation in France: A case study for photovoltaic plants based on real options,7
Color-metallographic characterization of alloyed white cast irons ni-hard type,9
Towards the implementation of circular economy in the wastewater sector: Challenges and opportunities,6
"Crystal, fivefold and glass formation in clusters of polymers interacting with the square well potential",9
Role of life-cycle externalities in the valuation of protic ionic liquids-a case study in biomass pretreatment solvents,12
An Institutional Approach to Digitalization in Sustainability-Oriented Infrastructure Projects: The Limits of the Building Information Model,12
Enhanced stability and efficiency in inverted perovskite solar cells through graphene doping of PEDOT:PSS hole transport layer,9
Building the executive system of autonomous aerial robots using the Aerostack open-source framework,9
A taxonomy proposal for the assessment of the changes in soundscape resulting from the covid-19 lockdown,11
Robot-process precision modelling for the improvement of productivity in flexible manufacturing cells,9
Integrated Biorefining Approach for the Production of Polyhydroxyalkanoates from Enzymatically Hydrolyzed Rapeseed Meal under Nitrogen-Limited Conditions,9
Estimation of cyclic demand in metallic yielding dampers installed on frame structures,9
Hollow Gold Nanoparticles Produced by Femtosecond Laser Irradiation,9
Stepping on Obstacles with a Sensory Substitution Device on the Lower Leg: Practice without Vision Is More Beneficial than Practice with Vision,3
Onset of quantum chaos in molecular systems and the zeros of the Husimi function,9
"CIELO Collaboration Summary Results: International Evaluations of Neutron Reactions on Uranium, Plutonium, Iron, Oxygen and Hydrogen",7
"SFCOMPO-2.0: An OECD NEA database of spent nuclear fuel isotopic assays, reactor design specifications, and operating data",7
Simplification of Thermal Networks for Magnetic Components in Space Power Electronics,9
A Suite of Ontologies for Robotics and Automation [Industrial Activities],9
Biomechanical Study of Proximal Femur for Designing Stems for Total Hip Replacement,3
Variable Importance Analysis in Imbalanced Datasets: A New Approach,9
Step by Step Derivation of the Optimum Multistage Compression Ratio and an Application Case,9
Exploiting Multi-Level Parallelism for Run-Time Adaptive Inverse Kinematics on Heterogeneous MPSoCs,9
Adaptive Inattentional Framework for Video Object Detection with Reward-Conditional Training,9
Mechanical characterization of sol-gel epoxy-silylated hyperbranched poly(ethyleneimine) coatings by means of Depth Sensing Indentation methods,9
Short-Term Load Forecasting for Spanish Insular Electric Systems,7
A Photovoltaic Power Curtailment Method for Operation on Both Sides of the Power-Voltage Curve,7
"Viscoelastic effects on drop deformation using a machine learning-enhanced, finite element method",9
"Effect of iignocellulosic nanoparticles extracted from yerba mate (Ilex paraguariensis) on the structural, thermal, optical and barrier properties of mechanically recycled poly(lactic acid)",12
High temperature mechanical properties and microstructure of hard TaSiN coatings,9
Highly porous tungsten for plasma-facing applications in nuclear fusion power plants: a computational analysis of hollow nanoparticles,7
Limitations for tungsten as plasma facing material in the diverse scenarios of the European inertial confinement fusion facility HiPER: Current status and new approaches,7
A Cable-Driven Exosuit for Upper Limb Flexion Based on Fibres Compliance,3
High temperature strength retention of Cu/Nb nanolaminates through dynamic strain ageing,9
Requirements engineering in software startups: A systematic mapping study,8
Corrosion behavior of diverse sputtered coatings for the helium cooled pebbles bed (HCPB) breeder concept,9
Fluid Degradation Measurement Based on a Dual Coil Frequency Response Analysis,9
Non-invasive estimation of machining parameters during end-milling operations based on acoustic emission,9
Efficient photocatalytic mineralization of polymethylmethacrylate and polystyrene nanoplastics by TiO2/β-SiC alveolar foams,9
"Optimum expanded fraction for an industrial, collins-based nitrogen liquefaction cycle",9
Lossy hyperspectral image compression on a reconfigurable and fault-tolerant fpga-based adaptive computing platform†,9
Black-Box Small-Signal Structure for Single-Phase and Three-Phase Electric Vehicle Battery Chargers,7
Driver monitoring for a driver-centered design and assessment of a merging assistance system based on V2V communications,9
Activity enhancement pathways in LaFeO3@TiO2 heterojunction photocatalysts for visible and solar light driven degradation of myclobutanil pesticide in water,6
Mitigation of the Stopping Power Effect on Proton-Boron11 Nuclear Fusion Chain Reactions,7
Phase equilibrium properties of CO2/CH4 mixed gas hydroquinone clathrates: Experimental data and model predictions,9
A Decentralized Solution for Transmission Expansion Planning: Getting Inspiration from Nature,7
Hierarchical clustering of bipartite data sets based on the statistical significance of coincidences,9
The CARMENES search for exoplanets around M dwarfs: A deep learning approach to determine fundamental parameters of target stars,9
Changes in noise levels in the city of Madrid during COVID-19 lockdown in 2020a),11
High PM10 concentrations in the city of Buenos Aires and their relationship with meteorological conditions,13
Driver Pattern Identification in Road Crashes in Spain,3
Robust control of a floating OWC WEC under open-switch fault condition in one or in both VSCs,9
Modeling and results of the dry cask simulator (DCS) with STAR-CCM,9
"Analysis of the Influence of Training and Feedback Based on Event Data Recorder Information to Improve Safety, Operational and Economic Performance of Road Freight Transport in Brazil",8
Identifying Risks for Better Project Management between Two Different Cultures: The Chinese and the Spanish,8
Hybrid Biocomposites Based on Poly(Lactic Acid) and Silica Aerogel for Food Packaging Applications,12
On the volatility of aromatic hydrocarbons in ionic liquids: Vapor-liquid equilibrium measurements and theoretical analysis,9
Application of a group contribution equation of state to model the phase behavior of mixtures containing alkanes and ionic liquids,9
Design Thinking for Urban Water Sustainability in Huelva's Households: Needfinding and Synthesis through Statistic Clustering,6
Finding the Links between Risk Management and Project Success: Evidence from International Development Projects in Colombia,8
An Integrated Approach and Tool Support for the Design of FPGA-Based Multi-Grain Reconfigurable Systems,9
New optimum distribution of lateral strength of shear-type buildings for uniform damage,9
Comparative Analysis of Energy and Exergy Performance of Hydrogen Production Methods,12
Optical Vapor Sensors Based on Periodic Resonant Nanopillar Structures,9
Identification of Local Structure in 2-D and 3-D Atomic Systems through Crystallographic Analysis,9
Nanocomposite Materials with Poly(l-lactic Acid) and Transition-Metal Dichalcogenide Nanosheets 2D-TMDCs WS2,9
Artificial Intelligence Aided Design of Microtextured Surfaces: Application to Controlling Wettability,9
Silane-Functionalized Sheep Wool Fibers from Dairy Industry Waste for the Development of Plasticized PLA Composites with Maleinized Linseed Oil for Injection-Molded Parts,12
Is It Time for a Revolution in Work-Life Balance? Reflections from Spain,8
Physical and Chemical Properties Characterization of 3D-Printed Substrates Loaded with Copper-Nickel Nanowires,9
A Sensor Fusion Method for Pose Estimation of C-Legged Robots,9
Direct Generation of High-Aspect-Ratio Structures of AISI 316L by Laser-Assisted Powder Deposition,9
The Path towards Evolutionary-Teal Organizations: A Relationship Trigger on Collaborative Platforms,8
AC/DC Current Sensor for Rotating Applications,9
Evaluation of the Circularity of Recycled PLA Filaments for 3D Printers,12
Quality of graphene on sapphire: long-range order from helium diffraction versus lattice defects from Raman spectroscopy,9
Influence of the substrate on the bulk properties of hybrid lead halide perovskite films,9
Treatment of winery wastewater by sulphate radicals: HSO5−/transition metal/UV-A LEDs,6
Disinfection of simulated and real winery wastewater using sulphate radicals: Peroxymonosulphate/transition metal/UV-A LED oxidation,6
Inactivation of pathogenic microorganisms in freshwater using HSO5−/UV-A LED and HSO5−/Mn+/UV-A LED oxidation processes,3
State of health in the European Union: A European Health Index,3
Integration of gas switching combustion and membrane reactors for exceeding 50% efficiency in flexible IGCC plants with near-zero CO2 emissions,7
Enhancing solar disinfection (SODIS) with the photo-Fenton or the Fe2+/peroxymonosulfate-activation process in large-scale plastic bottles leads to toxicologically safe drinking water,6
Freelancers in the software development process: A systematic mapping study,8
Fostering product innovations in software startups through freelancer supported requirement engineering,8
"Undershoot and order quantity probability distributions in periodic review, reorder point, order-up-to-level inventory systems with continuous demand",9
"Microstructure, mechanical properties, corrosion resistance and cytocompatibility of WE43 Mg alloy scaffolds fabricated by laser powder bed fusion for biomedical applications",9
Numerical study of water-glycerol BA-LIFT: Analysis and simulation of secondary effects,6
Fostering continuous value proposition innovation through freelancer involvement in software startups: Insights from multiple case studies,8
Efficient upper limb position estimation based on angular displacement sensors for wearable devices,3
A framework of global competence for engineers: The need for a sustainable world,12
Analysis of optical properties in particle curtains,9
Development of model-based laser irradiation customization strategies for optimized material phase transformations in the laser hardening of Cr-Mo steels,9
New business models from prescriptive maintenance strategies aligned with sustainable development goals,8
Dimensionally reduced nonlinear solids with general loads and constitutive laws: Theory and finite element formulation for rod-like bodies,9
Inferring the driver’s lane change intention through lidar-based environment analysis using convolutional neural networks,11
Transformer Oil Diagnosis Based on a Capacitive Sensor Frequency Response Analysis,9
New metallic damper with multiphase behavior for seismic protection of structures,9
Automatic resting tremor assessment in parkinson’s disease using smartwatches and multitask convolutional neural networks,3
Methodological approach of the iron and muscular damage: Female metabolism and menstrual cycle during exercise project (IronFEMME study),3
Embeddedness and Actors' Behaviors in Large-Scale Project Life Cycle: Lessons Learned from a High-Speed Rail Project in Spain,9
Design of Industrial Standards for the Calibration of Optical Microscopes,9
UV-A activation of peroxymonosulfate for the removal of micropollutants from secondary treated wastewater,6
Benefit Analysis of the 1st Spaish Air Pollution Control Programme on Health Impacts and Associated Externalities,3
Techno-Economic Optimization of CSP Plants with Free-Falling Particle Receivers,9
Optimization of an Industrial Sector Regulated by an International Treaty. The Case for Transportation of Perishable Foodstuff,12
Linear multi-vector model-based predictive control for grid side converters of renewable power plants under severe grid disturbances,7
Tracking Multilevel Power Supplies for Class-D Audio Amplifiers,9
Driver liability assessment in vehicle collisions in Spain,3
Application of homogenization approaches to the numerical analysis of seating made of multi-wall corrugated cardboard,9
Freelancing Models for Fostering Innovation and Problem Solving in Software Startups: An Empirical Comparative Study,8
Condition Monitoring of Industrial Electric Machines State of the Art and Future Challenges,9
Measurement of machinery safety level in the European market: Characterisation of the compliance within the scope of MD98/37/EC,3
Towards an Machine Learning-Based Edge Computing Oriented Monitoring System for the Desert Border Surveillance Use Case,9
Synergy effect between photocatalysis and heterogeneous photo-Fenton catalysis on Ti-doped LaFeO3 perovskite for high efficiency light-assisted water treatment,6
Seismic Response of RC Frames with a Soft First Story Retrofitted with Hysteretic Dampers under Near-Fault Earthquakes,9
Benefits of non-planar printing strategies towards eco-efficient 3d printing,12
Meta-heuristic optimisation approach for wave energy converter design by means of a stochastic hydrodynamic model,9
A Grid-Based Framework for Collective Perception in Autonomous Vehicles,9
Bioinspired antireflective flexible films with optimized mechanical resistance fabricated by roll to roll thermal nanoimprint,9
"Emerging behaviours from cyclical, incremental and uniform movements of hyper-redundant and growing robots",9
Dimensioning Methodology of an Energy Storage System Based on Supercapacitors for Grid Code Compliance of a Wave Power Plant,7
3D-LIDAR Based Object Detection and Tracking on the Edge of IoT for Railway Level Crossing,9
Uncertainty quantification and propagation with probability boxes,9
"Innovation management in consulting firms: Identifying innovation processes, capabilities and dimensions",8
The case of a southern European glacier which survived Roman and medieval warm periods but is disappearing under recent warming,13
Molten Salts for Sensible Thermal Energy Storage: A Review and an Energy Performance Analysis,7
Assessment of the Effects of the Spanish National Air Pollution Control Programme on Air Quality,13
An Intelligent Algorithm for Decision Making System and Control of the GEMMA Guide Paradigm Using the Fuzzy Petri Nets Approach,9
Sleep–wake cycle and eeg–based biomarkers during late neonate to adult transition,3
Cavitation bubble evidence in BA-LIFT processes,9
Seasonal changes dominate long-term variability of the urban air microbiome across space and time,11
High-throughput nanoindentation mapping of cast IN718 nickel-based superalloys: influence of the Nb concentration,9
An attack on Zawadzki’s quantum authentication scheme,9
Proposal of a Decoupled Structure of Fuzzy-PID Controllers Applied to the Position Control in a Planar CDPR,9
Barriers to grid-connected battery systems: Evidence from the Spanish electricity market,9
TiO2 and TiO2-carbon hybrid photocatalysts for diuron removal from water,6
UV-A light-assisted gas-phase formic acid decomposition on photo-thermo Ru/TiO2 catalyst,7
Technical evaluation of mechanical recycling of pla 3d printing wastes,12
Finding synergy between renewables and coal: Flexible power and hydrogen production from advanced IGCC plants with integrated CO2 capture,7
Characterization of MIPS in a suspension of repulsive active Brownian particles through dynamical features,9
Upgrading Recycled Polypropylene from Textile Wastes in Wood Plastic Composites with Short Hemp Fiber,12
Buckling of thermalized elastic sheets,9
Industry 4.0 Quantum Strategic Organizational Design Configurations. The Case of 3 Qubits: Two Report to One,8
C-Legged Hexapod Robot Design Guidelines Based on Energy Analysis,9
Entropy-driven heterogeneous crystallization of hard-sphere chains under unidimensional confinement,9
Quasi-Passive Resistive Exosuit for Space Activities: Proof of Concept,9
Internet of Things in the Railway Domain: Edge Sensing System Based on Solid-State LIDAR and Fuzzy Clustering for Virtual Coupling,9
Probabilistic assessment of the impact of electric vehicles and nonlinear loads on power quality in residential networks,7
A Survey on Robotic Technologies for Forest Firefighting: Applying Drone Swarms to Improve Firefighters' Efficiency and Safety,13
Connection System for Small and Medium-Size Wind Generators through the Integration in an MMC and NLC Modulation,7
"Films Based on Mater-Bi(R) Compatibilized with Pine Resin Derivatives: Optical, Barrier, and Disintegration Properties",9
Current Innovation Sources Driving The Spanish Electric Power Sector,7
Sustainability footprints of a renewable carbon transition for the petrochemical sector within planetary boundaries,12
From Goods to Services and from Linear to Circular: The Role of Servitization's Challenges and Drivers in the Shifting Process,9
Bilayer films of poly(epsilon-caprolactone) electrosprayed with gum rosin microspheres: Processing and characterization,12
High temperature in situ SEM assessment followed by ex situ AFM and EBSD investigation of the nucleation and early growth stages of Fe-Al intermetallics,9
Which nuclear data can be validated with LLNL pulsed-sphere experiments?,7
Numerical description of axisymmetric blue whirls over liquid-fuel pools,7
Neuronal circuits on a chip for biological network monitoring,3
Lesion 3D modeling in transcranial MR-guided focused ultrasound thalamotomy,3
A set of practical experiments to validate the fuzzy Kalman filter,9
Post Covid-19 water and waste water management to protect public health and geoenvironment,3
Generation of a Simplified Three-Dimensional Skin-on-a-chip Model in a Micromachined Microfluidic Platform,3
Thermal Resistance Matrix Extraction from Finite-Element Analysis for High-Frequency Magnetic Components,9
First radiative shock experiments on the SG-II laser,9
On the importance of target accuracy assessments and data assimilation for the co-development of nuclear data and fast reactors: MYRRHA and ESFR,7
Estimation of the noise emissions generated by a single vehicle while driving,11
Assessment of the Results and Methodology of the Sustainable Development Index for Spanish Cities,11
VIBRATION REDUCTION ON OVERHEAD CONTACT RAILS: A SIMULATION-OPTIMIZATION APPROACH,9
Merit-Based Motion Planning for Autonomous Vehicles in Urban Scenarios,11
Gum Rosin as a Size Control Agent of Poly(Butylene Adipate-Co-Terephthalate) (PBAT) Domains to Increase the Toughness of Packaging Formulations Based on Polylactic Acid (PLA),12
Effect of Yerba Mate and Silk Fibroin Nanoparticles on the Migration Properties in Ethanolic Food Simulants and Composting Disintegrability of Recycled PLA Nanocomposites,12
A comprehensive comparison of various patient-specific CFD models of the left atrium for atrial fibrillation patients,3
Spectral Transformations and Associated Linear Functionals of the First Kind,9
Films Based on Thermoplastic Starch Blended with Pine Resin Derivatives for Food Packaging,12
Nonlinear control strategies for an autonomous wing-in-ground-effect vehicle,9
A new microfluidic method enabling the generation of multi-layered tissues-on-chips using skin cells as a proof of concept,3
The Potential of Gas Switching Partial Oxidation Using Advanced Oxygen Carriers for Efficient H-2 Production with Inherent CO2 Capture,7
High throughput optimization of hard and tough TiN/Ni nanocomposite coatings by reactive magnetron sputter deposition,9
"Developing an Optical Interferometric Detection Method based biosensor for detecting specific SARS-CoV-2 immunoglobulins in Serum and Saliva, and their corresponding ELISA correlation",3
"Deformation mechanisms of basal slip, twinning and non-basal slips in Mg-Y alloy by micropillar compression",9
Ionic conductivity of Li2O-P2O5 glasses from thermodynamic modeling of their chemical structure,9
Photonic sensor systems for the identification of hydrocarbons and crude oils in static and flow conditions,9
LIFT front-contact metallization of silicon solar cells,7
Diagnosis of NSM FRP reinforcement in concrete by using mixed-effects models and EMI approaches,9
Nonlinear Stability Analysis of DC-DC Power Electronic Systems by Means of Switching Equivalent Models,9
Nanocomposite Materials Based on TMDCs WS2 Modified Poly(l-Lactic Acid)/Poly(Vinylidene Fluoride) Polymer Blends,9
Supercritical CO2 Binary Mixtures for Recompression Brayton s-CO2 Power Cycles Coupled to Solar Thermal Energy Plants,7
Instantaneous Specific Protection Method Against Faulty Synchronizations of Synchronous Machines,9
A New Thermal-Solar Field Configuration: The Rotatory Fresnel Collector or Sundial,7
An analytical method for measuring competence in project management.,8
Using the Project Based Learning (PBL) Methodology to Assure a Holistic and Experiential Learning on a Master's Degree on Technology for Human Development and Cooperation,4
Analysis of crash injury severity on two trans-European transport network corridors in Spain using discrete-choice models and random forests,3
Rapeseed meal valorization strategies via nitrogen- and oxygen-limited production of polyhydroxyalkanoates with Pseudomonas putida,12
"Interface quality of Sc2O3 and Gd2O3 films based metal-insulator-silicon structures using Al, Pt, and Ti gates: Effect of buffer layers and scavenging electrodes",9
Dynamics of entangled polymers subjected to reptation and drift,9
"Numerical investigation of the effects of compressibility on the flutter of a three-dimensional, cantilevered plate in an inviscid, subsonic, open flow",9
Design of Inductive Power Transfer System With a Behavior of Voltage Source in Open-Loop Considering Wide Mutual Inductance Variation,9
Modeling of blood clot removal with aspiration Thrombectomy devices,3
Thrombectomy aspiration device geometry optimization for removal of blood clots in cerebral vessels,3
Near-limit H2-O2-N2 combustion in nonpremixed counterflow mixing layers,9
Elemental Crack Advance assessment and verification for its use in LBB analysis,9
Fast Model-based Predictive Control (FMPC) for grid connected Modular Multilevel Converters (MMC),9
Pyrolysis effects during high-temperature vaporization of alkane droplets,9
Circular business models generation for automobile remanufacturing industry in China Barriers and opportunities,12
Thermodynamic analysis of multi-heating cycles working around the critical point,9
Selective reduction of nitrate to N2 using ilmenite as a low cost photo-catalyst,9
Experimental assessment of quality in injection parts using a fuzzy system with adaptive membership functions,9
Analysis by Monte Carlo methods of the response of an extended-range Bonner Sphere Spectrometer,3
Photocatalytic degradation of an agro-industrial wastewater model compound using a UV LEDs system: kinetic study,6
Conceptual design of a ceramic breeding blanket for laser fusion power plants with online tunable tritium breeding ratio based on a variable neutron reflector: Remarkable no need of isotopic enrichment,7
Ionic liquids as entrainers for the separation of aromatic–aliphatic hydrocarbon mixtures by extractive distillation,9
"EMcLAW: An unsplit Godunov method for Maxwell ’s equations including polarization, metals, divergence control and AMR",9
Comparison of neutron and secondary gamma dose assessment using polygon mesh and voxel computational phantoms,9
Microbiological quality of sewage sludge after digestion treatment: A pilot scale case of study,6
Grammatically uniform population initialization for grammar-guided genetic programming,9
Individual and combined effects of introducing DLC coating and textured surfaces in lubricated contacts,9
Life cycle assessment as a decision-making tool for the design of urban solid waste pre-collection and collection/transport systems,11
Improving the feeder shoe design of an eccentric tablet press machine,8
An enhanced whole-body vibration emission index for railway vehicles,9
Temperature dependence of superparamagnetism in CoFe2O4 nanoparticles and CoFe2O4/SiO2 nanocomposites,9
Magnetic CoFe2O4 ferrite for peroxymonosulfate activation for disinfection of wastewater,6
The Differential Vertical Distribution of the Airborne Biological Particles Reveals an Atmospheric Reservoir of Microbial Pathogens and Aeroallergens,3
Application of a fuzzy-logic based model for risk assessment in additive manufacturing R&D projects,9
Supercritical carbon dioxide cycles with multi-heating in Concentrating Solar Power plants,7
Generation of fission yield covariances to correct discrepancies in the nuclear data libraries,7
Green Solvent Selection Guide for Biobased Organic Acid Recovery,12
The pioneers' legacy of inertial confinement nuclear fusion,7
Auxetic tissue engineering scaffolds with nanometric features and resonances in the megahertz range,3
The fuzzy Kalman filter: Improving its implementation by reformulating uncertainty representation,9
Switch Fault Tolerant Model-based Predictive Control (MPC) of a VSC Connected to the Grid,7
Dryout study of a helical coil once-through steam generator integrated in a thermal storage prototype,9
NOx removal efficiency of urban photocatalytic pavements at pilot scale,11
Characterization and analysis of a novel structural SOI piezoresistive pressure sensor with high sensitivity and linearity,9
Aerodynamic drag optimization of a high-speed train,9
Applying the strategic prospective approach to project management in a development project in Colombia,8
Overview of neoteric solvents as extractants in food industry: A focus on phenolic compounds separation from liquid streams,12
Early fault detection of single-point rub in gas turbines with accelerometers on the casing based on continuous wavelet transform,9
Development of experimental irradiation strategies to evaluate the robustness of TODGA and water-soluble BTP extraction systems for advanced nuclear fuel recycling,12
A second-generation URANS model (STRUCT-ε) applied to simplified freight trains,9
Exploring the perceived benefits of self-produced videos for developing oracy skills in digital media environments,4
Hydrophobic eutectic solvents for extraction of natural phenolic antioxidants from winery wastewater,12
"Tunnel Ventilation Analysis Using a Probabilistic Approach: Case Study, Fire in Road Tunnels with Longitudinal Ventilation",9
A nearly-conservative high-order Lagrange–Galerkin method for the resolution of scalar convection-dominated equations in non-divergence-free velocity fields,9
Influence of exhaust gas temperature and air-fuel ratio on NOₓ aftertreatment performance of five large passenger cars,13
Optimization of continuous sensor placement for modal analysis: Application to an optical backscatter reflectometry strain sensor,7
Promising Thiolanium Ionic Liquid for Extraction of Aromatics from Aliphatics: Experiments and Modeling,9
Optimum energy based seismic design of friction dampers in RC structures,9
"Measurement and assessment of power quality characteristics for photovoltaic systems: Harmonics, flicker, unbalance, and slow voltage variations",7
A new optical interferometric-based in vitro detection system for the specific IgE detection in serum of the main peach allergen,3
Study on the thermal stability of stabilized and unstabilized low-density polyethylene films,9
"Experimental characterization of FANT, a new thermal neutron source",7
Improvement of the accuracy of nonlinear rotordynamic models by means of the use of non-white fluid-induced signal noise,9
"Opportunities in airport pavement management: Integration of BIM, the IoT and DLT",9
Main challenges during project planning when working with virtual teams,8
Estimates of pedestrian exposure to atmospheric pollution using high-resolution modelling in a real traffic hot-spot,3
Control Design of a Single-Phase Inverter Operating With Multiple Modulation Strategies and Variable Switching Frequency,9
"Distribution of airborne pollen, fungi and bacteria at four altitudes using high-throughput DNA sequencing",3
Molecular dynamics simulations of freezing-point depression of TIP4P/2005 water in solution with NaCl,9
Visualization and machine learning analysis of complex networks in hyperspherical space,9
Sigmoidal Approximations of a Nonautonomous Neural Network with Infinite Delay and Heaviside Function,9
Engineering Education 5.0: Continuously Evolving Engineering Education,4
"Artificial Intelligence Aided Engineering Education: State of the Art, Potentials and Challenges",4
Predicting the Olea pollen concentration with a machine learning algorithm ensemble,11
System Linearity-Based Characterization of High-Frequency Multilevel DC-DC Converters for S-Band EER Transmitters,9
A virtual lab as a complement to traditional hands-on labs: Characterization of an alkaline electrolyzer for hydrogen production,4
"Solubility, density and excess molar volume of binary mixtures of aromatic compounds and common ionic liquids at T=283.15K and atmospheric pressure",9
Use of selective ionic liquids and ionic liquid/salt mixtures as entrainer in a (vapor plus liquid) system to separate n-heptane from toluene,9
Effect of the relative humidity and isomeric structure on the physical properties of pyridinium based-ionic liquids,9
Dearomatization of pyrolysis gasolines from mild and severe cracking by liquid-liquid extraction using a binary mixture of [4empy][Tf2N] and [emim][DCA] ionic liquids,9
Separation of BTEX from a naphtha feed to ethylene crackers using a binary mixture of [4empy][Tf2N] and [emim][DCA] ionic liquids,9
Vapor-Liquid Equilibria of n-Heptane + Toluene+1-Ethyl-4-methylpyridinium Bis(trifluoromethylsulfonyl)imide Ionic Liquid,9
Selective recovery of aliphatics from aromatics in the presence of the {[4empy][Tf2N] + [emim][DCA]} ionic liquid mixture,9
Vapor-liquid equilibria of {n-heptane plus toluene plus [emim][DCA]} system by headspace gas chromatography,9
Deepening of the Role of Cation Substituents on the Extractive Ability of Pyridinium Ionic Liquids of N-Compounds from Fuels,7
Extractive denitrogenation of model oils with tetraalkyl substituted pyridinium based ionic liquids,7
Exploring the perceived benefits and drawbacks of using multimodal learning objects in pre-service English teacher inverted instruction,4
Oxidation Mechanisms of Copper under Graphene: The Role of Oxygen Encapsulation,9
Efficient Heterostructures for Combined Interference and Plasmon Resonance Raman Amplification,9
Aqueous and non-aqueous Li+/H+ ion exchange in Li-0.44/La0.52TiO3 perovskite,9
Graphene-ultrasmall silver nanoparticle interactions and their effect on electronic transport and Raman enhancement,9
Interference enhanced Raman effect in graphene bubbles,9
"An efficient finite differences method for the computation of compressible, subsonic, unsteady flows past airfoils and panels",9
Oxidation of winery wastewater by sulphate radicals: catalytic and solar photocatalytic activations,12
Photocatalytic activation of sulfite using Fe(II) and Fe(III) for Enterococcus sp. Inactivation in urban wastewater,6
Modular micro-trigeneration system for a novel rotatory solar Fresnel collector: A design space analysis,7
"Effects of passenger load, road grade, and congestion level on real-world fuel consumption and emissions from compressed natural gas and diesel urban buses",13
Assessment and statistical modelling of airborne microorganisms in Madrid,11
Nanoindentation of Amorphous Carbon: a combined experimental and simulation approach,9
Evaluation of B-ZnO on photocatalytic inactivation of Escherichia coli and Enterococcus sp,6
AP1000 IRWST numerical analysis with GOTHIC,7
Boundary-Condition Analysis of an Idealized Left Atrium Model,3
"A nearly-conservative, high-order, forward Lagrange–Galerkin method for the resolution of scalar hyperbolic conservation laws",9
Challenges in quantification of photocatalytic NO2 abatement effectiveness under real world exposure conditions illustrated by a case study,3
Influence of the Slope and Delay on Passenger Evacuation from a Fire Along a Railway Tunnel with Natural Ventilation,3
Remote handling maintenance of beam dump in IFMIF-DONES,9
Longitudinal plasma cytokine concentrations and recurrent wheezing after RSV bronchiolitis,3
Strategy and algorithms for the parallel solution of the nearest neighborhood problem in shared-memory processors,9
Stress-induced alpha '' martensitic phase transformation and martensitic twinning in a metastable beta titanium alloy,9
Separation of low molecular weight alcohols from water with deep eutectic solvents: Liquid-liquid equilibria and process simulations,9
Neutron dosimetry and shielding verification in commissioning of Compact Proton Therapy Centers (CPTC) using MCNP6.2 Monte Carlo code,3
"Cross-Border interoperability for Cooperative, Connected and Automated Driving",9
Exploring critical and visual literacy needs in digital learning environments: The use of memes in the EFL/ESL university classroom,4
A Machine-Learning-Based Distributed System for Fault Diagnosis with Scalable Detection Quality in Industrial IoT,9
What antecedent attitudes motivate actors to commit to the ecosystem of digital social innovation?,9
"Examining the Empirical Links Between Digital Social Pressure, Personality, Psychological Distress, Social Support, Users' Residential Living Conditions, and Smartphone Addiction",3
Academic Effects of a Mixed Teaching Methodology Versus a Teacher-Centered Methodology and Approaches to Learning,4
Sensitivity analysis of loss resistances variations of PV generators applied to the assessment of maximum power point changes due to degradation,9
Efficiency evaluation of closed and open cycle pure refrigerant cascade natural gas liquefaction process through exergy analysis,7
Fabrication and Power Test of the Second MCBXFB Nested Orbit Corrector Prototype for HL-LHC,9
Sustainable Recovery of High Added-Value Vanilla Compounds from Wastewater Using Green Solvents,12
1 eV GaAsSbN–based solar cells for efficient multi-junction design: Enhanced solar cell performance upon annealing,7
Strategies for Continuously Improving the Professional Development and Practice of Engineering Educators,8
Radiolytic degradation of sulphonated BTP and acetohydroxamic acid under EURO-GANEX process conditions,12
A Wireless Power Transfer System with Inverse Coupled Current Doubler Rectifier for High Output Current Applications,7
Ground Fault Detection Method for Variable Speed Drives,9
Analytical prediction of Reynolds-number effects on miniaturized centrifugal compressors under off-design conditions,9
Numerical modeling of plasma formation in skin tissues induced by nanosecond pulsed laser,9
Investigating the Gap Between Engineering Graduates and Practicing Project Managers,4
Building world class universities through innovative teaching governance,4
"Modified VIENNA Rectifier III to Achieve ZVS in All Transitions: Analysis, Design and Validation",9
Carbon fiber/microlattice 3D hybrid architecture as multi-scale scaffold for tissue engineering,3
"Electrochemical activation of peroxides for treatment of contaminated water with landfill leachate: Efficacy, toxicity and biodegradability evaluation",6
A meta-analysis of the scientific literature on (photo) Fenton and persulfate advanced oxidation processes: Where do we stand and where are we heading to?,9
Green solvent screening using modeling and simulation,12
On the use of criticality and depletion benchmarks for verification of nuclear data,7
Modeling and simulation of the efficient separation of methane/nitrogen mixtures with [Ni3(HCOO)6] MOF by PSA,9
The effect of process improvement practices on manufacturing competitiveness of apparel factories,9
Limiting genotype frequencies of Y-linked genes with a mutant allele in a two-sex population,3
Bayesian Inference in Y-Linked Two-Sex Branching Processes with Mutations: ABC Approach,3
Polymer Optical Fiber-Embedded Force Sensor System for Assistive Devices With Dynamic Compensation,9
Accelerated disintegration of compostable Ecovio polymer by using ZnO particles as filler,12
Road Safety as a Public Health Problem: Case of Ecuador in the Period 2000-2019,11
Effect of n-butanol/diesel blends on performance and emissions of a heavy-duty diesel engine tested under the World Harmonised Steady-State cycle,7
Analytical winding power loss calculation in gapped magnetic components,9
The effect of WS2 nanosheets on the non-isothermal cold-and melt-crystallization kinetics of poly(L-lactic acid) nanocomposites,9
Practical applications using multi-UAV systems and aerial robotic swarms,9
Bearing severity fault evaluation using contour maps—case study,9
Application of Heterogeneous Computing Techniques for the Development of an Image-Based Hot Spot Detection System using MTCA,9
Performance of Linear Mixed Models to Assess the Effect of Sustained Loading and Variable Temperature on Concrete Beams Strengthened with NSM-FRP,9
Detection of Field Winding Faults in Synchronous Motors via Analysis of Transient Stray Fluxes and Currents,9
Quantum JIDOKA. Integration of Quantum Simulation on a CNC Machine for In-Process Control Visualization,9
Configurable High-Frequency Alternating Magnetic Field Generator for Nanomedical Magnetic Hyperthermia Applications,9
"Biodegradable Implantable Sensors: Materials Design, Fabrication, and Applications",3
Improvement of an additively manufactured subperiosteal implant structure design by finite elements based topological optimization,3
Geometric Deep Lean Learning: Evaluation Using a Twitter Social Network,9
Automatic design of quantum feature maps,9
Organisational Innovation in Bureaucracies: An Impossible Mission?,8
PLA Electrospun Fibers Reinforced with Organic and Inorganic Nanoparticles: A Comparative Study,9
A Soft Haptic Glove Actuated with Shape Memory Alloy and Flexible Stretch Sensors,9
Analysis and Prediction of Vehicle Kilometers Traveled: A Case Study in Spain,11
Irradiance-Controlled Photoassisted Synthesis of Sub-Nanometre Sized Ruthenium Nanoparticles as Co-Catalyst for TiO2 in Photocatalytic Reactions,9
Estimation of Torso Vibrotactile Thresholds Using Eccentric Rotating Mass Motors,3
Biopolymer Nanocomposite Materials Based on Poly(L-lactic Acid) and Inorganic Fullerene-like WS2 Nanoparticles,9
Analysis of the Impact of Sustained Load and Temperature on the Performance of the Electromechanical Impedance Technique through Multilevel Machine Learning and FBG Sensors,9
Luces nuevas experience lighting rural bolivia: A way to reach sdg 7,7
"Spontaneous NaCl-doped ices I-h, I-c, III, V and VI. Understanding the mechanism of ion inclusion and its dependence on the crystalline structure of ice",9
On Sobolev bilinear forms and polynomial solutions of second-order differential equations,9
Carbon-negative hydrogen: Exploring the techno-economic potential of biomass co-gasification with CO2 capture,7
Interaction-Aware Intention Estimation at Roundabouts,9
Human-Machine Integration in Processes within Industry 4.0 Management,9
Artificial Intelligence Aided Design of Tissue Engineering Scaffolds Employing Virtual Tomography and 3D Convolutional Neural Networks,9
Sustained Loading Bond Response and Post-Sustained Loading Behaviour of NSM CFRP-Concrete Elements under Different Service Temperatures,9
Estimation of pollutant emissions in real driving conditions based on data from OBD and machine learning,11
Modeling maximum fuel temperature in dry storage: From the CFD analysis to the engineering approach,9
A Massively Parallel Hybrid Finite Volume/Finite Element Scheme for Computational Fluid Dynamics,9
Techno-Economic Assessment of IGCC Power Plants Using Gas Switching Technology to Minimize the Energy Penalty of CO2 Capture,7
Dual multivector model predictive control for the power converters of a floating OWC WEC,9
Ensemble of convolutional neural networks based on an evolutionary algorithm applied to an industrial welding process,9
Ground Segmentation Algorithm for Sloped Terrain and Sparse LiDAR Point Cloud,9
Probabilistic assessment of the influence of transformer rating on power quality indices in future residential networks,11
WPEC Subgroup 44 computational Inter-comparison exercise on correlations in nuclear data libraries,7
Effect of the passive natural ventilation on the bioaerosol in a small room,3
Energy dissipation capacity for waffle-flat-plate structures subjected to bi-directional seismic loadings,9
Carbon-Based Materials for Articular Tissue Engineering: From Innovative Scaffolding Materials toward Engineered Living Carbon,3
Multi-grain reconfigurable and scalable overlays for hardware accelerator composition,9
Decay heat characterization for the European sodium fast reactor,7
Cauchy data space and multisymplectic formulation of conformal classical field theories,9
An IMUs-Based Extended Kalman Filter to Estimate Gait Lower Limb Sagittal Kinematics for the Control of Wearable Robotic Devices,3
Influence of the Gap between Substrates in the Laser-Induced Transference of High-Viscosity Pastes,9
Deposition of gum rosin microspheres on polypropylene microfibres used in face masks to enhance their hydrophobic behaviour,9
Enhancing the Accuracy of Linear Finite Element Models of Vehicle Structures Considering Spot-Welded Flanges,9
Behavior-Based Control Architecture for Legged-and-Climber Robots,9
Omnichannel retailing: a tale of three sectors,9
Study of the Photocatalytic Activity of TiO2 and Fe2+ in the Activation of Peroxymonosulfate,6
Condition-Based Maintenance for Normal Behaviour Characterisation of Railway Car-Body Acceleration Applying Neural Networks,9
CONTINUOUS AND DISCRETE NOETHER'S FRACTIONAL CONSERVED QUANTITIES FOR RESTRICTED CALCULUS OF VARIATIONS,9
Autonomous Thermal Vision Robotic System for Victims Recognition in Search and Rescue Missions,3
3D multi-scale modelling of plasma-based seeded soft X-ray lasers,9
A Simplified Approach for Evaluating the Flexural Response of Concrete Beams Reinforced With FRP Bars,9
Assessment of Global Competence of Engineers for a Sustainable World. Evidence from TA VIE Project,4
Natural Fluorite from Orgiva Deposit (Spain). A Study of Its Pozzolanic and Mechanical Properties,9
Validation of a Hybrid Exoskeleton for Upper Limb Rehabilitation. A Preliminary Study,3
Simu-D: A Simulator-Descriptor Suite for Polymer-Based Systems under Extreme Conditions,9
Efficient Design of Thin Wall Seating Made of a Single Piece of Heavy-Duty Corrugated Cardboard,9
Homogeneous nucleation of NaCl in supersaturated solutions,9
MBioTracker: Multimodal Self-Aware Bio-Monitoring Wearable System for Online Workload Detection,3
RNA modulation of transport properties and stability in phase-separated condensates,3
Interface Engineering in Perovskite Solar Cells by Low Concentration of Phenylethyl Ammonium Iodide Solution in the Antisolvent Step,7
Materials degradation in non-thermal plasma generators by corona discharge,9
Procedure for the Determination of the Student Workload and the Learning Environment Created in the Power Electronics Course Taught Through Project-Based Learning,4
Avoided Mortality Associated with Improved Air Quality from an Increase in Renewable Energy in the Spanish Transport Sector: Use of Biofuels and the Adoption of the Electric Car,3
Efficient Chemical Surface Modification Protocol on SiO2 Transducers Applied to MMP9 Biosensing,3
"Smartphone Addiction, Social Support, and Cybercrime Victimization: A Discrete Survival and Growth Mixture Model",3
Enhancing Magnetic Hyperthermia Nanoparticle Heating Efficiency with Non-Sinusoidal Alternating Magnetic Field Waveforms,9
Equivalent cyclic polygon of a euclidean travelling salesman problem tour and modified formulation,9
A Simulation Study of a Planar Cable-Driven Parallel Robot to Transport Supplies for Patients with Contagious Diseases in Health Care Centers,3
Evaluation of the ESFR End of Equilibrium Cycle State: Spatial Distributions of Reactivity Coefficients,9
Superphenix Benchmark Part I: Results of Static Neutronics,9
Improving the Flexibility of Production Scheduling in Flat Steel Production Through Standard and AI-Based Approaches: Challenges and Perspectives,9
Dichotomic Decision Optimization for the Design of HVDC Superconducting Links,9
Development and Evaluation of BenchBalance: A System for Benchmarking Balance Capabilities of Wearable Robots and Their Users,9
"Experimental determination of dissociation temperatures and enthalpies of methane, ethane and carbon dioxide hydrates up to 90 MPa by using a multicycle calorimetric procedure",9
A new design of multi-tube receiver for Fresnel technology to increase the thermal performance,7
Inter-organisational collaboration and knowledge-work: a contingency framework and evidence from a megaproject in Spain,8
Direct observation of hydrogen permeation through grain boundaries in tungsten,9
The methodology of the Logical Framework with a Risk Management Approach to Improve the Sustainability in the International Development Projects,12
Why am I learning English? Spanish EFL sports science university students acute accent motivational orientations through the prism of the L2 motivational self system,4
Self and Mutual Inductance Behavioral Modeling of Square-Shaped IPT Coils With Air Gap and Ferrite Core Plates,9
Gas switching technology: Economic attractiveness for chemical looping applications and scale up experience to 50 kWth,7
"Influence of wavelength and pulse duration on the selective laser ablation of WOx, VOx and MoOx thin films.",7
Reduction of GNSS-Denied inertial navigation errors for fixed wing autonomous unmanned air vehicles,9
Improvement of quantum approximate optimization algorithm for max–cut problems,9
Coexistence of a self-interstitial atom with light impurities in a tungsten grain boundary,9
Innovative Design Methodology for Patient-Specific Short Femoral Stems,3
Investigation of the Presence Volatile Organic Compounds (BTEX) in the Ambient Air and Biogases Produced by a Shiraz Landfill in Southern Iran,3
Success Factors in Management of Development Projects,8
Influence of Bond Characterization on Load-Mean Strain and Tension Stiffening Behavior of Concrete Elements Reinforced with Embedded FRP Reinforcement,9
Assessment of machine learning algorithm-based grading of Populus x euramericana I-214 structural sawn timber,9
Power Ramp-Rate Control via power regulation for storageless grid-connected photovoltaic systems,7
"Perception, Positioning and Decision-Making Algorithms Adaptation for an Autonomous Valet Parking System Based on Infrastructure Reference Points Using One Single LiDAR",11
Techno-economic assessment of blue and green ammonia as energy carriers in a low-carbon future,7
"Influence of curing, post-curing and testing temperatures on mechanical properties of a structural adhesive",9
Locational Marginal Price Forecasting Using SVR-Based Multi-Output Regression in Electricity Markets,7
Be good and look good: Communicating the triple bottom line through corporate websites,8
"Effect of pine resin derivatives on the structural, thermal, and mechanical properties of Mater-Bi type bioplastic",12
WILD HOPPER Prototype for Forest Firefighting,9
Anisotropy effect of bioinspired ceramic/ceramic composites: Can the platelet orientation enhance the mechanical properties at micro- and submicrometric length scale?,9
Social Media and Open Data to Quantify the Effects of Noise on Health,3
Understanding the links between the composition-processing-properties in new formulations of heas sintered by sps,9
"Solid solution and precipitation strengthening effects in basal slip, extension twinning and pyramidal slip in Mg-Zn alloys",9
Effect of alloying and microstructure on formability of advanced high-strength steels processed via quenching and partitioning,9
Upgrading the Power Capacity of a Three-Conductor MVAC Line by Converting to DC,9
Selective Metal Ion Irradiation Using Bipolar HIPIMS: A New Route to Tailor Film Nanostructure and the Resulting Mechanical Properties,9
"Investigation of diesel/n-butanol blends as drop-in fuel for heavy-duty diesel engines: Combustion, performance, and emissions",7
Optimisation of Maintenance Policies Based on Right-Censored Failure Data Using a Semi-Markovian Approach,9
New Label-Free Biosensing for the Evaluation of the AX-024 Inhibitor: Case Study for the Development of New Drugs in Autoimmune Diseases,3
Theoretical–experimental study of the bending behavior of thin-walled rectangular tubes,9
Systemic Integrated Unmanned Aerial System,9
Pine Resin Derivatives as Sustainable Additives to Improve the Mechanical and Thermal Properties of Injected Moulded Thermoplastic Starch,12
A Deeper Microscopic Study of the Interaction between Gum Rosin Derivatives and a Mater-Bi Type Bioplastic,12
Electrospinning of PCL-Based Blends: Processing Optimization for Their Scalable Production,9
Organic and Inorganic PCL-Based Electrospun Fibers,9
Cucumis metuliferusFruit Extract Loaded Acetate Cellulose Coatings for Antioxidant Active Packaging,12
Effect of Pristine Graphene on Methylammonium Lead Iodide Films and Implications on Solar Cell Performance,7
Free-form rapid prototyped porous PDMS scaffolds incorporating growth factors promote chondrogenesis,3
Validation of point-of-care device for rapid detection of urinary tract infection and antibiotic susceptibility,3
"Modelling, additive layer manufacturing and testing of interlocking structures for joined components",9
Phase diagram of the NaCl-water system from computer simulations,6
"Nitrate in Groundwater Resources of Hormozgan Province, Southern Iran: Concentration Estimation, Distribution and Probabilistic Health Risk Assessment Using Monte Carlo Simulation",6
Assessment of Different Envelope Configurations via Optimization Analysis and Thermal Performance Indicators: A Case Study in a Tropical Climate,13
"Auxetic Metamaterials for Biomedical Devices: Current Situation, Main Challenges, and Research Trends",3
Electrical energy storage using a supercritical CO2 heat pump,7
Digital twins that learn and correct themselves,9
Structure-preserving neural networks,9
Empowering advanced driver-assistance systems from topological data analysis,9
Deep learning of thermodynamics-aware reduced-order models from data,9
Environmental performance of four different heavy-duty propulsion technologies using Life Cycle Assessment,13
MORPH-DSLAM: Model Order Reduction for PHysics-based Deformable SLAM,9
Incremental state model in predictive control: A new fuzzy control proposal for nonlinear systems,9
Quantum private broadcasting,9
Efficacy of Sound Therapy for Tinnitus Using an Enriched Acoustic Environment with Hearing-Loss Matched Broadband Noise,3
Low-Carbon Economy in Schools: Environmental Footprint and Associated Externalities of Five Schools in Southwestern Europe,4
Long-term behavior of nonautonomous neutral compartmental systems,9
Exploring the Influence of Culture in the Present and Future of Multicultural Organizations: Comparing the Case of Spain and Latin America,8
Alternative Brain Slice-on-a-Chip for Organotypic Culture and Effective Fluorescence Injection Testing,3
Decoupled photovoltaic power ramp-rate calculation method for perturb and observe algorithms,7
Metallicities in M dwarfs: Investigating different determination techniques,9
Study of the properties of a biodegradable polymer filled with different wood flour particles,12
Effects of Steam Heat and Dry Heat Sterilization Processes on 3D Printed Commercial Polymers Printed by Fused Deposition Modeling,9
Unexpected performance of systematically derived one-step chemistry in describing rich hydrogen-air pulsating flames,9
Computer-based business games in higher education: A proposal of a gamified learning framework,4
Droop-inspired Nonlinear Control of a DC Microgrid for Integration of Electrical Mobility providing Ancillary Services to the AC Main Grid,9
Estimation of Harmonics in Partly Monitored Residential Distribution Networks with Unknown Parameters and Topology,7
Breakthrough at the NIF paves the way to inertial fusion energy,7
Improvement of PBAT Processability and Mechanical Performance by Blending with Pine Resin Derivatives for Injection Moulding Rigid Packaging with Enhanced Hydrophobicity,12
Ti-Modified LaFeO3/β-SiC Alveolar Foams as Immobilized Dual Catalysts with Combined Photo-Fenton and Photocatalytic Activity,9
Analysis of emissions-driven changes in the oxidation capacity of the atmosphere in Europe,13
Intrinsic structure perspective for MIPS interfaces in two-dimensional systems of active Brownian particles,9
Fast Multi-UAV Path Planning for Optimal Area Coverage in Aerial Sensing Applications,9
Effect of the water matrix and reactor configuration on Enterococcus sp. inactivation by UV-A activated PMS or H2O2,6
"Key Concepts, Weakness and Benchmark on Hash Table Data Structures",9
Morphing the left atrium geometry: A deeper insight into blood stasis within the left atrial appendage,3
Analysis of the NTRU Post-Quantum Cryptographic Scheme in Constrained IoT Edge Devices,9
Mixing and localization in random time-periodic quantum circuits of Clifford unitaries,9
Economic Evaluation of Implementation of Power-to-Gas: Application to the Case of Spain,7
Determination of Rate-Dependent Properties in Cohesive Frictional Materials by Instrumented Indentation,9
Taxonomy for engineered living materials,12
Development of a gamma irradiation loop to evaluate the performance of a EURO-GANEX process,9
Do or Die? The Effects of COVID-19 on Channel Integration and Digital Transformation of Large Clothing and Apparel Retailers in Spain,9
Thermal and Voltage-Aware Performance Management of 3D MPSoCs with Flow Cell Arrays and Integrated SC Converters,9
"Biomedical engineering in low- and middle-income settings: analysis of current state, challenges and best practices",3
Dynamical anomalies and structural features of active Brownian particles characterized by two repulsive length scales,9
Systematic Evaluation of Photovoltaic MPPT Algorithms Using State-Space Models Under Different Dynamic Test Procedures,7
Indoor-outdoor pollutant concentration modelling: a comprehensive urban air quality and exposure assessment,11
Estimation of the Output Characteristic of a Photovoltaic Generator under Power Curtailment and Considering Converter Losses,9
Soda-lime glass as biocompatible material to fabricate capillary-model devices by laser technologies,3
A Machine Learning Strategy for Race-Tracking Detection During Manufacturing of Composites by Liquid Moulding,9
Assessment of bio-ionic liquids as promising solvents in industrial separation processes: Computational screening using COSMO-RS method,9
A Bottom-up model for simulating residential harmonic injections,7
An institutional perspective in the industry 4.0 scenario: A systematic literature review,9
Assessment of Air Quality and Meteorological Changes Induced by Future Vegetation in Madrid,11
Associated orthogonal polynomials of the first kind and Darboux transformations,9
Improved Estimation of End-Milling Parameters from Acoustic Emission Signals Using a Microphone Array Assisted by AI Modelling,9
Making Green Work: Implementation Strategies in a New Generation of Urban Forests,11
Quantum cyber-physical systems,9
"Mathematical Modeling and Designing a Heavy Hybrid-Electric Quadcopter, Controlled by Flaps",9
Green supported liquid membranes: The permeability activity-based linear operation (PABLO) method,9
Development of tri-layer antioxidant packaging systems based on recycled PLA/sodium caseinate/recycled PLA reinforced with lignocellulosic nanoparticles extracted from yerba mate waste,12
Picosecond Laser Shock Micro-Forming of Stainless Steel: Influence of High-Repetition Pulses on Thermal Effects,9
"Spirulina-based carbon bio-sorbent for the efficient removal of metoprolol, diclofenac and other micropollutants from wastewater",6
Techno-economic assessment of long-term methanol production from natural gas and renewables,7
Exploring the possibilities for deliberately cultivating more effective ecologies of intermediation,13
Identification of the Mechanical Failure Factors with Potential Influencing Road Accidents in Ecuador,3
True Reduction in the Air Pollution Levels in the Community of Madrid During the COVID-19 Lockdown,13
Influence of parameters on the microstructure of a duplex stainless steel joint welded by a GMAW welding process,9
Numerical Assessment of Different Phase Change Materials as a Passive Strategy to Reduce Energy Consumption in Buildings under Tropical Climates,12
Performance Analysis of Localization Algorithms for Inspections in 2D and 3D Unstructured Environments Using 3D Laser Sensors and UAVs,9
"Investigation of the Crystallization Kinetics and Melting Behaviour of Polymer Blend Nanocomposites Based on Poly(L-Lactic Acid), Nylon 11 and TMDCs WS2",9
The TechnoFusion Consortium of Spanish institutions and facilities towards the development of fusion materials and related technologies in Europe,7
Molecular simulation of methane hydrate growth confined into a silica pore,7
A Compact and Portable Exoskeleton for Shoulder and Elbow Assistance for Workers and Prospective Use in Space,3
Acceleration of an Algorithm Based on the Maximum Likelihood Bolometric Tomography for the Determination of Uncertainties in the Radiation Emission on JET Using Heterogeneous Platforms,9
Potential utilization of battery energy storage systems (BESS) in the major European electricity markets,9
An Analytical Approach for Predicting EHL Friction: Usefulness and Limitations,9
Sc3N@I-h-C(80)based donor-acceptor conjugate: role of thiophene spacer in promoting ultrafast excited state charge separation,9
A Hamilton-Jacobi formalism for higher order implicit Lagrangians,9
The Globalization Problem of the Hamilton–DeDonder–Weyl Equations on a Local k-Symplectic Framework,9
Hamilton-Jacobi formalism on locally conformally symplectic manifolds,9
Effects of ATLAS 2030 gait exoskeleton on strength and range of motion in children with spinal muscular atrophy II: a case series,3
Hybrid design and prototyping of metamaterials and metasurfaces,9
Comparative study regarding the sputtering yield of nanocolumnar tungsten surfaces under Ar+ irradiation,9
Photocatalytic activation of peroxymonosulfate using ilmenite (FeTiO3) for Enterococcus faecalis inactivation,6
A pathway to improve detoxification processes by selective extraction of phenols and sugars from aqueous media using sustainable solvents,12
Preparing for future e-waste from photovoltaic modules: a circular economy approach,12
Decision biases in human queuing systems: a simulation model to use in the class,4
Research on Wire-to-Two Fin Configuration for Positive Atmospheric Plasma by Electrokinetic Blower,9
Predictor-Based Current Limitation Method for a DC Motor-Actuated Upper-Limb Rehabilitation Exoskeleton,3
Production of hydrogen from gas-phase ethanol dehydrogenation over iron-grafted mesoporous Pt/TiO2 photocatalysts,7
"On-road vehicle emission inventory and its spatial and temporal distribution in the city of Guayaquil, Ecuador",11
A new cyclic model for FRP-confined rubberized concrete,9
Synthetic LiDAR Labeled Dataset Generation to Train Deep Neural Networks for Object Classification in IoT at the Edge,9
Characterizing Deep Neural Networks on Edge Computing Systems for Object Classification in 3D Point Clouds,9
Residential Harmonic Injection Models Based on Field Measurements,7
Customizable Stochastic High-Fidelity Model of the Sensors and Camera Onboard a Fixed Wing Autonomous Aircraft,9
System-friendly process design: Optimizing blue hydrogen production for future energy systems,7
Kinematic Modelling for Hyper-Redundant Robots-A Structured Guide,9
Results of a Surface Roughness Comparison between Stylus Instruments and Confocal Microscopes,9
WILD HOPPER: A heavy-duty UAV for day and night firefighting operations,9
Electricity Spot Price Modeling and Forecasting in European Markets,7
Efficient Methodology of the Coil Design for a Dynamic Wireless Charger,9
On the use of time-dependent success criteria within Risk-Informed Analyses. Application to LONF-ATWS sequences in PWR reactors,7
Comparison of leg dynamic models for quadrupedal robots with compliant backbone,9
Comparison of microscale traffic emission models for urban networks,11
Semiconducting Soft Submicron Particles from the Microwave-Driven Polymerization of Diaminomaleonitrile,9
Homogeneous ice nucleation rates for mW and TIP4P/ICE models through Lattice Mold calculations,9
A hybrid approach for improving the flexibility of production scheduling in flat steel industry,9
Making Bipedal Robot Experiments Reproducible and Comparable: The Eurobench Software Approach,9
Forecasting voltage harmonic distortion in residential distribution networks using smart meter data,7
Assessment of CNN-Based Models for Odometry Estimation Methods with LiDAR,9
Integration of Multiple Interferometers in Highly Multiplexed Diagnostic KITs to Evaluate Several Biomarkers of COVID-19 in Serum,3
Proposal of a thermocline molten salt storage tank for district heating and cooling,7
Open-source library of tissue engineering scaffolds,3
Fast frequency oscillations detection in low inertia power systems with excessive demand-side response for frequency regulation.,9
Analysis of the Influence of GMAW Process Parameters on the Properties and Microstructure of S32001 Steel,9
Medium-Scale UAVs: A Practical Control System Considering Aerodynamics Analysis,9
ROMERIN: A new concept of a modular autonomous climbing robot,9
Protein structural transitions critically transform the network connectivity and viscoelasticity of RNA-binding protein condensates but RNA can prevent it,3
Alternating one-phase and two-phase crystallization mechanisms in octahedral patchy colloids,9
A study of the manufacturing process of custom dimensional material standards using pulsed laser systems,9
Analysis of the thermal stability of residual stresses induced in Ti-6Al-4 V by high density LSP treatments,9
Staggered Semi-Implicit Hybrid Finite Volume/Finite Element Schemes for Turbulent and Non-Newtonian Flows,9
Fractional Damping Through Restricted Calculus of Variations,9
Trends in global greywater reuse: a bibliometric analysis,6
Ex Vivo and In Vivo Analyses of Novel 3D-Printed Bone Substitute Scaffolds Incorporating Biphasic Calcium Phosphate Granules for Bone Regeneration,3
Locality of temperature and correlations in the presence of non-zero-temperature phase transitions,9
How the COVID-19 Pandemic Muted and Remixed the World’s Acoustics for a While,11
Performance map analysis of a solar-driven and fully unfired closed-cycle micro gas turbine,7
Processing Compostable PLA/Organoclay Bionanocomposite Foams by Supercritical CO2 Foaming for Sustainable Food Packaging,12
Innovative solutions and challenges to increase the use of Poly (3-hydroxybutyrate) in food packaging and disposables,12
Polymorphism and Perfection in Crystallization of Hard Sphere Polymers,9
Design and Characterization of ITO-Covered Resonant Nanopillars for Dual Optical and Electrochemical Sensing,9
Measuring Impact of Cloud Computing and Knowledge Management in Software Development and Innovation,9
Development of photoresponsive coumarin-modified ethylene-co-vinyl alcohol copolymers with antifouling behavior,9
J-PLUS: Discovery and characterisation of ultracool dwarfs using Virtual Observatory tools II. Second data release and machine learning methodology,9
Analysis of MBLOCA and LBLOCA success criteria in VVER-1000/V320 reactors. New proposals for PSA Level 1,7
Volumes of parent Hamiltonians for benchmarking quantum simulators,9
The role of coherence theory in attractor quantum neural networks,9
ROBOMINERS - Developing a bio-inspired modular robot-miner for difficult to access mineral deposits,9
Robust Motion Control Architecture for an Upper-Limb Rehabilitation Exosuit,3
Detailed dynamics of discrete Gaussian semiflexible chains with arbitrary stiffness along the contour,9
A Mixed-Reality Tele-Operation Method for High-Level Control of a Legged-Manipulator Robot,9
Method to Develop Legs for Underwater Robots: From Multibody Dynamics with Experimental Data to Mechatronic Implementation,9
New Trends in the Control of Grid-Connected Photovoltaic Systems for the Provision of Ancillary Services,7
"Blue, green, and turquoise pathways for minimizing hydrogen production costs from steam methane reforming with CO2 capture",7
Hydrothermal treatment as a complementary tool to control the invasive Pampas grass (Cortaderia selloana),13
Economic analysis of the German regulation for electrical generation projects from biogas applying the theory of real options,7
An assessment of estimation models and investment gaps for the deployment of high-speed broadband networks in NUTS3 regions to meet the objectives of the European Gigabit Society,9
Briefing: Pyrolysis of natural gas to hydrogen: a key energy transition tool,7
Evaluation of bio-based solvents for phenolic acids extraction from aqueous matrices,12
Microstructural sensitivity and deformation micro-mechanisms of a bimodal metastable beta titanium Ti-7Mo-3Nb-3Cr-3Al alloy,9
Development of a flexible rehabilitation system for bedridden patients,3
Price arbitrage optimization of a photovoltaic power plant with liquid air energy storage. Implementation to the Spanish case,7
A Self-Adaptive Wireless Power Transfer System to Cancel the Reactance,9
Exploiting Hardware-Based Data-Parallel and Multithreading Models for Smart Edge Computing in Reconfigurable FPGAs,9
Informing nuclear physics via machine learning methods with differential and integral experiments,7
AP1000 Passive Containment Cooling System study under LBLOCA conditions using the GOTHIC code,7
Ground Fault Location in 2 x 25 kV High-Speed Train Power Systems by (Auto)Transformers Currents Ratio,9
Teaching chemical engineering using Jupyter notebook: Problem generators and lecturing tools,4
"Comparative investigation of acetaminophen degradation in aqueous solution by UV/Chlorine and UV/H2O2 processes: Kinetics and toxicity assessment, process feasibility and products identification",6
"Study of deuterium permeation, retention, and desorption in SiC coatings submitted to relevant conditions for breeder blanket applications: thermal cycling effect under electron irradiation and oxygen exposure",7
"Theoretical determination of distillation curves of gasoline, ethanol and ethyl tert-butyl ether ternary blends from the experimental distillation curve of gasoline",7
Neutronic analysis of the European sodium fast reactor: Part II-burnup results,7
Neutronic analysis of the European sodium fast reactor: Part I-fresh core results,7
Thermo-mechanical analysis of a nuclear spent fuel dry cask using CFD results in a FE code,7
Online Feedback Management Tools for Early-Stage Startups: Hidden Treasures in the Rocky Mountains,9
Dragging on multilisting: The reason why home-sharing platforms make long-term rental prices increase and how to fix it,11
"Comparison of FANT results using the ENDF/B-VII.1, JEFF-3.3 and TENDL2017 nuclear data libraries",9
Analysis of venting strategies and hydrogen concentration evolution during a station blackout in a BWR-6 containment using GOTHIC 8.3,9
Model Predictive Control for PMSG-Based Wind Turbines With Overmodulation and Adjustable Dynamic Response Time,7
Determination of the uncertainties associated to the use of different nuclear data libraries in the analysis of extended-range rem-meters,7
Zenithal isotropic object counting by localization using adversarial training,9
Estimation of Degradation Velocity of Biocompatible Damaged Stents due to Blood Flow,3
Benefits and challenges of cross-border quality assurance in higher education. A case study in engineering education in Europe,4
Mechanisms of Self-Diffusion of Linear Associative Polymers Studied by Brownian Dynamics Simulation,9
A Machine Learning-Based Methodology for in-Process Fluid Characterization With Photonic Sensors,9
Characterisation of errors in an urban scale atmospheric dispersion model through clustering of performance metrics,11
HCN-derived polymers from thermally induced polymerization of diaminomaleonitrile: A non-enzymatic peroxide sensor based on prebiotic chemistry,9
An integrated approach for sustainable valorization of winery wastewater using bio-based solvents for recovery of natural antioxidants,12
Ground Fault Directional Protection Method for HVDC Multiterminal Networks,9
"The Madrid-2019 force field for electrolytes in water using TIP4P/2005 and scaled charges: Extension to the ions F-, Br-, I-, Rb+, and Cs+",9
Design of metastable β-Ti alloys with enhanced mechanical properties by coupling αS precipitation strengthening and TRIP effect,9
Patients' self-assessment of essential tremor severity by a validated scale: A useful tool in telemedicine?,3
Ground Faults Location in Poles of Synchronous Machines Through Frequency Response Analysis,9
Integral modelling for nuclear spent fuel Dry storage systems using computational fluid Dynamics,7
A novel conceptualization in the analysis and design of passive neutron area monitors based on gold foil activation,7
Frequency Response Analysis (FRA) Fault Diagram Assessment Method,9
Alternative Test Methods for Monitoring the Condition of Brushless Exciters in Synchronous Machines,9
Vortex breakdown in variable-density gaseous swirling jets,9
Anticipating financial distress of high-tech startups in the European Union: A machine learning approach for imbalanced samples,8
Processing and properties of long recycled-carbon-fibre reinforced polypropylene,12
Enhanced Mechanical and Thermal Resistances of Nanoimprinted Antireflective Moth-Eye Surfaces Based on Poly Vinylidene Fluoride/TiO2 Surface Nanocomposites,9
Quantifying the Uncertainty of Critical Resolved Shear Stress Values Derived from Nano-Indentation in Hexagonal Ti Alloys,9
Improving the sensitivity of early rub detection in rotating machines with an adaptive orthogonal filter,9
Resilient moth-eye nanoimprinted antireflective and self-cleaning TiO2 sputter-coated PMMA films,9
Literature and language education : Exploring teachers' views on teaching foreign language through literature in bilingual secondary schools in Madrid (Spain),4
Biodegradable electrospun PLA-PHB fibers plasticized with oligomeric lactic acid,12
Plasticized poly(lactic acid) reinforced with antioxidant covalent organic frameworks (COFs) as novel nanofillers designed for non-migrating active packaging applications,9
Improvement of PLA film ductility by plasticization with epoxidized karanja oil,9
Oxygen reduction using a metal-free naphthalene diimide-based covalent organic framework electrocatalyst,9
Shape-memory actuators manufactured by dual extrusion multimaterial 3d printing of conductive and non-conductive filaments,9
Engineering Human-Scale Artificial Bone Grafts for Treating Critical-Size Bone Defects,3
AC Drive Side Ground Fault Location for DC/AC Systems based on AC phases and Grounding Resistor Voltages,9
Success of organisations developing digital social innovation: Analysis of motivational key drivers,8
AC Ground Fault Location for DC-AC inverters based on a Grounding Resistor Voltage Analysis,9
Safe experimentation in optical levitation of charged droplets using remote labs,4
"Phase equilibrium for methane, ethane and carbon dioxide hydrates at pressures up to 100 MPa through high-pressure microcalorimetry: Experimental data, analysis and modeling",9
A Modular Multi-Function Power Converter based on a Multi-Winding Flyback Transformer for EV Application,7
Comparative Evaluation of the Two Multi-Level Concepts with Full ZVS Operation Employing WBG Devices for Use in 1500-V PV Systems,7
Application of an algebraic methodology for the combination of Berthold LB6411 and WENDI-II for neutron area monitoring in D-T neutron generators and fusion facilities,7
Use of 1-butyl-3-methylimidazolium-based ionic liquids as methane hydrate inhibitors at high pressure conditions,9
Synchronous Machines Field Winding Turn-to-Turn fault severity estimation through Machine Learning Regression Algorithms,9
High-Frequency GaN-Based ANPC Three-Level Converter as a Low-Noise Arbitrary PWL Voltage Generator,9
Carbon quantum dots decorated Ag/CuFe2O4 for persulfate-assisted visible light photocatalytic degradation of tetracycline: A comparative study,6
Sensitivity Analysis of the Levelized Cost of Electricity for a Particle-Based Concentrating Solar Power System,7
Internet of Things in Sport Training: Application of a Rowing Propulsion Monitoring System,4
Forward-Flyback Converter With Cockcroft-Walton Voltage Multiplier in DCM: Steady-State Analysis Considering the Parasitic Capacitances to Achieve the Optimal Valley-Switching Operation With 95.11% Efficiency at 3 kV/1 5 W,9
Protection Strategy and Quench Study of MCBXF Magnets,7
Multivector Model Predictive Power Control for Grid Connected Converters in Renewable Power Plants,7
Microbial torularhodin - a comprehensive review,3
Molecular Dynamic Simulations of Clathrate Hydrate Structures I: Lattice Constant and Thermal Expansion,9
Implications to secure mineral supply for clean energy technologies for developing countries: A fuzzy based risk analysis for mining projects,9
Exergoeconomic assessment of air separation units for pressurized O2 production incorporating two-phase expanders,9
DC/DC Stage Contribution to Bus Voltage in 1000V and 1500V Grid-Connected Solar Inverters,7
The impact of long-term weather changes on air quality in Brazil,13
Techno-economic and environmental impact assessment of an olive tree pruning waste multiproduct biorefinery,12
Solid–Liquid Equilibria for Biphenyl + n-Tetracosane Binary Mixtures and n-Tetracosane + Dibenzofuran + Biphenyl Ternary Mixtures: Experimental Data and Prediction with UNIFAC Models,9
GIS Framework for Rapid Seismic Loss Assessment: Case Study of Granada Metropolitan Area,11
New Selective Directional Ground Fault Protection Method for Ungrounded Systems,9
Framework and Evaluation Methodology for Autonomous Drone Racing,9
Synchronous Salient Poles Fault Localization by SFRA and Fault Diagram Method,9
Influence of Rotor Eccentricity on the Reliability of the Pole Drop Test for Salient Pole Synchronous Machines,9
A simplified two-resistance model for the description of melting curves obtained through differential scanning calorimetry,9
The long distance buses safety situation from a new database created using road crashes mass media coverage in Ecuador,3
"A nearly-conservative, high-order, forward Lagrange–Galerkin method for the resolution of compressible flows on unstructured triangular meshes",9
Crystallization of Flexible Chains of Tangent Hard Spheres under Full Confinement,9
Comparison of PHITS2.88 and MCNP6.1 for the characterization of a LUPIN-II neutron area monitor,7
A two-step machine learning approach for dynamic model selection: A case study on a micro milling process,9
COVID-19 pandemic impact on the Spanish radiation protection professionals,3
"""Biologizing"" Engineering Education",4
A Ground Fault Location Method for DC Systems Through Multiple Grounding Connections,9
"Conceptual design of a new multi-purpose, passive and flexible neutron area monitor with two configurations",9
Visible-light-driven photocatalytic inactivation of Escherichia coli by titanium dioxide anchored on natural pyrite,6
Tunable superhydrophobic titanium nitride surface by ultrafast laser processing,9
Methanol from solid fuels: A cost-effective route to reduced emissions and enhanced energy security,12
Improvement of Performance in Freezing of Gait detection in Parkinson's Disease using Transformer networks and a single waist-worn triaxial accelerometer,3
Double Line-to-Ground Faults Detection Method in DC-AC Converters,9
A General Modeling Methodology for the Quasistatic Behavior of Spiral Torsion Springs,9
Innovation through Startup Collaboration: Build a Relationship with Your Peer Startups,8
Nuclear spent fuel cask full scope simulation using coupled Computational Fluid Dynamics models,7
Modelling fuel assembly flow nozzles in a spent nuclear fuel dry cask using CFD codes,7
Data-driven insights on time-to-failure of electromechanical manufacturing devices: a procedure and case study,9
Short Circuits in GaN HEMTs. Test Bench Setup and Characterization,9
Water droplets impact dynamics on laser engineered superhydrophobic ceramic surface,9
Polymer Optical Fiber-Based Smart Garment for Impact Identification and Balance Assessment,9
A Methodology to Evaluate Solvent Extraction-Based Processes Considering Techno-Economic and Environmental Sustainability Criteria for Biorefinery Applications,12
On-Line Project-Based Learning on Healthcare Technologies Against Epidemic Diseases: A COVID-19 Case Study,3
A generalization of a SIS epidemic model with fluctuations,9
Hydrogen bond donor and alcohol chain length effect on the physicochemical properties of choline chloride based deep eutectic solvents mixed with alcohols,9
Recent advances in rapeseed meal as alternative feedstock for industrial biotechnology,9
Fine Tuning of the Inner Dipole Design of MCBXF Magnets,9
Driving Transformational Sustainability in a University Through Structural and Academic Innovation: A Case Study of A Public University in Spain,4
Technological impact of electric and hybrid vehicles,9
MICROLEARNING AND KNOWLEDGE GRAPH BASED APPROACH FOR TRAINING IN PROJECT MANAGEMENT,4
EDUCATIONAL MINI-VIDEOS AS TEACHING AND LEARNING TOOLS FOR IMPROVING ORAL COMPETENCE IN EFL/ESL UNIVERSITY STUDENTS,4
Fabrication and Power Test of Last MCBXFB Magnets,9
Synthesis of a Zinc Hydroxystannate/Sepiolite Hybrid Additive to Avoid Fire Propagation and Reduce Smoke Emission of EPDM Rubber Nanocomposites,9
Degeneration of natural Lagrangians and Prymian integrable systems,9
Modelling FeCrAl cladding thermo-mechanical performance. Part I: Steady-state conditions,9
Using a robotic exoskeleton at home: An activity tolerance case study of a child with spinal muscular atrophy,3
A unilateral robotic knee exoskeleton to assess the role of natural gait assistance in hemiparetic patients,3
Improved Harmony Search Algorithm to Compute the Underfrequency Load Shedding Parameters,9
Application of Machine Learning Techniques for Predicting Potential Vehicle-to-Pedestrian Collisions in Virtual Reality Scenarios,9
Shake table tests on a reinforced concrete waffle-flat plate structure with new hybrid energy dissipation devices,9
PARUPM: A simulation code for passive auto-catalytic recombiners,9
Online programming system for robotic fillet welding in Industry 4.0,9
Long-term evolution of the neutron rate at the Canfranc Underground Laboratory,7
A novel value-based multi-criteria decision making approach to evaluate new technology adoption in SMEs,8
Effect of cutting speed on shear band formation and chip morphology of Ti–6Al–4V alloy using nanoindentation and EBSD mapping,9
A Middleware Infrastructure for Programming Vision-Based Applications in UAVs,9
Investigation of mechanical recycling effect on electromagnetic properties of polylactic acid (PLA) – nanoclay nanocomposites: Towards a valorization of recycled PLA nanocomposites,12
Urban Road Surface Discrimination by Tire-Road Noise Analysis and Data Clustering,11
Comparing Short-Term Univariate and Multivariate Time-Series Forecasting Models in Infectious Disease Outbreak,3
A review of Optical Point-of-Care devices to Estimate the Technology Transfer of These Cutting-Edge Technologies,3
Model-Based Field Winding Interturn Fault Detection Method for Brushless Synchronous Machines,9
A Proposed System for Multi-UAVs in Remote Sensing Operations,9
New Anti-Derailment System in Railway Crossings,9
A Simple Methodology for Estimating the Potential Biomethane Production in a Region: Application in a Case Study,12
Bradykinesia Detection in Parkinson's Disease Using Smartwatches' Inertial Sensors and Deep Learning Methods,3
Use of smartphone apps for mobile communication and social digital pressure: A longitudinal panel study,3
"Assessment of the depressurisation and mixing effects of two spray systems in the PANDA facility, part II – Simulations using GOTHIC8.3(QA)",9
A Robust Model Predictive Control for Virtual Coupling in Train Sets,9
Solubility study and thermodynamic modelling of succinic acid and fumaric acid in bio-based solvents,12
Methodology to design and optimise dispersed continuous carbon fibre composites parts by fused filament fabrication,9
Instagram as a learning tool to improve technical vocabulary for sports science students,4
Solar hydrogen production from ethanol-water vapours over metal/TiO2 photocatalysts supported on β-SiC alveolar foams,7
Perspectives on Hydrogen,7
Effect of microstructure on tensile properties of quenched and partitioned martensitic stainless steels,9
High broadband light absorption in ultrathin MoS2 homojunction solar cells,9
Towards an optimized management of accidents,3
Molecular Dynamics Simulations of Polydopamine Nanosphere's Structure Based on Experimental Evidence,9
A comparison and methodological proposal for hybrid approaches to quantify environmental impacts: A case study for renewable energies,7
On metric spaces with non-equivalent Hewitt and Samuel realcompactifications,9
Analysis of architectures implemented for IIoT,9
"Liquid air energy storage technology: a comprehensive review of research, development and deployment",9
Validation of Sustainability Criteria as a Tool for the Evaluation of Habitability of Prefabricated Concrete Homes for Andean Areas,9
Assessing the sustainability impacts of concentrated solar power deployment in Europe in the context of global value chains,7
A high resolution vehicular emissions inventory for Ecuador using the IVE modelling system,11
Benchmarking of stray neutron fields produced by synchrocyclotrons and synchrotrons in compact protontherapy centers (CPTC) using MCNP6 Monte Carlo code,3
Linking discrete and continuum diffusion models: Well-posedness and stable finite element discretizations,9
Molecular dynamics simulations of active entangled polymers reptating through a passive mesh,9
Soiling Modelling in Large Grid-Connected PV Plants for Cleaning Optimization †,7
Electrification of Madrid Fleet Public Transport Company (EMT-Madrid): strategic Analysis and Implementation,11
"Benchmarking the Effects on Human–Exoskeleton Interaction of Trajectory, Admittance and EMG-Triggered Exoskeleton Movement Control",3
Student Acceptance of E-Learning during the COVID-19 Outbreak at Engineering Universities in Spain,4
Decomposing Euler–Poincaré Flow on the Space of Hamiltonian Vector Fields,9
Analysis of the thermal inertia of pipelines in SHIP,9
Eileen Gray’s Photography. An Architectural Journey through E.1027,4
Molecular dynamics simulation of surface phenomena due to high electronic excitation ion irradiation in amorphous silica,9
On locally conformally cosymplectic Hamiltonian dynamics and Hamilton-Jacobi theory,9
Systematically derived one-step kinetics for hydrogen-air gas-turbine combustion,7
Spectral splitting of the lasing emission of nitrogen ions pumped by 800-nm femtosecond laser pulses,9
Thermodynamics-informed neural networks for physically realistic mixed reality,9
Thermodynamics analysis of the supercritical CO2 binary mixtures for Brayton power cycles,7
Quench Protection Studies for the High Luminosity LHC Nb3Sn Quadrupole Magnets,7
Magnetic field measurements of first pre-series full-length 4.2 m quadrupole MQXFA03 Using PCB rotating coils for the Hi-Lumi LHC Project,9
Lessons Learned from the Prototypes of the MQXFA Low-Beta Quadrupoles for HL-LHC and Status of Production in the US,9
Assessment of MQXF Quench Heater Insulation Strength and Test of Modified Design,7
Mechanical Comparison of Short Models of Nb3Sn Low-β Quadrupole for the Hi-Lumi LHC,9
Progress in the Development of the Nb3Sn MQXFB Quadrupole for the HiLumi Upgrade of the LHC,9
Study of the Heater-Coil Electrical Insulation for the HL-LHC Low Beta Quadrupoles,9
The High Luminosity LHC interaction region magnets towards series production,9
Assembly and Pre-Loading Specifications for the Series Production of the Nb3Sn MQXFA Quadrupole Magnets for the HL-LHC,9
Power Test of the First Two HL-LHC Insertion Quadrupole Magnets Built at CERN,4
Field Quality of the 4.5-m-Long MQXFA Pre-Series Magnets for the HL-LHC Upgrade as Observed During Magnet Assembly,9
Performance of a MQXF Nb3Sn Quadrupole Magnet Under Different Stress Level,9
A Metallurgical Inspection Method to Assess the Damage in Performance-Limiting Nb<sub>3</sub>Sn Accelerator Magnet Coils,9
Flat variable liquid crystal diffractive spiral axicon enabling perfect vortex beams generation,9
Enhanced Recovery of Natural Antioxidants from Grape Waste Using Natural Eutectic Solvents-Based Microwave-Assisted Extraction,12
Local and Global Order in Dense Packings of Semi-Flexible Polymers of Hard Spheres,9
New error estimates of Lagrange–Galerkin methods for the advection equation,9
Autonomous victim detection system based on deep learning and multispectral imagery,3
Particle production in accelerated thin bubbles,9
Study of the effect of strain rate on the in-plane shear and transverse compression response of a composite ply using computational micromechanics,9
Removal of contaminants of emerging concern by photocatalysis with a highly ordered TiO2 nanotubular array catalyst,6
Friction Resistance of Uncured Carbon/Epoxy Prepregs under Thermoforming Process Conditions: Experiments and Modelling,9
Intensification of Photo-Assisted Advanced Oxidation Processes for Water Treatment: A Critical Review,6
Flexural Performance and End Debonding Prediction of NSM Carbon FRP-Strengthened Reinforced Concrete Beams under Different Service Temperatures,9
Application of a Model-Based Method to the Online Detection of Rotating Rectifier Faults in Brushless Synchronous Machines,9
Experimental investigation of key aerothermal phenomena in micro-scale radial turbocompressors,9
3D modelling of cavity-free lasing in nitrogen plasma filaments,9
Spatio-temporal couplings for controlling group velocity in longitudinally pumped seeded soft X-ray lasers,9
Conservation of orbital angular momentum throughout amplification of high order harmonics in Ni-like krypton and silver plasmas,9
Microwave-assisted debinding of Al2O3 parts printed by stereolithography,9
"The aerobiome in a hospital environment: Characterization, seasonal tendencies and the effect of window opening ventilation",3
Dynamically reconfigurable variable-precision sparse-dense matrix acceleration in Tensorflow Lite,9
Sensitivity of Voltage Sags Estimation to Uncertainties,9
Using FPGA-based AMC Carrier Boards for FMC to Implement Intelligent Data Acquisition Applications in MTCA Systems using OpenCL,9
Advancing sustainability leadership by shifting relational ‘agreement structures’: a transformational higher education change program,4
MMC-based topology for grid connection of wind generators with phase and arm power balancing,7
"Dimensionally reduced, nonlinear dragged solids: Theory and finite elements for rigid and shell-like bodies",9
Real-Time Visual Recognition of Ramp Hand Signals for UAS Ground Operations,9
Benchmark and analysis of a particle receiver 1D model,9
A decentralized robust control approach for virtually coupled train sets,9
"Solar disinfection of drinking water at alkaline pH, assisted by ashes of spices and herbs containing catalytic metals, in a novel “phyto-Fenton” process",6
The exponential ordering for nonautonomous delay systems with applications to compartmental Nicholson systems,9
MoCLORA—An Architecture for Legged-and-Climbing Modular Bio-Inspired Robotic Organism,9
Use of Finite Elements in the Training of a Neural Network for the Modeling of a Soft Robot,9
Decentralized demand side participation in primary frequency control: assessing the impact of response rates,9
GNSS-Denied Semi-Direct Visual Navigation for Autonomous UAVs Aided by PI-Inspired Inertial Priors,9
A new Coplanar Dual Core Buckling-Restrained Brace,9
Methodology for assessing the impact of regenerative braking energy injection of a direct current railway system on the distribution grid,7
Kinesic communication in traditional and digital contexts: An exploratory study of ESP undergraduate students,4
Automation of haulers for debris removal in tunnel construction,9
Omnidirectional robotic platform for surveillance of particle accelerator environments with limited space areas,9
Graph SLAM built over point clouds matching for robot localization in tunnels,9
"Perspectives on ankle-foot technology for improving gait performance of children with Cerebral Palsy in daily-life: requirements, needs and wishes",3
Polymorph Stability and Free Energy of Crystallization of Freely-Jointed Polymers of Hard Spheres,9
A Novel Method to Generate Auto-Labeled Datasets for 3D Vehicle Identification Using a New Contrast Model,9
Quantum quasi-Lie systems: properties and applications,9
Time consideration in machine learning models for train comfort prediction using LSTM networks,9
Engineered living carbon materials,12
Explainable machine learning for project management control,8
Pressure in underwater spark discharge initiated with the help of bubble injection and its evaluation based on H-alpha line broadening,9
Time-Dependent Hamiltonian Mechanics on a Locally Conformal Symplectic Manifold,9
Technical performance and environmental assessment of an ionic liquid-based CCS process for hydrogen production,12
First Longitudinal Study Using Binaural Beats on Parkinson Disease,3
Codifying Wildness: Wild Behaviour for Improving Human-Robot Interaction,9
Non-thermal evolution of dense plasmas driven by intense x-ray fields,9
Robust Fastener Detection Based on Force and Vision Algorithms in Robotic (Un)Screwing Applications,9
A mechatronic leg replica to benchmark human–exoskeleton physical interactions,3
Three phase equilibria of the methane hydrate in NaCl solutions: A simulation study,9
What is next? The effect of reverse logistics adoption on digitalization and inter-organizational collaboration,9
C-programming self-assessment exercises versus final exams: 12 years of experience,4
Comprehensive analysis of hot water tank sizing for a hybrid solar-biomass district heating and cooling,7
Optimal Selection of Weather Stations for Electric Load Forecasting,7
An Extraction Method for Mobility Degradation and Contact Resistance of Graphene Transistors,9
A methodology to empower citizens towards a low-carbon economy. The potential of schools and sustainability indicators,13
Suitability Evaluation of Different Measured Variables to Assess the Occupancy Patterns of a Building: Analysis of a Classroom of a School in Madrid during the COVID-19 Pandemic,11
Electrical Model of a Membraneless Micro Redox Flow Battery -Fluid Dynamics Influence,7
Toward the industry 5.0 paradigm: Increasing value creation through the robust integration of humans and machines,9
Time-Dependent Material Properties of Aging Biomolecular Condensates from Different Viscoelasticity Measurements in Molecular Dynamics Simulations,9
Ammonia from solid fuels: A cost-effective route to energy security with negative CO2 emissions,12
The CARMENES search for exoplanets around M dwarfs: A deep transfer learning method to determine Teffand [M/H] of target stars,9
Laser transfer for circulating tumor cell isolation in liquid biopsy,3
CDBR: A semi-automated collaborative execute-before-after dependency-based requirement prioritization approach,9
Adoption of ICT-Based Teaching in Engineering: An Extended Technology Acceptance Model Perspective,4
A decentralized framework for managing task allocation in distributed software engineering,9
Are These Requirements Risky: A Proposal of an IoT-Based Requirements Risk Estimation Framework,9
A meta-analysis approach to measure the impact of project-based learning outcome with program attainment on student learning using fuzzy inference systems,4
Artificial Intelligence and Cognitive Computing in Companies in Portugal: An Outcome of Partial Least Squares—Structural Equations Modeling,9
Virtual Coupling in Railways: A Comprehensive Review,9
Out of the Box: Exploring Cardboard Returnability in Nanostore Supply Chains,9
Relevance of hazards in exoskeleton applications: a survey-based enquiry,9
Synchronous condenser for European grid code compliance: a case study of a PV power plant in Spain,7
Use of the Thermal Inertia of Trains for Contributing to Primary Frequency Control and Inertia of Electric Power Systems,9
"Sunshine and a pinch of tropical soils: A natural, low-cost photo-Fenton variation for safer water, assisted by H2O2 or percabonate",6
Influence of the constitutive model in the damage distribution of buildings designed with an energy-based method,9
Diesel Governor Tuning for Isolated Hybrid Power Systems,7
(MARGOT) Monocular Camera-Based Robot Grasping Strategy for Metallic Objects,9
Impact of Jupyter Notebook as a tool to enhance the learning process in chemical engineering modules,4
An open-source development based on photogrammetry for a real-time IORT treatment planning system,3
Implicit contact dynamics and Hamilton-Jacobi theory,9
A test for evaluating the scuffing performance of fully-formulated lubricants,9
A climbing robotic organism based on modular legs with active suction cups,9
A Review on 3D Architected Pyrolytic Carbon Produced by Additive Micro/Nanomanufacturing,9
Preclinical examination of early-onset thalamic-cortical seizures after hemispheric stroke,3
Study of the TN24p dry cask cooling by heat pipes,9
Analysis of the absorptance and emittance in particle curtains by means of a discrete MCRT method,9
A result concerning the Lipschitz realcompactification of the product of two metric spaces,9
Speed-Adaptive Model-Free Path-Tracking Control for Autonomous Vehicles: Analysis and Design,9
Location and Concentration of Aromatic-Rich Segments Dictates the Percolating Inter-Molecular Network and Viscoelastic Properties of Ageing Condensates,9
Experimental Data and Modeling of Solid–Liquid Equilibria of Binary Systems Containing Dibenzofuran and Long Chain n-alkanes,9
Geometric Numerical Methods for Lie Systems and Their Application in Optimal Control,9
Analysis of the spread of SARS-CoV-2 in a hospital isolation room using CFD and Lagrangian Coherent Structures,3
(Un)Likely Connections between (Un)Likely Actors in the Art/NBS Co-Creation Process: Application of KREBS Cycle of Creativity to the Cyborg Garden Project,9
The Impact of Institutional Innovation on a Public Tender: The Case of Madrid Metropolitan Forest,11
Optimum integration of latent heat storage in a solar thermal system for industrial processes: In series or in parallel?,7
Fine-tuning of colloidal polymer crystals by molecular simulation,9
Losses in Precast Concrete: A Case Study in Ecuador,9
The Role of Vegetation on Urban Atmosphere of Three European Cities. Part 2: Evaluation of Vegetation Impact on Air Pollutant Concentrations and Depositions,11
Comparative thermo-hydraulic study of different nuclear spent fuel cask designs using CFD codes,7
Digital Twin to Control and Monitor an Industrial Cyber-Physical Environment Supported by Augmented Reality,9
A Novel Active Device for Shoulder Rotation Based on Force Control,3
Numerical Solution of Thermal Phenomena in Welding Problems,9
Attractors in almost periodic Nicholson systems and some numerical simulations,9
Antibacterial effect of metal-enzyme hybrid nanomaterials,3
Urban Firefighting Drones: Precise Throwing from UAV,9
Machine learning opens a doorway for microrheology with optical tweezers in living systems,3
Inclusion of key social indices for a comparative assessment of the sustainability of the life cycle of current and future electricity generation in Spain: A proposed methodology,7
A New Optical Interferometric Biosensing System Enhanced with Nanoparticles for Alzheimer's Disease in Serum,3
RUDE-AL: Roped UGV Deployment Algorithm of an MCDPR for Sinkhole Exploration,9
"Phase equilibrium of double-guest clathrates of methane and CO2, ethane, or propane as measured by high-pressure microcalorimetry",7
"Pilot-scale regeneration of wastewater through intensified sulfate radical-based advanced oxidation processes (PMS/UV-A, PMS/H2O2/UV-A, and PMS/O3): Inactivation of bacteria and mechanistic considerations",6
Validation of a Qualification Procedure Applied to the Verification of Partial Discharge Analysers Used for HVDC or HVAC Networks,9
Torque-Based Control of a Bio-Inspired Modular Climbing Robot,9
Mixed-reality for quadruped-robotic guidance in SAR tasks,9
Deep Learning Vision System for Quadruped Robot Gait Pattern Regulation,9
Modelling FeCrAl cladding thermo-mechanical performance. Part II: Comparative analysis with Zircaloy under LOCA conditions,9
Semi-empirical ageing model for LFP and NMC Li-ion battery chemistries,9
"SunDial, a new collector for solar heat for industrial processes: Optical and thermal design",7
The effect of ionizing radiation on robotic trajectory movement and electronic components,9
Long-Distance GNSS-Denied Visual Inertial Navigation for Autonomous Fixed-Wing Unmanned Air Vehicles: SO(3) Manifold Filter Based on Virtual Vision Sensor,9
Investigating a shape memory epoxy resin and its application to engineering shape-morphing devices empowered through kinematic chains and compliant joints,9
Study of Ethylene-Removing Materials Based on Eco-Friendly Composites with Nano-TiO2,12
Wind and turbulence relationship with NO2 in an urban environment: a fine-scale observational analysis,11
Automatic Detection of Inconsistencies and Hierarchical Topic Classification for Open-Domain Chatbots,9
ROBOMINER: Development of a Highly Configurable and Modular Scaled-Down Prototype of a Mining Robot,9
Remote Binaural System (RBS) for Noise Acoustic Monitoring,11
PREDICTION ALGORITHM OF FUEL CONSUMPTION FOR ANHYDROUS ETHANOL MIXTURE IN HIGH-ALTITUDE CITIES,7
Characterization of the lithium concentration and distribution as a function of depth for alumina coatings after exposure to PbLi,9
Oxidation capacity changes in the atmosphere of large urban areas in Europe: Modelling and experimental campaigns in atmospheric simulation chambers,11
New links between invariant dynamical structures and uncertainty quantification,9
Recycled PLA for 3D Printing: A Comparison of Recycled PLA Filaments from Waste of Different Origins after Repeated Cycles of Extrusion,12
Efficient Railway Turnout Design: Leveraging TRIZ-Based Approaches,9
Exploring the effect of complex hierarchic microstructure of quenched and partitioned martensitic stainless steels on their high cycle fatigue behaviour,9
Demonstration of a switched CV-QKD network,9
Sputtering yield reduction for nano-columnar W surfaces under D ion irradiation,9
Does flash sintering alter the deformation mechanisms of tungsten carbide?,9
Sustainable urban development and the role of mega-projects: Experts’ view about Madrid Nuevo Norte Project,11
Enumeration of Self-Avoiding Random Walks on Lattices as Model Chains in Polymer Crystals,9
GPU-Accelerated Interaction-Aware Motion Prediction,9
Supporting municipalities to develop collaboration capability to facilitate urban transitions and sustainability: Role of transition intermediaries in Madrid,11
Real-Time Measurements of Indoor–Outdoor Exchange of Gaseous and Particulate Atmospheric Pollutants in an Urban Area,11
Future for Inertial Fusion Energy in Europe: A roadmap,7
A Universal Space for the Bourbaki-Complete Spaces and Further Examples,9
Large neighborhood search for an aeronautical assembly line time-constrained scheduling problem with multiple modes and a resource leveling objective,9
Metallodendrimers Unveiled: Investigating the Formation and Features of Double-Decker Silsesquioxane-Based Silylferrocene Dendrimers,9
Kinematic Modelling of a 3RRR Planar Parallel Robot Using Genetic Algorithms and Neural Networks,9
Numerical Model Validation of the Blood Flow through a Microchannel Hyperbolic Contraction,3
Analysis of air quality issues and air quality management status in five major African cities,11
A New Thermodynamic Model to Approximate Properties of Subcritical Liquids,9
Valorisation of Sargassum muticum through the extraction of phenolic compounds using eutectic solvents and intensification techniques,12
The Potential of Chemically Recuperated Power Cycles in Markets with High Shares of Variable Renewables,7
Bridging the Gap between Simulation and Real Autonomous UAV Flights in Industrial Applications,4
The Role of Vegetation on Urban Atmosphere of Three European Cities-Part 1: Evaluation of Vegetation Impact on Meteorological Conditions,11
"Assessment of the depressurization and mixing effects of two spray systems in the PANDA facility, part I – Experimental results",9
A thermodynamics-informed active learning approach to perception and reasoning about fluids,9
Port-metriplectic neural networks: thermodynamics-informed machine learning of complex physical systems,9
Adaptive Microfluidic Modeling of a Membraneless Micro Redox Flow Battery Using Extended Kalman Filter,9
"Floating Capacitor Integrated DAB for Single-Phase, Single-Stage PFC in Wireless Battery Charging Application",9
The Effect of Viscous Drag on the Maximum Residual Stresses Achievable in High-Yield-Strength Materials in Laser Shock Processing,9
Improving the Efficacy of Magnetic Nanoparticle-Mediated Hyperthermia Using Trapezoidal Pulsed Electromagnetic Fields as an In Vitro Anticancer Treatment in Melanoma and Glioblastoma Multiforme Cell Lines,3
TREND in energy-aware adaptive routing solutions,7
Protection in optical transport networks with fixed and flexible grid: Cost and energy efficiency evaluation,7
Influence of the compression pressure ratio on the energetic and exergetic efficiency of a solar driven regenerative closed brayton cycle with helium as working fluid,7
Analysis of FRP-Strengthened Reinforced Concrete Beams Using Electromechanical Impedance Technique and Digital Image Correlation System,9
Corrosion and Tribological Performance of Diamond-like Carbon-Coated ZK 60 Magnesium Alloy,9
"Alternatives for Transport, Storage in Port and Bunkering Systems for Offshore Energy to Green Hydrogen",7
Remote Labs Meet Computational Notebooks: An Architecture for Simplifying the Workflow Of Remote Educational Experiments,4
Socio-Technical Analysis of the Benefits and Barriers to Using a Digital Representation of the Global Horse Population in Equine Veterinary Medicine,13
Reports on the sensitivity enhancement in interferometric based biosensors by biotin-streptavidin system,3
Cyber-Physical Testbed Co-simulation Real-Time: Normal and Abnormal System Frequency Response,9
Analysis of Stable Diffusion-derived fake weeds performance for training Convolutional Neural Networks,9
Monipar: movement data collection tool to monitor motor symptoms in Parkinson’s disease using smartwatches and smartphones,3
Recovery of Phenolic Compounds from Orange Peel Waste by Conventional and Assisted Extraction Techniques Using Sustainable Solvents,12
Effectiveness of the Autonomous Braking and Evasive Steering System OPREVU-AES in Simulated Vehicle-to-Pedestrian Collisions,3
The future of fuels: Uncertainty quantification study of mid-century ammonia and methanol production costs,7
Contactless Rotor Ground Fault Detection Method for Brushless Synchronous Machines Based on an AC/DC Rotating Current Sensor,9
Plasticization of poly(3-hydroxybutyrate) with biobased terpenoid esters of geraniol,9
Physics Perception in Sloshing Scenes With Guaranteed Thermodynamic Consistency,9
Neural Network Layer Algebra: A Framework to Measure Capacity and Compression in Deep Learning,9
ICE: Implicit Coordinate Encoder for Multiple Image Neural Representation,9
Theoretical Prediction of Electrical Conductivity Percolation of Poly(lactic acid)-Carbon Nanotube Composites in DC and RF Regime,9
Life Cycle Environmental Evaluation of Alternative Solvents Used in Lipid ExtractionThe Case of Algae Biodiesel,12
Green solvents extraction-based detoxification to enhance the enzymatic hydrolysis of steam-exploded lignocellulosic biomass and recover bioactive compounds,12
Plasticized Mechanical Recycled PLA Films Reinforced with Microbial Cellulose Particles Obtained from Kombucha Fermented in Yerba Mate Waste,12
Encapsulation of SALEN- and SALHD-Mn(III) complexes in an Al-pillared clay for bicarbonate-assisted catalytic epoxidation of cyclohexene,9
Effect of dopants on the structure of titanium oxide used as a photocatalyst for the removal of emergent contaminants,9
Automated assessment and monitoring support for competency-based courses,4
Automated Assessment of Computer Programming Practices: The 8-Years UNED Experience,4
Beam test studies of 3D pixel sensors irradiated non-uniformly for the ATLAS forward physics detector,9
The effect of ultrafast heating rate on the elemental distribution between phases in a low carbon steel,9
Towards airborne thermography via low-cost thermopile infrared sensors,9
Comparison of extended-range and conventional Bonner Sphere Spectrometers (BSS) in an AmBe neutron field – Applicability of the ReBUNKI unfolding code for extended-range BSS,9
Assessment of the Madrid region air quality zoning based on mesoscale modelling and k-means clustering,11
Seismic response of a RC structure with new self-centering metallic dampers under biaxial near-field ground motions: Shake table tests,9
"Computational spectrometry and dosimetry, of neutrons and γ rays, outside a subcritical nuclear reactor with water and polyethylene moderators",7
Sobolev orthogonality of polynomial solutions of second-order partial differential equations,9
"Assessing on-road emissions from urban buses in different traffic congestion scenarios by integrating real-world driving, traffic, and emissions data",11
Improvement in Inter-Turn Faults Detection in Poles of Synchronous Machines by FRA Grounding Connection,9
THERMAL EVALUATION OF A SOLAR POWER TOWER EXTERNAL RECEIVER WITH LIQUID METAL AS HEAT TRANSFER FLUID IN NORTHERN CHILE,7
Influence of the solid titanium source on the activity of La1−xTixFeO3 photo-CWPO catalysts under UV-A light,7
Submodelling approach to screw-to-bone interaction in additively manufactured subperiosteal implant structures,3
An Extreme Edge Low Power Device with Wavelet-based Compression for Physiological signals,3
"Room temperature stability, structure and mechanical properties of cubic tungsten carbide in flash sintered products",9
Role of surface carbon nanolayer on the activation of flash sintering in tungsten carbide,9
Academic-Startup Partnerships to Creating Mutual Value,4
Contribution of the thermal inertia of trains to the primary frequency control of electric power systems,9
"Estimation with Monte Carlo of thermal neutrons in the FANT, using 252Cf and 241Am/9Be neutron source",7
Biomedical Bauhaus: Utopian Dream or Health and Educational Breakthrough Digital Object,3
On the mechanics of MQXFB-the low-beta quadrupole for the HL-LHC,9
Analysis of Geometry and Field Quality along the Series Production of the 11 T Dipole for the High Luminosity LHC,9
The Use of Grading in Nb3Sn High-Field Block-Coil Dipoles,9
Powering Performance and Endurance beyond Design Limits of HL-LHC Low-Beta Quadrupole Model Magnets,9
Pre-Load Studies on a 2-m Long Nb3Sn 11 T Model Magnet for the High Luminosity Upgrade of the LHC,9
Mechanical Characterization of Low-Carbon Steels for High-Field Accelerator Magnets: Application to Nb3Sn Low-β Quadrupole MQXF,9
"Construction and Test of the Enhanced Racetrack Model Coil, First CERN R&D Magnet for the FCC",9
Status of the MQXFB Nb<sub>3</sub>Sn quadrupoles for the HL-LHC,9
Autonomous 3D Thermal Mapping of Disaster Environments for Victims Detection,3
The impact of wildfires on air pollution and health across land use categories in Brazil over a 16-year period,3
A Freelancer-Supported Requirement Engineering Framework for Software Start-Ups,8
"Connecting Dots Between Entrepreneurs, Research Publishers, and Software Engineering Researchers: An Outcome of Mixed Methods Empirical Research",8
Fast and Accurate Analytical Thermal Modeling for Planar PCB Magnetic Components,9
Automatic Classification of Field Winding Faults in Synchronous Motors based on Bicoherence Image Segmentation and Higher Order Statistics of Stray Flux Signals,9
"Detection of Rotor Field Winding, Damper Bar, and Eccentricity Faults in Salient Pole Synchronous Machines with the Pole Drop Test",9
Densest packing of flexible polymers in 2D films,9
Photocatalytic Synthesis of Hydrogen Peroxide from Molecular Oxygen and Water,7
Estimates of population exposure to atmospheric pollution and health-related externalities in a real city: The impact of spatial resolution on the accuracy of results,3
A collaborative effort-benefit- value analysis model to support requirements reuse for software requirements prioritization,9
A comparative analysis of evolutionary algorithms for data classification using KEEL tool,9
Multimedia Prototyping for Early-Stage Startups Endurance: Stage for New Normal?,9
Library social networking sites for fostering startup business globalization through strategic partnerships,8
The Impact and Measurement of Today's Learning Technologies in Teaching Software Engineering Course Using Design-Based Learning and Project-Based Learning,4
"Strategic Prototyping Technology Adoption in Startups: Framework, Challenges, and Opportunities",8
Social networking sites adoption among entrepreneurial librarians for globalizing startup business operations,8
Global Requirement Engineering Through Secondary Market Research: Lessons From Real Consulting Projects,8
Foreign Embassies Internationalization support for Small and Medium-Sized Enterprises: Need to balance Innovation Strategy &amp; Innovation Support Policies,8
Microbiologically influenced corrosion on naval carbon steel inside the hull of tugboats: a case study of prevention and control,9
Influence of Gaunt factors on the calculation of the Stark broadening parameters for 56 spectral lines of V II with high industrial and astrophysical interest,9
Fractal mixtures for optimal heat draining,9
On the feasibility of a component-based approach to predict aerodynamic noise from high-speed train bogies,9
Blackbox Small-Signal Modeling of Grid-Connected Inverters in Asymmetrical Power Grids,7
Characterization of the interface in a fiber-reinforced polymer composite using a novel single-fiber microcantilever test,9
Anticipating APIs solubility in natural eutectic solvents: Lidocaine and caffeine case studies,3
CHALLENGES FOR THE DEVELOPMENT OF NUMERICAL MODELS FOR METHANE PYROLYSIS WITH LIQUID METAL REACTORS,9
Capacitive Based Isolated 1:1 Resonant Switched Capacitor DC-DC Converter,9
On-line Monitoring of Maximum Temperature and Loss Distribution of a Medium Frequency Transformer Using Artificial Neural Networks,9
Life Cycle Assessment of sulfate radical based-AOPs for wastewater disinfection,6
Novel Three Phase to Single Phase Matrix Converter Modulation Strategy for Bidirectional Inductive Power Transfer,9
Trade-Off Between Accuracy and Computational Time for Magnetics Thermal Model Based on Artificial Neural Networks (ANN),9
High aspect-ratio sub-500 nm UV-PDMS bilayer stamps by means of hybrid thermal-ultraviolet curing for resonant nanopillars fabrication through soft UV-NIL,9
Perspectives on the use of biochar in the valorization of mining wastes from sulfide minerals flotation: Recovery of metals and effects on toxicity,12
“Sustainable open-source medical devices manufactured with green biomaterials and accessible resources”,3
Influence of post-weld heat treatments on the formation of the sigma phase and the corrosion resistance of S32001 steel,9
Risk reduction by means of FLEX strategies in pressurized water reactors,3
Developing an improved optical biosensing system based on gold nanoparticles acting as interferometric enhancers in Lactoferrin detection,3
Safety margins improvement by means of the passive second stage hydroaccumulators in a VVER-1000/V320 reactor,7
Microstructural and mechanical properties at the submicrometric length scale under service-like working conditions on ground WC-Co grades,9
Design and Kinematic Modeling of a Soft Continuum Telescopic Arm for the Self-Assembly Mechanism of a Modular Robot,9
Techno-economic and Environmental Analysis of Algae Biodiesel Production via Lipid Extraction Using Alternative Solvents,12
Scaled charges for ions: An improvement but not the final word for modeling electrolytes in water,9
The National Technology Implementation Index,9
Influence of flange geometric configuration and bolt stress on joint integrity during assembly using FEA,9
Towards low-cost soot pyrometry in laminar flames using broadband emission measurements and Artificial Neural Networks,9
Erasing of the Free Induction Decay by Incoherent Ionization Injection,9
Sputter yield reduction and fluence stability of numerically optimized nanocolumnar tungsten surfaces,9
Electrohydrodynamic devices for ionic wind generation and airborne positive-strand RNA viruses inactivation by nonthermal atmospheric plasma,7
Growth rate of CO2 and CH4 hydrates by means of molecular dynamics simulations,13
SpecUnPy: A python GUI/App for neutron spectrum unfolding,9
Order-chaos transition in correlation diagrams and quantization of period orbits,9
Chameleon: a cloud computing Industry 4.0 neutron spectrum unfolding code,9
"Pilot-scale sulfate radical-based advanced oxidation for wastewater reuse: simultaneous disinfection, removal of contaminants of emerging concern, and antibiotic resistance genes",6
Reducing CO2 emissions in the copper smelting process by using high-temperature solar heat: Tecno-economic assessment,13
"The Bàlitx landslide (Mallorca, Spain) and its possible seismic origin: Active spreading since the Late Pleistocene; [El deslizamiento de Bàlitx (Mallorca) y su posible origen sísmico. Procesos activos desde el Pleistoceno superior]",9
Seismic hazard of the granada fault; [Peligrosidad sísmica de la falla de granada],9
Estimating location and magnitude of pre-instrumental earthquakes by the study of slope instabilities: The Güevéjar landslide case (Granada); [Estimación de la localización y la magnitud de terremotos pre-instrumentales mediante el estudio de inestabilidades de ladera: El caso del deslizamiento de Güevéjar (Granada)],9
Unibotics: open ROS-based online framework for practical learning of robotics in higher education,4
Predicting Partition Coefficients in Organic Biphasic Systems Using COSMO-RS,9
"Computational Sensing, Understanding, and Reasoning: An Artificial Intelligence Approach to Physics-Informed World Modeling",9
The Impact of Emergency Remote Teaching on Students’ Stress and Satisfaction in Project-Based Learning Experiences,4
Towards a Quality Standardized Technological Education in Spain: A Case Study With EFL Preservice Teachers,4
Use of bacterial cellulose obtained from kombucha fermentation in spent coffee grounds for active composites based on PLA and maleinized linseed oil,12
Brushless Synchronous Machine Field Winding Interturn Fault Severity Estimation through Deep Neural Networks,9
Development of Mn or Fe sulfides in the interlayer space of raw and Al-pillared bentonite,9
Understanding and Machine Consciousness,9
